/*
SQLyog Community v13.1.7 (64 bit)
MySQL - 10.4.25-MariaDB : Database - devotion_db
*********************************************************************
*/

/*!40101 SET NAMES utf8 */;

/*!40101 SET SQL_MODE=''*/;

/*!40014 SET @OLD_UNIQUE_CHECKS=@@UNIQUE_CHECKS, UNIQUE_CHECKS=0 */;
/*!40014 SET @OLD_FOREIGN_KEY_CHECKS=@@FOREIGN_KEY_CHECKS, FOREIGN_KEY_CHECKS=0 */;
/*!40101 SET @OLD_SQL_MODE=@@SQL_MODE, SQL_MODE='NO_AUTO_VALUE_ON_ZERO' */;
/*!40111 SET @OLD_SQL_NOTES=@@SQL_NOTES, SQL_NOTES=0 */;
CREATE DATABASE /*!32312 IF NOT EXISTS*/`devotion_db` /*!40100 DEFAULT CHARACTER SET utf8mb4 COLLATE utf8mb4_unicode_ci */;

USE `devotion_db`;

/*Table structure for table `advises` */

DROP TABLE IF EXISTS `advises`;

CREATE TABLE `advises` (
  `advise_id` int(6) NOT NULL AUTO_INCREMENT,
  `user_id` int(6) DEFAULT NULL,
  `teacher_id` int(6) DEFAULT NULL,
  `question` text DEFAULT NULL,
  `answer` text DEFAULT NULL,
  `movie_file` varchar(255) DEFAULT NULL,
  `answer_movie_file` varchar(255) DEFAULT NULL,
  `visible` int(1) DEFAULT NULL,
  `create_date` datetime DEFAULT NULL,
  `update_date` datetime DEFAULT NULL,
  PRIMARY KEY (`advise_id`) USING BTREE
) ENGINE=InnoDB AUTO_INCREMENT=23 DEFAULT CHARSET=utf8 ROW_FORMAT=DYNAMIC;

/*Data for the table `advises` */

insert  into `advises`(`advise_id`,`user_id`,`teacher_id`,`question`,`answer`,`movie_file`,`answer_movie_file`,`visible`,`create_date`,`update_date`) values 
(12,36,1,'ssssssssssssssss',NULL,'advise-video20211024120036490110.mp4',NULL,1,'2021-10-24 12:03:52','2021-10-24 12:03:52'),
(13,36,2,'555555555555555',NULL,'advise-video20211024120036490110.mp4',NULL,1,'2021-10-24 12:05:08','2021-10-24 12:05:08'),
(14,37,6,'qwerqweqrwer',NULL,'advise-video20211025235717006856.mp4',NULL,1,'2021-10-26 00:00:46','2021-10-26 00:00:46'),
(15,37,9,'zzzzzzzzzzzzzzzzzzzzzzz\nssssssssssssssss',NULL,NULL,NULL,1,'2021-10-26 05:40:34','2021-10-26 05:40:34'),
(16,37,15,'777777777777',NULL,'advise-video20211026054513545096.mp4',NULL,1,'2021-10-26 05:48:39','2021-10-26 05:48:39'),
(17,37,2,'12312312312312',NULL,NULL,NULL,1,'2021-10-26 06:12:48','2021-10-26 06:12:48'),
(18,58,9,'sad',NULL,'advise-video20211104002934213450.mp4',NULL,1,'2021-11-04 09:29:37','2021-11-04 09:29:37'),
(19,59,2,'テスト',NULL,'advise-video20211107130259743242.mp4',NULL,1,'2021-11-07 13:03:00','2021-11-07 13:03:00'),
(20,59,2,'動画',NULL,'advise-video20211107161637238971.mp4',NULL,1,'2021-11-07 16:16:37','2021-11-07 16:16:37'),
(21,59,2,'テストですね','999','advise-video20211107192505954617.mp4','advise-video20211110181436038504.mp4',1,'2021-11-07 19:25:06','2021-11-10 18:15:22'),
(22,62,8,'テスト中',NULL,'advise-video20211107192509099325.mp4',NULL,1,'2021-11-07 19:25:09','2021-11-07 19:25:09');

/*Table structure for table `app_versions` */

DROP TABLE IF EXISTS `app_versions`;

CREATE TABLE `app_versions` (
  `id` int(6) NOT NULL AUTO_INCREMENT,
  `app_id` varchar(255) DEFAULT NULL,
  `os_type` varchar(255) DEFAULT NULL,
  `version_no` varchar(10) DEFAULT NULL,
  `build_no` varchar(10) DEFAULT NULL,
  `test_flag` int(1) NOT NULL,
  `create_date` datetime DEFAULT NULL,
  `update_date` datetime DEFAULT NULL,
  PRIMARY KEY (`id`) USING BTREE
) ENGINE=InnoDB AUTO_INCREMENT=5 DEFAULT CHARSET=utf8 ROW_FORMAT=DYNAMIC;

/*Data for the table `app_versions` */

insert  into `app_versions`(`id`,`app_id`,`os_type`,`version_no`,`build_no`,`test_flag`,`create_date`,`update_date`) values 
(1,'com.cloud.posandroid','android','1.0.1','3',0,'2021-08-13 19:13:55','2021-08-13 19:13:59'),
(2,'com.cloud.posandroid','android','1.0.2','4',0,'2021-08-16 23:48:14','2021-08-16 23:48:16'),
(3,'com.cloud.posandroid','android','1.0.3','56',0,'2021-10-12 15:28:02','2021-10-12 18:28:05'),
(4,'cloud.pos.appios','ios','1.0.2','64',0,'2021-09-01 08:22:21','2021-09-01 08:22:21');

/*Table structure for table `attendances` */

DROP TABLE IF EXISTS `attendances`;

CREATE TABLE `attendances` (
  `attendance_id` int(6) NOT NULL AUTO_INCREMENT,
  `organ_id` int(6) DEFAULT NULL,
  `staff_id` int(6) NOT NULL,
  `attendance_status` int(1) DEFAULT NULL,
  `attendance_time` datetime DEFAULT NULL,
  `visible` int(1) DEFAULT NULL,
  `create_date` datetime DEFAULT NULL,
  `update_date` datetime DEFAULT NULL,
  PRIMARY KEY (`attendance_id`) USING BTREE
) ENGINE=InnoDB AUTO_INCREMENT=200 DEFAULT CHARSET=utf8 ROW_FORMAT=DYNAMIC;

/*Data for the table `attendances` */

insert  into `attendances`(`attendance_id`,`organ_id`,`staff_id`,`attendance_status`,`attendance_time`,`visible`,`create_date`,`update_date`) values 
(1,1,6,1,'2021-08-25 01:23:57',1,'2021-08-25 01:23:57','2021-08-25 01:23:57'),
(2,1,6,2,'2021-08-25 01:47:53',1,'2021-08-25 01:47:53','2021-08-25 01:47:53'),
(3,1,6,1,'2021-08-25 01:48:39',1,'2021-08-25 01:48:39','2021-08-25 01:48:39'),
(4,1,6,2,'2021-08-25 01:49:59',1,'2021-08-25 01:49:59','2021-08-25 01:49:59'),
(5,1,6,1,'2021-08-25 01:51:18',1,'2021-08-25 01:51:18','2021-08-25 01:51:18'),
(6,1,6,2,'2021-08-25 02:02:25',1,'2021-08-25 02:02:25','2021-08-25 02:02:25'),
(7,1,6,1,'2021-08-25 08:38:24',1,'2021-08-25 08:38:24','2021-08-25 08:38:24'),
(8,1,2,1,'2021-08-25 12:47:02',1,'2021-08-25 12:47:02','2021-08-25 12:47:02'),
(9,1,7,1,'2021-08-25 14:01:59',1,'2021-08-25 14:01:59','2021-08-25 14:01:59'),
(10,1,2,2,'2021-08-25 18:55:09',1,'2021-08-25 18:55:09','2021-08-25 18:55:09'),
(11,1,2,1,'2021-09-01 17:27:13',1,'2021-09-01 17:27:13','2021-09-01 17:27:13'),
(12,20,22,1,'2021-09-04 01:11:46',1,'2021-09-04 01:11:46','2021-09-04 01:11:46'),
(13,20,22,2,'2021-09-04 01:11:52',1,'2021-09-04 01:11:52','2021-09-04 01:11:52'),
(14,1,2,2,'2021-09-13 09:40:58',1,'2021-09-13 09:40:58','2021-09-13 09:40:58'),
(15,1,2,1,'2021-09-13 09:41:03',1,'2021-09-13 09:41:03','2021-09-13 09:41:03'),
(16,1,2,2,'2021-10-10 09:04:11',1,'2021-10-10 09:04:11','2021-10-10 09:04:11'),
(17,1,2,1,'2021-10-10 09:45:26',1,'2021-10-10 09:45:26','2021-10-10 09:45:26'),
(18,1,2,1,'2021-10-10 09:45:26',1,'2021-10-10 09:45:26','2021-10-10 09:45:26'),
(19,1,2,2,'2021-10-10 09:45:33',1,'2021-10-10 09:45:33','2021-10-10 09:45:33'),
(20,2,2,1,'2021-10-10 09:45:38',1,'2021-10-10 09:45:38','2021-10-10 09:45:38'),
(21,2,2,2,'2021-10-10 10:02:08',1,'2021-10-10 10:02:08','2021-10-10 10:02:08'),
(22,1,2,1,'2021-10-10 10:02:14',1,'2021-10-10 10:02:14','2021-10-10 10:02:14'),
(23,1,2,2,'2021-10-10 10:02:47',1,'2021-10-10 10:02:47','2021-10-10 10:02:47'),
(24,2,2,1,'2021-10-10 10:03:59',1,'2021-10-10 10:03:59','2021-10-10 10:03:59'),
(25,2,2,2,'2021-10-10 10:04:01',1,'2021-10-10 10:04:01','2021-10-10 10:04:01'),
(26,1,2,1,'2021-10-10 14:24:01',1,'2021-10-10 14:24:01','2021-10-10 14:24:01'),
(27,1,2,2,'2021-10-16 22:32:40',1,'2021-10-16 22:32:40','2021-10-16 22:32:40'),
(28,1,7,2,'2021-10-17 14:53:33',1,'2021-10-17 14:53:33','2021-10-17 14:53:33'),
(29,1,2,1,'2021-10-17 14:53:33',1,'2021-10-18 22:24:08','2021-10-18 22:24:11'),
(30,1,2,2,'2021-10-23 17:47:00',1,'2021-10-23 17:47:00','2021-10-23 17:47:00'),
(31,10,3,1,'2021-10-23 19:48:25',1,'2021-10-23 19:48:25','2021-10-23 19:48:25'),
(32,10,3,2,'2021-10-23 19:48:29',1,'2021-10-23 19:48:29','2021-10-23 19:48:29'),
(33,10,3,1,'2021-10-23 19:50:37',1,'2021-10-23 19:50:37','2021-10-23 19:50:37'),
(34,10,3,2,'2021-10-23 19:50:41',1,'2021-10-23 19:50:41','2021-10-23 19:50:41'),
(35,10,3,1,'2021-10-23 20:08:45',1,'2021-10-23 20:08:45','2021-10-23 20:08:45'),
(36,10,3,2,'2021-10-23 20:08:47',1,'2021-10-23 20:08:47','2021-10-23 20:08:47'),
(37,10,3,1,'2021-10-23 20:13:04',1,'2021-10-23 20:13:04','2021-10-23 20:13:04'),
(38,10,3,2,'2021-10-23 22:34:31',1,'2021-10-23 22:34:31','2021-10-23 22:34:31'),
(39,10,3,1,'2021-10-23 22:34:47',1,'2021-10-23 22:34:47','2021-10-23 22:34:47'),
(40,10,3,2,'2021-10-23 22:35:26',1,'2021-10-23 22:35:26','2021-10-23 22:35:26'),
(41,10,3,1,'2021-10-24 07:34:28',1,'2021-10-24 07:34:28','2021-10-24 07:34:28'),
(42,10,3,2,'2021-10-24 07:34:30',1,'2021-10-24 07:34:30','2021-10-24 07:34:30'),
(43,4,3,1,'2021-10-27 15:31:19',1,'2021-10-27 15:31:19','2021-10-27 15:31:19'),
(44,4,28,1,'2021-10-28 15:24:54',1,'2021-10-28 15:24:54','2021-10-28 15:24:54'),
(45,4,40,1,'2021-10-28 15:49:23',1,'2021-10-28 15:49:23','2021-10-28 15:49:23'),
(46,4,27,1,'2021-10-28 15:50:59',1,'2021-10-28 15:50:59','2021-10-28 15:50:59'),
(47,4,27,1,'2021-10-28 15:51:01',1,'2021-10-28 15:51:01','2021-10-28 15:51:01'),
(48,4,44,1,'2021-11-07 16:24:50',1,'2021-11-07 16:24:50','2021-11-07 16:24:50'),
(49,4,27,2,'2021-11-08 12:20:02',1,'2021-11-08 12:20:02','2021-11-08 12:20:02'),
(50,1,2,1,'2021-12-01 14:29:25',1,'2021-12-01 14:29:25','2021-12-01 14:29:25'),
(51,4,44,2,'2021-12-02 18:37:35',1,'2021-12-02 18:37:35','2021-12-02 18:37:35'),
(52,4,44,1,'2021-12-02 18:37:46',1,'2021-12-02 18:37:46','2021-12-02 18:37:46'),
(53,4,40,2,'2021-12-10 21:03:28',1,'2021-12-10 21:03:28','2021-12-10 21:03:28'),
(54,4,27,1,'2021-12-14 15:08:37',1,'2021-12-14 15:08:37','2021-12-14 15:08:37'),
(55,4,42,1,'2021-12-21 14:47:16',1,'2021-12-21 14:47:16','2021-12-21 14:47:16'),
(56,4,31,1,'2022-01-23 21:54:56',1,'2022-01-23 21:54:56','2022-01-23 21:54:56'),
(57,4,3,2,'2022-02-10 08:52:49',1,'2022-02-10 08:52:49','2022-02-10 08:52:49'),
(58,4,3,1,'2022-02-10 08:53:07',1,'2022-02-10 08:53:07','2022-02-10 08:53:07'),
(59,4,44,2,'2022-02-10 09:08:25',1,'2022-02-10 09:08:25','2022-02-10 09:08:25'),
(60,4,44,1,'2022-02-12 16:05:03',1,'2022-02-12 16:05:03','2022-02-12 16:05:03'),
(61,4,27,2,'2022-02-13 12:40:52',1,'2022-02-13 12:40:52','2022-02-13 12:40:52'),
(62,4,27,1,'2022-02-15 13:53:59',1,'2022-02-15 13:53:59','2022-02-15 13:53:59'),
(63,4,27,2,'2022-02-15 13:54:02',1,'2022-02-15 13:54:02','2022-02-15 13:54:02'),
(64,4,44,2,'2022-02-18 18:53:09',1,'2022-02-18 18:53:09','2022-02-18 18:53:09'),
(65,4,44,1,'2022-03-11 19:41:38',1,'2022-03-11 19:41:38','2022-03-11 19:41:38'),
(66,4,44,2,'2022-03-11 19:41:41',1,'2022-03-11 19:41:41','2022-03-11 19:41:41'),
(67,4,44,1,'2022-03-11 19:41:50',1,'2022-03-11 19:41:50','2022-03-11 19:41:50'),
(68,4,44,2,'2022-03-11 19:41:57',1,'2022-03-11 19:41:57','2022-03-11 19:41:57'),
(69,4,50,1,'2022-03-11 19:48:23',1,'2022-03-11 19:48:23','2022-03-11 19:48:23'),
(70,4,50,2,'2022-03-11 19:48:32',1,'2022-03-11 19:48:32','2022-03-11 19:48:32'),
(71,4,50,1,'2022-03-11 19:48:51',1,'2022-03-11 19:48:51','2022-03-11 19:48:51'),
(72,4,44,1,'2022-03-11 19:49:36',1,'2022-03-11 19:49:36','2022-03-11 19:49:36'),
(73,4,50,2,'2022-03-12 12:51:17',1,'2022-03-12 12:51:17','2022-03-12 12:51:17'),
(74,4,50,1,'2022-03-12 12:51:24',1,'2022-03-12 12:51:24','2022-03-12 12:51:24'),
(75,4,50,2,'2022-03-12 12:51:53',1,'2022-03-12 12:51:53','2022-03-12 12:51:53'),
(76,4,50,1,'2022-03-12 12:57:41',1,'2022-03-12 12:57:41','2022-03-12 12:57:41'),
(77,4,50,2,'2022-03-12 13:06:10',1,'2022-03-12 13:06:10','2022-03-12 13:06:10'),
(78,4,50,1,'2022-03-12 13:06:23',1,'2022-03-12 13:06:23','2022-03-12 13:06:23'),
(79,4,50,2,'2022-03-12 14:01:31',1,'2022-03-12 14:01:31','2022-03-12 14:01:31'),
(80,4,50,1,'2022-03-12 17:06:05',1,'2022-03-12 17:06:05','2022-03-12 17:06:05'),
(81,4,50,2,'2022-03-13 15:15:23',1,'2022-03-13 15:15:23','2022-03-13 15:15:23'),
(82,4,50,1,'2022-03-13 15:15:28',1,'2022-03-13 15:15:28','2022-03-13 15:15:28'),
(83,4,50,2,'2022-03-14 09:38:19',1,'2022-03-14 09:38:19','2022-03-14 09:38:19'),
(84,4,50,1,'2022-03-14 09:38:36',1,'2022-03-14 09:38:36','2022-03-14 09:38:36'),
(85,4,50,2,'2022-03-14 10:18:54',1,'2022-03-14 10:18:54','2022-03-14 10:18:54'),
(86,4,54,1,'2022-03-14 16:55:28',1,'2022-03-14 16:55:28','2022-03-14 16:55:28'),
(87,4,50,1,'2022-03-17 11:31:13',1,'2022-03-17 11:31:13','2022-03-17 11:31:13'),
(88,4,50,2,'2022-03-17 15:29:12',1,'2022-03-17 15:29:12','2022-03-17 15:29:12'),
(89,4,50,1,'2022-03-17 15:41:36',1,'2022-03-17 15:41:36','2022-03-17 15:41:36'),
(90,4,54,2,'2022-03-17 19:57:28',1,'2022-03-17 19:57:28','2022-03-17 19:57:28'),
(91,4,50,2,'2022-03-18 18:10:45',1,'2022-03-18 18:10:45','2022-03-18 18:10:45'),
(92,4,50,1,'2022-03-18 18:13:46',1,'2022-03-18 18:13:46','2022-03-18 18:13:46'),
(93,4,50,2,'2022-03-18 18:18:05',1,'2022-03-18 18:18:05','2022-03-18 18:18:05'),
(94,4,50,1,'2022-03-18 18:18:27',1,'2022-03-18 18:18:27','2022-03-18 18:18:27'),
(95,4,50,2,'2022-03-18 18:23:21',1,'2022-03-18 18:23:21','2022-03-18 18:23:21'),
(96,4,50,1,'2022-03-18 18:24:37',1,'2022-03-18 18:24:37','2022-03-18 18:24:37'),
(97,1,13,1,'2022-03-19 21:58:14',1,'2022-03-19 21:58:14','2022-03-19 21:58:14'),
(98,1,1,1,'2022-03-19 21:59:18',1,'2022-03-19 21:59:18','2022-03-19 21:59:18'),
(99,1,13,2,'2022-03-19 22:00:30',1,'2022-03-19 22:00:30','2022-03-19 22:00:30'),
(100,4,3,2,'2022-03-21 17:58:43',1,'2022-03-21 17:58:43','2022-03-21 17:58:43'),
(101,4,3,1,'2022-03-21 17:58:59',1,'2022-03-21 17:58:59','2022-03-21 17:58:59'),
(102,4,50,2,'2022-03-23 17:14:39',1,'2022-03-23 17:14:39','2022-03-23 17:14:39'),
(103,4,50,1,'2022-03-23 17:14:47',1,'2022-03-23 17:14:47','2022-03-23 17:14:47'),
(104,4,50,2,'2022-03-23 17:14:59',1,'2022-03-23 17:14:59','2022-03-23 17:14:59'),
(105,4,50,1,'2022-03-23 19:06:54',1,'2022-03-23 19:06:54','2022-03-23 19:06:54'),
(106,4,50,2,'2022-03-23 19:07:12',1,'2022-03-23 19:07:12','2022-03-23 19:07:12'),
(107,4,44,2,'2022-03-23 19:19:20',1,'2022-03-23 19:19:20','2022-03-23 19:19:20'),
(108,4,44,1,'2022-03-23 19:19:33',1,'2022-03-23 19:19:33','2022-03-23 19:19:33'),
(109,4,50,1,'2022-03-24 14:53:49',1,'2022-03-24 14:53:49','2022-03-24 14:53:49'),
(110,4,50,2,'2022-03-24 14:53:51',1,'2022-03-24 14:53:51','2022-03-24 14:53:51'),
(111,4,25,1,'2022-03-24 15:59:48',1,'2022-03-24 15:59:48','2022-03-24 15:59:48'),
(112,4,31,2,'2022-03-24 16:48:17',1,'2022-03-24 16:48:17','2022-03-24 16:48:17'),
(113,4,31,1,'2022-03-24 16:49:10',1,'2022-03-24 16:49:10','2022-03-24 16:49:10'),
(114,4,50,1,'2022-03-24 17:06:05',1,'2022-03-24 17:06:05','2022-03-24 17:06:05'),
(115,4,50,2,'2022-03-25 10:15:16',1,'2022-03-25 10:15:16','2022-03-25 10:15:16'),
(116,30,50,1,'2022-03-25 12:11:24',1,'2022-03-25 12:11:24','2022-03-25 12:11:24'),
(117,30,50,2,'2022-03-25 12:11:27',1,'2022-03-25 12:11:27','2022-03-25 12:11:27'),
(118,4,50,1,'2022-03-25 14:31:33',1,'2022-03-25 14:31:33','2022-03-25 14:31:33'),
(119,4,50,2,'2022-03-25 14:35:38',1,'2022-03-25 14:35:38','2022-03-25 14:35:38'),
(120,4,50,1,'2022-03-25 14:45:55',1,'2022-03-25 14:45:55','2022-03-25 14:45:55'),
(121,4,41,1,'2022-03-29 17:46:04',1,'2022-03-29 17:46:04','2022-03-29 17:46:04'),
(122,4,41,2,'2022-03-30 07:55:57',1,'2022-03-30 07:55:57','2022-03-30 07:55:57'),
(123,4,50,2,'2022-04-01 11:31:27',1,'2022-04-01 11:31:27','2022-04-01 11:31:27'),
(124,4,50,1,'2022-04-18 17:17:40',1,'2022-04-18 17:17:40','2022-04-18 17:17:40'),
(125,4,41,1,'2022-04-18 17:41:03',1,'2022-04-18 17:41:03','2022-04-18 17:41:03'),
(126,4,50,2,'2022-04-19 10:00:56',1,'2022-04-19 10:00:56','2022-04-19 10:00:56'),
(127,4,50,1,'2022-04-19 10:01:04',1,'2022-04-19 10:01:04','2022-04-19 10:01:04'),
(128,4,50,2,'2022-04-21 16:02:37',1,'2022-04-21 16:02:37','2022-04-21 16:02:37'),
(129,4,25,2,'2022-04-21 16:20:28',1,'2022-04-21 16:20:28','2022-04-21 16:20:28'),
(130,4,50,1,'2022-04-26 10:44:49',1,'2022-04-26 10:44:49','2022-04-26 10:44:49'),
(131,4,50,2,'2022-04-27 17:02:41',1,'2022-04-27 17:02:41','2022-04-27 17:02:41'),
(132,4,50,1,'2022-04-27 17:02:48',1,'2022-04-27 17:02:48','2022-04-27 17:02:48'),
(133,4,50,2,'2022-05-02 09:34:55',1,'2022-05-02 09:34:55','2022-05-02 09:34:55'),
(134,4,25,1,'2022-05-08 17:38:48',1,'2022-05-08 17:38:48','2022-05-08 17:38:48'),
(135,4,50,1,'2022-05-09 10:49:40',1,'2022-05-09 10:49:40','2022-05-09 10:49:40'),
(136,4,50,2,'2022-05-09 10:49:54',1,'2022-05-09 10:49:54','2022-05-09 10:49:54'),
(137,1,2,2,'2022-05-10 09:13:39',1,'2022-05-10 09:13:39','2022-05-10 09:13:39'),
(138,40,2,1,'2022-05-10 09:16:40',1,'2022-05-10 09:16:40','2022-05-10 09:16:40'),
(139,4,50,1,'2022-05-10 11:19:49',1,'2022-05-10 11:19:49','2022-05-10 11:19:49'),
(140,4,41,2,'2022-05-11 18:17:50',1,'2022-05-11 18:17:50','2022-05-11 18:17:50'),
(141,4,50,2,'2022-05-14 11:57:52',1,'2022-05-14 11:57:52','2022-05-14 11:57:52'),
(142,4,50,1,'2022-05-14 11:57:58',1,'2022-05-14 11:57:58','2022-05-14 11:57:58'),
(143,40,2,2,'2022-05-17 23:36:42',1,'2022-05-17 23:36:42','2022-05-17 23:36:42'),
(144,40,2,2,'2022-05-17 23:36:55',1,'2022-05-17 23:36:55','2022-05-17 23:36:55'),
(145,40,2,1,'2022-05-17 23:50:11',1,'2022-05-17 23:50:11','2022-05-17 23:50:11'),
(146,4,50,2,'2022-05-22 09:25:41',1,'2022-05-22 09:25:41','2022-05-22 09:25:41'),
(147,4,62,1,'2022-05-31 15:46:58',1,'2022-05-31 15:46:58','2022-05-31 15:46:58'),
(148,4,62,2,'2022-05-31 15:58:36',1,'2022-05-31 15:58:36','2022-05-31 15:58:36'),
(149,4,40,1,'2022-06-02 15:45:01',1,'2022-06-02 15:45:01','2022-06-02 15:45:01'),
(150,4,27,1,'2022-06-02 16:03:02',1,'2022-06-02 16:03:02','2022-06-02 16:03:02'),
(151,4,40,2,'2022-06-03 11:06:43',1,'2022-06-03 11:06:43','2022-06-03 11:06:43'),
(152,4,40,1,'2022-06-03 11:06:52',1,'2022-06-03 11:06:52','2022-06-03 11:06:52'),
(153,4,31,2,'2022-06-03 11:06:55',1,'2022-06-03 11:06:55','2022-06-03 11:06:55'),
(154,4,42,2,'2022-06-03 11:06:55',1,'2022-06-03 11:06:55','2022-06-03 11:06:55'),
(155,4,62,1,'2022-06-03 11:07:01',1,'2022-06-03 11:07:01','2022-06-03 11:07:01'),
(156,4,31,1,'2022-06-03 11:14:04',1,'2022-06-03 11:14:04','2022-06-03 11:14:04'),
(157,4,42,1,'2022-06-03 11:16:38',1,'2022-06-03 11:16:38','2022-06-03 11:16:38'),
(158,4,41,1,'2022-06-03 11:16:50',1,'2022-06-03 11:16:50','2022-06-03 11:16:50'),
(159,4,42,2,'2022-06-03 12:35:53',1,'2022-06-03 12:35:53','2022-06-03 12:35:53'),
(160,4,42,1,'2022-06-03 12:36:01',1,'2022-06-03 12:36:01','2022-06-03 12:36:01'),
(161,42,61,1,'2022-06-05 21:20:53',1,'2022-06-05 21:20:53','2022-06-05 21:20:53'),
(162,40,2,2,'2022-06-05 21:28:54',1,'2022-06-05 21:28:54','2022-06-05 21:28:54'),
(163,1,1,2,'2022-06-07 02:56:27',1,'2022-06-07 02:56:27','2022-06-07 02:56:27'),
(164,4,1,1,'2022-06-07 02:58:48',1,'2022-06-07 02:58:48','2022-06-07 02:58:48'),
(165,4,1,2,'2022-06-07 02:59:35',1,'2022-06-07 02:59:35','2022-06-07 02:59:35'),
(166,4,1,1,'2022-06-07 02:59:44',1,'2022-06-07 02:59:44','2022-06-07 02:59:44'),
(167,4,1,2,'2022-06-07 02:59:47',1,'2022-06-07 02:59:47','2022-06-07 02:59:47'),
(168,4,1,1,'2022-06-07 03:02:29',1,'2022-06-07 03:02:29','2022-06-07 03:02:29'),
(169,4,1,2,'2022-06-07 03:09:10',1,'2022-06-07 03:09:10','2022-06-07 03:09:10'),
(170,4,1,1,'2022-06-07 03:23:38',1,'2022-06-07 03:23:38','2022-06-07 03:23:38'),
(171,4,1,2,'2022-06-07 03:23:54',1,'2022-06-07 03:23:54','2022-06-07 03:23:54'),
(172,2,1,1,'2022-06-07 03:25:58',1,'2022-06-07 03:25:58','2022-06-07 03:25:58'),
(173,2,1,2,'2022-06-07 03:26:00',1,'2022-06-07 03:26:00','2022-06-07 03:26:00'),
(174,4,1,1,'2022-06-07 03:26:14',1,'2022-06-07 03:26:14','2022-06-07 03:26:14'),
(175,4,1,2,'2022-06-18 17:21:06',1,'2022-06-18 17:21:06','2022-06-18 17:21:06'),
(176,4,27,2,'2022-06-21 17:52:38',1,'2022-06-21 17:52:38','2022-06-21 17:52:38'),
(177,4,27,1,'2022-06-21 19:01:13',1,'2022-06-21 19:01:13','2022-06-21 19:01:13'),
(178,4,27,2,'2022-06-22 16:24:46',1,'2022-06-22 16:24:46','2022-06-22 16:24:46'),
(179,10,1,1,'2022-06-29 11:22:09',1,'2022-06-29 11:22:09','2022-06-29 11:22:09'),
(180,10,1,2,'2022-06-29 16:44:49',1,'2022-06-29 16:44:49','2022-06-29 16:44:49'),
(181,10,1,1,'2022-06-29 16:45:32',1,'2022-06-29 16:45:32','2022-06-29 16:45:32'),
(182,4,27,1,'2022-07-05 09:15:01',1,'2022-07-05 09:15:01','2022-07-05 09:15:01'),
(183,4,27,2,'2022-07-05 09:15:13',1,'2022-07-05 09:15:13','2022-07-05 09:15:13'),
(184,4,27,1,'2022-07-05 14:14:25',1,'2022-07-05 14:14:25','2022-07-05 14:14:25'),
(185,4,27,2,'2022-07-07 13:17:55',1,'2022-07-07 13:17:55','2022-07-07 13:17:55'),
(186,4,27,1,'2022-07-07 13:18:12',1,'2022-07-07 13:18:12','2022-07-07 13:18:12'),
(187,4,27,2,'2022-07-08 14:35:49',1,'2022-07-08 14:35:49','2022-07-08 14:35:49'),
(188,4,27,1,'2022-07-09 02:11:15',1,'2022-07-09 02:11:15','2022-07-09 02:11:15'),
(189,4,27,2,'2022-07-09 02:11:20',1,'2022-07-09 02:11:20','2022-07-09 02:11:20'),
(190,4,27,1,'2022-07-09 02:11:26',1,'2022-07-09 02:11:26','2022-07-09 02:11:26'),
(191,20,19,1,'2022-08-01 22:48:06',1,'2022-08-01 22:48:06','2022-08-01 22:48:06'),
(192,4,27,2,'2022-08-20 17:53:25',1,'2022-08-20 17:53:25','2022-08-20 17:53:25'),
(193,4,27,1,'2022-08-20 17:53:47',1,'2022-08-20 17:53:47','2022-08-20 17:53:47'),
(194,4,27,2,'2022-08-20 17:58:36',1,'2022-08-20 17:58:36','2022-08-20 17:58:36'),
(195,4,27,1,'2022-08-20 21:49:00',1,'2022-08-20 21:49:00','2022-08-20 21:49:00'),
(196,4,28,2,'2022-08-25 10:38:34',1,'2022-08-25 10:38:34','2022-08-25 10:38:34'),
(197,4,41,2,'2022-08-25 13:00:44',1,'2022-08-25 13:00:44','2022-08-25 13:00:44'),
(198,4,40,2,'2022-08-25 13:01:19',1,'2022-08-25 13:01:19','2022-08-25 13:01:19'),
(199,4,3,2,'2022-08-25 16:59:37',1,'2022-08-25 16:59:37','2022-08-25 16:59:37');

/*Table structure for table `cards` */

DROP TABLE IF EXISTS `cards`;

CREATE TABLE `cards` (
  `id` int(6) NOT NULL AUTO_INCREMENT,
  `user_id` int(6) NOT NULL,
  `brand` varchar(255) DEFAULT NULL,
  `last_num` varchar(255) DEFAULT NULL,
  `exp_month` int(2) DEFAULT NULL,
  `exp_year` int(2) DEFAULT NULL,
  `type` varchar(255) DEFAULT NULL,
  `postal_code` varchar(255) DEFAULT NULL,
  `customer_id` varchar(255) DEFAULT NULL,
  `source_id` varchar(255) DEFAULT NULL,
  `create_date` datetime DEFAULT NULL,
  `update_date` datetime DEFAULT NULL,
  PRIMARY KEY (`id`) USING BTREE
) ENGINE=InnoDB AUTO_INCREMENT=12 DEFAULT CHARSET=utf8 ROW_FORMAT=DYNAMIC;

/*Data for the table `cards` */

insert  into `cards`(`id`,`user_id`,`brand`,`last_num`,`exp_month`,`exp_year`,`type`,`postal_code`,`customer_id`,`source_id`,`create_date`,`update_date`) values 
(7,188,'VISA','1111',11,2022,'CREDIT','10003','ZM8X5YCJG8X4N6NZ7MFFGVTQWR','ccof:ed1HXF8hznY9YOvn3GB','2022-07-16 18:08:06','2022-07-16 18:08:06'),
(8,188,'MASTERCARD','5100',5,2025,'CREDIT','10003','ZM8X5YCJG8X4N6NZ7MFFGVTQWR','ccof:wS1KSdC847pDbJkf4GB','2022-07-16 18:08:53','2022-07-16 18:08:53'),
(9,188,'JCB','5841',12,2024,'CREDIT','4500003','ZM8X5YCJG8X4N6NZ7MFFGVTQWR','ccof:CDnxMujRndt0Snmj3GB','2022-07-16 18:14:56','2022-07-16 18:14:56'),
(10,188,'AMERICAN_EXPRESS','0009',11,2025,'CREDIT','10003','ZM8X5YCJG8X4N6NZ7MFFGVTQWR','ccof:m7y7X6a8H1jnsGNf4GB','2022-07-17 14:06:59','2022-07-17 14:06:59'),
(11,188,'DISCOVER_DINERS','0004',3,2024,'CREDIT','10003','ZM8X5YCJG8X4N6NZ7MFFGVTQWR','ccof:gaDLDU7rVEWrgP6l4GB','2022-07-17 14:08:47','2022-07-17 14:08:47');

/*Table structure for table `cart_details` */

DROP TABLE IF EXISTS `cart_details`;

CREATE TABLE `cart_details` (
  `cart_detail_id` int(6) NOT NULL AUTO_INCREMENT,
  `cart_id` int(6) DEFAULT NULL,
  `ticket_id` int(6) DEFAULT NULL,
  `count` int(6) DEFAULT NULL,
  `create_date` datetime DEFAULT NULL,
  `update_date` datetime DEFAULT NULL,
  PRIMARY KEY (`cart_detail_id`) USING BTREE
) ENGINE=InnoDB AUTO_INCREMENT=107 DEFAULT CHARSET=utf8 ROW_FORMAT=DYNAMIC;

/*Data for the table `cart_details` */

insert  into `cart_details`(`cart_detail_id`,`cart_id`,`ticket_id`,`count`,`create_date`,`update_date`) values 
(32,20,14,2,'2022-01-29 01:26:30','2022-01-29 01:26:30'),
(33,21,14,1,'2022-02-01 04:29:35','2022-02-01 04:29:35'),
(35,22,14,2,'2022-02-04 17:54:02','2022-03-09 09:46:39'),
(38,24,14,1,'2022-02-12 21:59:59','2022-02-12 21:59:59'),
(39,23,14,1,'2022-02-13 10:55:48','2022-02-13 10:55:48'),
(40,25,14,1,'2022-02-14 16:33:25','2022-02-14 16:33:25'),
(41,26,14,1,'2022-02-26 17:57:25','2022-02-26 17:57:25'),
(42,27,19,1,'2022-03-04 04:11:14','2022-03-04 04:11:14'),
(43,28,14,1,'2022-03-07 15:32:07','2022-03-07 15:32:07'),
(44,29,19,2,'2022-03-07 17:59:34','2022-03-07 17:59:34'),
(45,30,19,1,'2022-03-08 07:22:43','2022-03-08 07:22:43'),
(47,32,21,1,'2022-03-09 18:02:32','2022-03-09 18:02:32'),
(48,33,14,1,'2022-03-10 19:27:30','2022-03-11 16:11:07'),
(49,33,16,1,'2022-03-11 16:11:03','2022-03-11 16:11:03'),
(50,34,15,1,'2022-03-11 16:16:53','2022-03-11 16:16:53'),
(51,35,21,1,'2022-03-12 14:58:01','2022-03-12 14:58:01'),
(52,36,21,1,'2022-03-12 23:34:45','2022-03-12 23:34:45'),
(53,37,14,1,'2022-03-12 23:58:14','2022-03-12 23:58:14'),
(54,38,14,1,'2022-03-24 09:04:55','2022-03-24 09:04:55'),
(57,40,14,1,'2022-03-28 15:20:31','2022-03-28 15:20:31'),
(58,41,14,1,'2022-05-03 11:04:24','2022-05-03 11:04:24'),
(59,42,14,3,'2022-05-03 11:09:21','2022-07-16 08:43:17'),
(60,43,14,2,'2022-05-15 16:03:01','2022-11-16 12:35:55'),
(61,44,16,1,'2022-05-31 03:07:43','2022-05-31 03:07:43'),
(62,45,14,1,'2022-07-16 09:07:23','2022-07-16 09:07:23'),
(63,46,14,1,'2022-07-16 09:21:47','2022-07-16 09:21:47'),
(64,47,14,1,'2022-07-16 09:37:16','2022-07-16 09:37:16'),
(65,48,14,1,'2022-07-16 09:43:09','2022-07-16 09:43:09'),
(66,49,14,1,'2022-07-16 09:55:33','2022-07-16 09:55:33'),
(67,50,14,1,'2022-07-16 09:56:51','2022-07-16 09:56:51'),
(68,51,14,2,'2022-07-16 09:58:30','2022-07-16 09:59:58'),
(69,52,14,1,'2022-07-16 10:00:59','2022-07-16 10:00:59'),
(70,53,14,1,'2022-07-16 10:02:19','2022-07-16 10:07:41'),
(71,54,14,1,'2022-07-16 13:07:33','2022-07-16 13:07:33'),
(72,55,14,1,'2022-07-16 13:09:12','2022-07-16 13:11:22'),
(73,56,14,1,'2022-07-16 13:42:08','2022-07-16 13:42:08'),
(74,57,14,2,'2022-07-16 14:39:42','2022-07-16 14:41:29'),
(75,58,14,1,'2022-07-16 14:55:31','2022-07-16 15:00:39'),
(76,59,14,1,'2022-07-16 15:03:22','2022-07-16 15:03:22'),
(77,60,14,1,'2022-07-16 15:05:36','2022-07-16 15:05:36'),
(80,61,14,1,'2022-07-16 17:03:20','2022-07-16 17:03:20'),
(81,62,14,1,'2022-07-16 17:14:22','2022-07-16 17:14:22'),
(82,63,14,1,'2022-07-16 17:14:54','2022-07-16 17:14:54'),
(83,64,14,1,'2022-07-16 17:15:17','2022-07-16 17:15:17'),
(84,65,14,1,'2022-07-16 17:16:24','2022-07-16 17:16:24'),
(85,66,14,1,'2022-07-16 18:00:29','2022-07-16 18:00:29'),
(86,67,14,1,'2022-07-16 18:07:44','2022-07-16 18:07:44'),
(87,68,14,1,'2022-07-16 18:08:09','2022-07-16 18:08:09'),
(88,69,16,1,'2022-07-16 18:08:58','2022-07-16 18:08:58'),
(89,70,14,1,'2022-07-16 18:09:29','2022-07-16 18:09:29'),
(90,71,14,1,'2022-07-16 18:09:41','2022-07-16 18:09:41'),
(91,72,14,1,'2022-07-16 18:15:21','2022-07-16 18:15:21'),
(92,73,14,1,'2022-07-16 18:22:49','2022-07-16 18:22:49'),
(94,74,14,1,'2022-07-16 18:43:01','2022-07-16 18:43:01'),
(95,75,14,1,'2022-07-17 13:46:49','2022-07-17 13:46:49'),
(96,76,15,1,'2022-07-17 14:07:03','2022-07-17 14:07:03'),
(97,77,14,2,'2022-07-17 14:08:52','2022-08-25 13:42:06'),
(98,78,14,2,'2022-09-14 16:28:00','2022-09-14 16:28:17'),
(99,79,14,1,'2022-10-18 12:31:31','2022-10-18 12:31:31'),
(100,80,14,2,'2022-11-16 12:35:51','2022-12-01 12:20:15'),
(101,80,15,3,'2023-03-28 15:41:44','2023-03-31 18:36:26'),
(104,81,17,1,'2023-04-16 13:53:08','2023-04-16 13:53:39'),
(106,82,16,1,'2023-04-21 21:06:28','2023-04-21 21:06:28');

/*Table structure for table `carts` */

DROP TABLE IF EXISTS `carts`;

CREATE TABLE `carts` (
  `cart_id` int(6) NOT NULL AUTO_INCREMENT,
  `company_id` int(2) DEFAULT NULL,
  `user_id` int(6) DEFAULT NULL,
  `amount` varchar(10) DEFAULT NULL,
  `cart_type` int(1) DEFAULT NULL COMMENT '1:cart, 2:complete',
  `flow_date` datetime DEFAULT NULL,
  `visible` int(1) DEFAULT NULL,
  `create_date` datetime DEFAULT NULL,
  `update_date` datetime DEFAULT NULL,
  PRIMARY KEY (`cart_id`) USING BTREE
) ENGINE=InnoDB AUTO_INCREMENT=83 DEFAULT CHARSET=utf8 ROW_FORMAT=DYNAMIC;

/*Data for the table `carts` */

insert  into `carts`(`cart_id`,`company_id`,`user_id`,`amount`,`cart_type`,`flow_date`,`visible`,`create_date`,`update_date`) values 
(20,2,124,'30000',1,NULL,1,'2022-01-29 01:26:30','2022-01-29 01:26:30'),
(21,2,139,'15000',1,NULL,1,'2022-02-01 04:29:35','2022-02-01 04:29:35'),
(22,2,112,'30000',1,NULL,1,'2022-02-01 07:18:29','2022-03-09 09:46:39'),
(23,2,136,'15000',2,NULL,1,'2022-02-04 17:54:05','2022-02-13 10:56:17'),
(24,2,149,'15000',2,NULL,1,'2022-02-12 21:59:59','2022-02-12 22:11:51'),
(25,2,136,'15000',2,NULL,1,'2022-02-14 16:33:25','2022-02-14 16:33:57'),
(26,2,144,'15000',1,NULL,1,'2022-02-26 17:57:25','2022-02-26 17:57:25'),
(27,1,168,'1',1,NULL,1,'2022-03-04 04:11:14','2022-03-04 04:11:14'),
(28,2,138,'15000',1,NULL,1,'2022-03-07 15:32:06','2022-03-07 15:32:07'),
(29,1,158,'30000',1,NULL,1,'2022-03-07 17:59:34','2022-03-07 17:59:34'),
(30,1,171,'15000',1,NULL,1,'2022-03-08 07:22:43','2022-03-08 07:22:43'),
(31,4,177,'60000',1,NULL,1,'2022-03-09 09:59:40','2022-03-09 09:59:40'),
(32,4,122,'15000',1,NULL,1,'2022-03-09 18:02:32','2022-03-09 18:02:32'),
(33,2,136,'28800',2,NULL,1,'2022-03-10 19:27:30','2022-03-11 16:13:11'),
(34,2,136,'31800',2,NULL,1,'2022-03-11 16:16:53','2022-03-11 16:17:18'),
(35,4,189,'15000',1,NULL,1,'2022-03-12 14:58:00','2022-03-12 14:58:01'),
(36,4,190,'15000',1,NULL,1,'2022-03-12 23:34:45','2022-03-12 23:34:45'),
(37,2,188,'15000',2,NULL,1,'2022-03-12 23:58:14','2022-03-12 23:58:32'),
(38,2,202,'15000',1,NULL,1,'2022-03-24 09:04:55','2022-03-24 09:04:55'),
(39,2,201,'80100',1,NULL,1,'2022-03-24 15:29:15','2022-03-25 19:02:22'),
(40,2,134,'16500',1,NULL,1,'2022-03-28 15:20:31','2022-03-28 15:20:31'),
(41,2,188,'16500',2,NULL,1,'2022-05-03 11:04:24','2022-05-03 11:04:50'),
(42,2,188,'49500',2,NULL,1,'2022-05-03 11:09:21','2022-07-16 09:04:13'),
(43,2,147,'33000',1,NULL,1,'2022-05-15 16:03:01','2022-11-16 12:35:55'),
(44,2,151,'13800',1,NULL,1,'2022-05-31 03:07:43','2022-05-31 03:07:43'),
(45,2,188,'16500',2,NULL,1,'2022-07-16 09:07:23','2022-07-16 09:08:02'),
(46,2,188,'16500',2,NULL,1,'2022-07-16 09:21:47','2022-07-16 09:22:12'),
(47,2,188,'16500',2,NULL,1,'2022-07-16 09:37:16','2022-07-16 09:37:39'),
(48,2,188,'16500',2,NULL,1,'2022-07-16 09:43:09','2022-07-16 09:46:54'),
(49,2,188,'16500',2,NULL,1,'2022-07-16 09:55:33','2022-07-16 09:55:51'),
(50,2,188,'16500',2,NULL,1,'2022-07-16 09:56:51','2022-07-16 09:57:07'),
(51,2,188,'33000',2,NULL,1,'2022-07-16 09:58:30','2022-07-16 10:00:17'),
(52,2,188,'16500',2,NULL,1,'2022-07-16 10:00:59','2022-07-16 10:01:14'),
(53,2,188,'16500',2,NULL,1,'2022-07-16 10:02:19','2022-07-16 10:08:05'),
(54,2,188,'16500',2,NULL,1,'2022-07-16 13:07:33','2022-07-16 13:07:56'),
(55,2,188,'16500',2,NULL,1,'2022-07-16 13:09:12','2022-07-16 13:11:45'),
(56,2,188,'16500',2,NULL,1,'2022-07-16 13:42:08','2022-07-16 13:42:23'),
(57,2,188,'33000',2,NULL,1,'2022-07-16 14:39:42','2022-07-16 14:52:09'),
(58,2,188,'16500',2,NULL,1,'2022-07-16 14:55:31','2022-07-16 15:01:52'),
(59,2,188,'16500',2,NULL,1,'2022-07-16 15:03:22','2022-07-16 15:03:47'),
(60,2,188,'16500',2,NULL,1,'2022-07-16 15:05:36','2022-07-16 15:22:53'),
(61,2,188,'16500',2,NULL,1,'2022-07-16 16:25:17','2022-07-16 17:13:42'),
(62,2,188,'16500',2,NULL,1,'2022-07-16 17:14:22','2022-07-16 17:14:28'),
(63,2,188,'16500',2,NULL,1,'2022-07-16 17:14:54','2022-07-16 17:15:01'),
(64,2,188,'16500',2,NULL,1,'2022-07-16 17:15:17','2022-07-16 17:16:14'),
(65,2,188,'16500',2,NULL,1,'2022-07-16 17:16:24','2022-07-16 18:00:10'),
(66,2,188,'16500',2,NULL,1,'2022-07-16 18:00:29','2022-07-16 18:01:09'),
(67,2,188,'16500',2,NULL,1,'2022-07-16 18:07:44','2022-07-16 18:08:06'),
(68,2,188,'16500',2,NULL,1,'2022-07-16 18:08:09','2022-07-16 18:08:53'),
(69,2,188,'13800',2,NULL,1,'2022-07-16 18:08:58','2022-07-16 18:09:25'),
(70,2,188,'16500',2,NULL,1,'2022-07-16 18:09:29','2022-07-16 18:09:36'),
(71,2,188,'16500',2,NULL,1,'2022-07-16 18:09:41','2022-07-16 18:10:41'),
(72,2,188,'16500',2,NULL,1,'2022-07-16 18:15:21','2022-07-16 18:15:29'),
(73,2,188,'16500',2,NULL,1,'2022-07-16 18:22:49','2022-07-16 18:22:57'),
(74,2,188,'16500',2,NULL,1,'2022-07-16 18:23:30','2022-07-16 18:43:11'),
(75,2,188,'16500',2,NULL,1,'2022-07-17 13:46:49','2022-07-17 14:06:59'),
(76,2,188,'31800',2,NULL,1,'2022-07-17 14:07:03','2022-07-17 14:08:47'),
(77,2,188,'33000',2,NULL,1,'2022-07-17 14:08:52','2022-08-25 13:42:17'),
(78,2,135,'33000',1,NULL,1,'2022-09-14 16:28:00','2022-09-14 16:28:17'),
(79,2,209,'16500',1,NULL,1,'2022-10-18 12:31:31','2022-10-18 12:31:31'),
(80,2,477,'95400',1,NULL,1,'2022-11-16 12:35:51','2023-03-31 18:36:26'),
(81,2,494,'22382',1,NULL,1,'2023-04-16 13:41:15','2023-04-16 13:53:39'),
(82,2,203,'13800',1,NULL,1,'2023-04-16 14:14:10','2023-04-21 21:06:28');

/*Table structure for table `categories` */

DROP TABLE IF EXISTS `categories`;

CREATE TABLE `categories` (
  `id` int(6) NOT NULL AUTO_INCREMENT,
  `code` varchar(32) COLLATE utf8mb4_unicode_ci DEFAULT NULL,
  `name` varchar(128) COLLATE utf8mb4_unicode_ci DEFAULT NULL,
  `alias` varchar(128) COLLATE utf8mb4_unicode_ci DEFAULT NULL,
  `description` text COLLATE utf8mb4_unicode_ci DEFAULT NULL,
  `order_no` int(6) DEFAULT NULL,
  `color` varchar(12) COLLATE utf8mb4_unicode_ci DEFAULT NULL,
  `create_date` datetime DEFAULT NULL,
  `update_date` datetime DEFAULT NULL,
  PRIMARY KEY (`id`)
) ENGINE=InnoDB AUTO_INCREMENT=10 DEFAULT CHARSET=utf8mb4 COLLATE=utf8mb4_unicode_ci;

/*Data for the table `categories` */

insert  into `categories`(`id`,`code`,`name`,`alias`,`description`,`order_no`,`color`,`create_date`,`update_date`) values 
(3,'','ボディケア','ボディ','伸ばしながらほぐす',1,'#8aff92','2022-12-17 06:42:54','2022-12-18 16:38:37'),
(6,'','特別プラスほぐし','特別','お疲れに合わせて選ぶコース',2,'#ffd300','2022-12-17 13:12:59','2022-12-18 16:39:10'),
(7,'','オイルケアコース','オイル','スクワランオイルを使用',3,'#ffa8e4','2022-12-18 16:40:34','2022-12-18 16:40:34'),
(8,'','セットコース','セットコース','コースの組み合わせ',4,'#787ce2','2022-12-18 16:43:05','2022-12-18 16:43:14'),
(9,'','オプション','オプション','指名　10分延長、回数券利用など',5,'#fff0f0','2022-12-18 16:44:40','2022-12-18 16:44:40');

/*Table structure for table `ci_sessions` */

DROP TABLE IF EXISTS `ci_sessions`;

CREATE TABLE `ci_sessions` (
  `session_id` varchar(40) NOT NULL DEFAULT '0',
  `ip_address` varchar(45) NOT NULL DEFAULT '0',
  `user_agent` varchar(120) NOT NULL,
  `last_activity` int(10) unsigned NOT NULL DEFAULT 0,
  `user_data` text NOT NULL,
  PRIMARY KEY (`session_id`) USING BTREE,
  KEY `last_activity_idx` (`last_activity`) USING BTREE
) ENGINE=InnoDB DEFAULT CHARSET=utf8 ROW_FORMAT=DYNAMIC;

/*Data for the table `ci_sessions` */

/*Table structure for table `companies` */

DROP TABLE IF EXISTS `companies`;

CREATE TABLE `companies` (
  `company_id` int(6) NOT NULL AUTO_INCREMENT,
  `company_name` varchar(255) DEFAULT NULL,
  `company_domain` varchar(255) DEFAULT NULL,
  `ec_site_url` varchar(255) DEFAULT NULL,
  `company_license` int(6) DEFAULT NULL,
  `company_license_use` int(6) DEFAULT NULL,
  `company_receipt_number` varchar(255) DEFAULT NULL,
  `print_order_number` int(11) DEFAULT NULL,
  `is_push` int(1) DEFAULT 0,
  `is_mail` int(1) DEFAULT 0,
  `license_text` blob DEFAULT NULL,
  `visible` int(1) DEFAULT NULL,
  `stamp_count` int(6) DEFAULT NULL,
  `square_application_id` varchar(255) DEFAULT NULL,
  `square_location_id` varchar(255) DEFAULT NULL,
  `square_token` varchar(255) NOT NULL,
  `create_date` datetime DEFAULT NULL,
  `update_date` datetime DEFAULT NULL,
  PRIMARY KEY (`company_id`) USING BTREE
) ENGINE=InnoDB AUTO_INCREMENT=10 DEFAULT CHARSET=utf8 ROW_FORMAT=DYNAMIC;

/*Data for the table `companies` */

insert  into `companies`(`company_id`,`company_name`,`company_domain`,`ec_site_url`,`company_license`,`company_license_use`,`company_receipt_number`,`print_order_number`,`is_push`,`is_mail`,`license_text`,`visible`,`stamp_count`,`square_application_id`,`square_location_id`,`square_token`,`create_date`,`update_date`) values 
(1,'Shangri-Laグループ','conceptbar.info','https://riraku-kan.jp/',5,1,'33335',30,1,1,'<h5>（目的）</h5>\r\n    <h3>第１条 本利用規約は、マジョリカが提供するShangli-raアプリの利用に関し、これを利用するすべての者に適用される利用条件その他の事項を定めることを目的とします。</h3>\r\n    \r\n    <h5>（定義）</h5>\r\n    <h3>第２条　本利用規約で使用する用語の定義は、次の各号のとおりとします。</h3>\r\n\r\n    <h5>（本利用規約への同意）</h5>\r\n    <h3>第３条 アプリ利用者は、本利用規約の定めに従って本アプリを利用しなければならず、本利用規約の内容を十分に理解した上で、本利用規約に同意しない限り、本アプリを利用できません。</h3>\r\n    <p>アプリ利用者は、実際に本アプリの利用を開始した場合には、本利用規約の内容を十分に理解した上で、本利用規約に同意したものとみなされます。</p>\r\n    \r\n    <h5>（本アプリ等に関する知的財産権等）</h5>\r\n    <h3>第４条 Devotionがアプリ利用者に提供する一切のサービス、プログラム及び各種著作物（本利用規約及び利用手順書等を含みます。以下同じ。）に関する著作権及び著作者人格権、商標権その他の知的財産権並びにノウハウその他の知的財産に係る権利は、全てDevotion又は正当な権利者に帰属し、本アプリの利用は、本利用規約で別途定める場合を除き、アプリ利用者に対するこれらの知的財産に係る権利の移転又は使用権の設定若しくは許諾を意味するものではありません。</h3>\r\n    <h4>１ アプリ利用者は、本アプリの利用に際し、Devotionがアプリ利用者に提供する一切のサービス、プログラム及び各種著作物を次の各号のとおり取り扱うものとします。</h4>\r\n    <p>一 本利用規約に従った本アプリの適正な利用のためにのみ使用すること。</p>\r\n    <p>二 複製、改変、編集、頒布等を行わず、また、リバースエンジニアリングを行わないこと。</p>\r\n    <p>三 営利目的の有無にかかわらず、第三者に貸与、譲渡若しくは承継し、又は担保の設定をしないこと。</p>\r\n    <p>四 Devotion又はDevotionが指定する者が表示した著作権表示又は商標権表示を削除又は変更しないこと。</p>\r\n\r\n    <h5>（利用可能時間及び利用の停止等）</h5>\r\n    <h3>第５条 本アプリの利用可能時間は、原則として24時間365日とします。ただし、サーバの運転状況により、本アプリの一部の機能の提供ができない場合があります。</h3>\r\n    <h4>１Devotionは、次の各号のいずれかに該当すると認められる場合は、アプリ利用者に対し、事前にDevotionの公式サイトまたは本アプリ内に掲載した上で、本アプリの利用の停止、休止又は中断をさせることができるものとします。ただし、緊急を要する場合は、事前に通知することなく本アプリの利用の停止、休止又は中断をさせることができるものとします。</h4>\r\n    <p>一 本アプリの運用機器等のメンテナンスが予定される場合</p>\r\n    <p>二 電気通信事業者の役務が提供されない場合</p>\r\n    <p>三 天災、事変その他の非常事態が発生した場合又は本アプリの運用に係る重大な障害が発生した場合</p>\r\n    <p>四 法令又はこれに基づく措置により、本アプリの運用が不可能となった場合</p>\r\n    <p>五 その他、Devotionにおいて、本アプリの利用の停止、休止又は中断が必要と判断した場合</p>\r\n    <h4>２ Devotionは、本アプリの利用が著しく集中した場合には、本アプリの利用を制限することができるものとします。</h4>\r\n    \r\n    <h5>（アプリ利用者のサポート）</h5>\r\n    <h3>第６条 Devotionは、本アプリに関するお問い合わせを受け付けるため、サポートデスクを設置します。サポートデスクは、アプリ利用者からの本アプリに関するお問い合わせ・ご相談をメールで受け付け、回答することにより、本アプリの利用に係るアプリ利用者の支援を行うとともに、本アプリの機能等の改善を図るための情報の集約を行うことを目的とします。メールの受信可能時間は、原則として24時間365日とします。ただし、メールサーバーの運転状況等により、メールの受信ができない場合があります。また、お問い合わせの内容等により、回答までに時間がかかる場合又は回答しかねる場合があります。</h3>\r\n\r\n    <h5>（禁止事項及び遵守事項）</h5>\r\n    <h3>第７条　アプリ利用者は、本アプリの利用に当たり、次の各号に掲げる行為を行うことを禁じます。</h3>\r\n    <p>一 本アプリを本来の目的以外の目的で利用すること。</p>\r\n    <p>二 不正アクセス行為、本アプリのサーバーやネットワークシステムに支障を与える行為、本アプリを不正に操作する行為、本アプリの不具合を意図的に利用する行為をすること。</p>\r\n    <p>三 類似又は同様の問い合わせを必要以上に繰り返す行為、提供者に対し不当な要求をする行為、その他の提供者による本アプリの適正な管理及び運用並びに第三者による本アプリの利用を妨害し、これらに支障を与える行為をすること。</p>\r\n    <p>四 本アプリに対し、ウイルス・マルウェア等に感染したファイルを故意に送信すること。</p>\r\n    <p>五 法令若しくは公序良俗に違反する行為又はそのおそれがある行為、反社会的勢力に対する利益供与その他の協力行為、提供者又は第三者になりすます行為、意図的に虚偽の情報を流布させる行為をすること。</p>\r\n    <p>六 第三者の個人情報、利用情報などを不正に収集、開示又は提供する行為をすること。</p>\r\n    <p>七 その他、本アプリの適正な運用に支障を及ぼす行為又はそのおそれがある行為であるとDevotionが判断する行為をすること。</p>\r\n\r\n    <h4>２ Devotionは、アプリ利用者が前項各号のいずれかに該当する行為を行った場合又は行うおそれがあると認められた場合は、事前に通知することなく、当該アプリ利用者による本アプリの利用を停止させることができるものとします。</h4>\r\n    <h4>３ アプリ利用者は、本アプリの利用に当たり、以下の事項を遵守するものとします。</h4>\r\n    <p>一 複数のスマートフォン端末を保有する場合は、最も利用する端末に本アプリを導入すること。</p>\r\n    <p>二 アプリ導入端末を第三者に持ち歩かせないようにすること。</p>\r\n    <p>三 本アプリが更新され、アプリ利用者においてダウンロードが可能な状態になったときには、アプリ導入端末に最新のアプリケーションをダウンロードして更新すること。</p>\r\n    <p>四 アプリ導入端末を第三者に譲渡、承継若しくは貸与し、又は破棄する場合は、あらかじめ本アプリを削除すること。</p>\r\n    <h5>（アプリ利用者の設備等）</h5>\r\n    <h3>第８条 アプリ利用者は、本アプリを利用するために必要なすべての機器及びソフトウェア（スマートフォン端末及び通信手段に係るすべてのものを含みます。）を自己の負担において準備するものとします。その際、必要な手続は、アプリ利用者が自己の責任で行うものとします。</h3>\r\n    <p>Ⅰ本アプリを利用するために必要な通信費用その他本アプリの利用に係る一切の費用は、アプリ利用者の負担とします。</p>\r\n    <p>３ アプリ利用者が未成年者である場合は、当該アプリ利用者は、親権者その他の法定代理人が本アプリの利用に同意した上で、自らに対してその使用を認めたスマートフォン端末を使用して、本アプリを利用するものとします。</p>\r\n\r\n    <h5>（免責事項）</h5>\r\n    <h3>第９条 Devotionは、本アプリを利用すること（利用に際してウイルス・マルウェア等に感染したことその他理由の如何を問いません。）又は利用できないこと（本アプリの利用の停止、休止、中断若しくは制限、本アプリの動作不良又は通信回線の障害その他理由の如何を問いません。）その他本アプリに起因又は関連してアプリ利用者又は第三者が被った損害について一切の責任を負わないものとします。</h3>\r\n    <h4>２ アプリ導入端末の位置測定は、アプリ導入端末の性能、所持する方向などの条件や状態によって測定値に差が生じるため、本アプリで計測する接触の距離と時間について正確性を保証するものではありません。</h4>\r\n\r\n    <h5>（アプリの利用中止及び記録の削除）</h5>\r\n    <h3>第１０条 アプリ利用者は、いつでも任意に、本アプリをアプリ導入端末から削除することにより、本アプリの利用を中止できます。本アプリをアプリ導入端末から削除した場合は、その端末に記録されていた情報は、全て削除され復元はできません。</h3>\r\n\r\n    <h5>（本利用規約の変更）</h5>\r\n    <h3>第１１条</h3>\r\n    <h4>１Devotionが必要があると認めるときは、アプリ利用者に対し事前に通知を行うことなく、いつでも本利用規約を変更することができるものとします。</h4>\r\n    <h4>２ Devotionは、本利用規約の変更を行った場合には、遅滞なく本アプリ内に掲載するものとし、変更後の本利用規約はかかる掲載がなされた時点からその効力を生ずるものとします。</h4>\r\n    <h4>３ 前項に規定する変更後の本利用規約の掲載後に、アプリ利用者が本アプリを実際に利用した場合には、当該利用の時点で、アプリ利用者は変更後の本利用規約の内容を十分に理解した上で、変更後の本利用規約に同意したものとみなされます。</h4>\r\n\r\n    <h5>（譲渡等禁止）</h5>\r\n    <h3>第１２条 本アプリの利用権は、第三者に譲渡、貸与、承継、相続又は担保として提供することはできません。</h3>\r\n\r\n    <h5>（準拠法及び合意管轄）</h5>\r\n    <h3>第１３条 本利用規約及び本アプリの利用に関連するすべての事項の準拠法は、日本法とします。</h3>\r\n    <h4>２ 本アプリの利用に起因又は関連してDevotionとアプリ利用者との間に生じたすべての紛争については、名古屋地方裁判所を第一審の専属的合意管轄裁判所とします。</h4>\r\n\r\nプライバシーポリシー\r\n\r\n▲●株式会社（以下「当社」という）は、当社の提供する【アプリ名】の利用者（以下「ユーザー」という）に関する個人情報を含んだ情報（以下「ユーザー情報」という）の取扱いについて、以下のとおりプライバシーポリシー（以下「本ポリシー」という）を定めます。\r\n\r\n１．情報を取得するアプリ提供者\r\n▲●株式会社\r\n\r\n２．取得するユーザー情報と目的\r\n本アプリケーションで取得するユーザー情報と目的は以下のとおりです。\r\n取得するユーザー情報	利用目的\r\n端末に関する情報	・デバイスの種類、モデル、メーカー\r\n・OS\r\n・キャリア情報\r\n・IPアドレス\r\n・IDFA、AAID、GAID	・ユーザーに最適化された広告の提供\r\n・位置情報に基づく広告の提供\r\n・パフォーマンス分析\r\n・アプリケーションの改善\r\n・ユーザーへのサポート\r\n\r\n		\r\n位置情報	・GPSに基づいた緯度、経度\r\n・Wi-Fiアクセスポイントの緯度、経度	\r\n		\r\n広告に関する情報	・表示場所\r\n・クリックの有無\r\n・閲覧回数\r\n・広告の製品またはサービスの利用状況	\r\n\r\n３．取得方法\r\n当社は、情報収集モジュールを内蔵した本アプリケーションにより、ユーザー情報を自動取得します。\r\n\r\n４．通知・公表または同意取得の方法・利用者関与の方法\r\n（１）通知・公表\r\n当社は、本ポリシーおよび▲●株式会社プライバシーポリシーに関する通知・公表は本アプリケーションまたは当社のホームページに掲載する方法で行います。\r\n\r\n（２）同意取得の方法\r\n同意の取得は、本アプリケーションの初回起動時に取得する方法で行います。\r\n\r\n（３）利用者関与の方法\r\nユーザー情報の取得は、本アプリケーションをアンインストールすることで中止することができます。\r\n\r\n５．外部送信・第三者提供・情報収集モジュール\r\n（１）外部送信\r\n取得したユーザー情報については、当社が管理を委託するホスティング会社のサーバーに送信されます。\r\n\r\n（２）第三者提供\r\n当社は、取得したユーザー情報について、以下の場合第三者に提供することがあります。\r\n・統計的なデータなどユーザーを識別することができない状態で提供する場合\r\n・法令に基づき開示・提供を求められた場合\r\n\r\n\r\n６．お問い合わせ\r\n当社のプライバシーポリシーに関する、ご意見、ご質問、苦情の申出その他ユーザー情報の取扱いに関するお問い合わせは、以下の窓口にご連絡ください。\r\n\r\nマジョリカ代表　粕谷洸太\r\n\r\n７．改定\r\n当社は、当社の裁量に基づいて、本ポリシーを変更します。但し、取得するユーザー情報、利用目的、第三者提供に変更が発生した場合、本アプリケーションまたは当社のホームページで通知するとともに、本ポリシー変更後、本アプリケーションの初回起動時に改めてユーザーから同意を取得します。\r\n\r\n８．マジョリカプライバシーポリシー\r\n本ポリシーに定めのない事項については、下記URLの内容が適用されます。\r\n\r\nhttps://conceptbar.info/old_recruit/law.html\r\n\r\n９．制定日・改定日\r\n制定：2022年9月1日\r\n\r\n',1,15,'sandbox-sq0idb-aepJTYabn-IcYlUoP76mNg','LNJJGFH22820Z','','2021-08-22 08:51:01','2023-03-06 15:29:00'),
(2,'株式会社アスクリエイトりらくーかん','riraku-kan.jp',NULL,5,1,'58585',2,1,1,'<p>会員は、以下に定める利用規約の各条項に従い、株式会社アスクリエイトが運営するアプリ（以下「本アプリ」）でアカウントおよびパスワードの登録を行うことにより、本アプリにおいて提供するサービスをご利用いただくことが出来ます。<br><br>お客様がアプリ上より登録情報を発信された時点で、以下に定めるアプリ利用規約に同意していただくものといたします。</p>\r\n\r\n<p><strong>第1条【利用規約】</strong></p>\r\n\r\n<p>「株式会社アスクリエイト」（以下「弊社」）が運営する、アプリ（以下「本サイト」）において提供するサービスを、ご利用いただく際の規約を「利用規約」（以下「本規約」）として、会員登録したお客様が利用する際の全てに適用いたします。</p>\r\n\r\n<p><strong>第2条【定義】</strong></p>\r\n\r\n<p>本規約における用語の定義は、別途定めるものを除き、以下の通りとします。</p>\r\n\r\n<p>1、「本アプリ」とは、弊社が運営するアプリをいい、施術予約・指名予約・電子回数券の販売・物品の販売等におけるサービス、及び弊社が運営する店舗やサービスに関する情報、その他今後弊社が提供する、会員様向けの各種サービスをいいます。</p>\r\n\r\n<p>2、「会員」とは、本規約に同意の上、所定の手続きにより本アプリで会員登録をしていただいた方（個人）をいいます。</p>\r\n\r\n<p>3、「会員情報」とは、お客様が弊社に開示したお客様ご本人に関する情報及びお客様の取引に関する履歴等の情報をいいます。</p>\r\n\r\n<p><strong>第3条【規約の適用】</strong></p>\r\n\r\n<p>1、本規約は、本アプリをご利用いただく会員に適用されるものとし、また本アプリの利用規定および本アプリが表示する諸注意に従うものとします。</p>\r\n\r\n<p>2、弊社は本規約の内容を利用者の了承を得ることなく、その判断により適宜変更・改定できるものとします。また、本規約が変更された場合、会員は変更後の規約に従うものとします。</p>\r\n\r\n<p>3、変更後の利用規約は、弊社が別途定める場合をのぞいて、アプリ上に表示した時点より効力を生じるものとします。</p>\r\n\r\n<p><strong>第4条【会員登録】</strong></p>\r\n\r\n<p>1、会員登録を希望されるお客様は、本アプリの会員登録ページから弊社の指定する方法に従い、会員登録手続きを行うものとします。</p>\r\n\r\n<p>2、会員登録手続きは、登録をされるご本人（個人）が行うものとします。また、会員登録において、登録されるご本人の正しい情報のみを登録できるものとし、一部または全部を問わず、虚偽の情報、第三者の情報、存在しない情報の登録はその一切を認めないものとします。</p>\r\n\r\n<p>3、会員登録は、弊社が前項の会員登録手続きを受付け、会員登録希望者に対し「登録完了のお知らせメール」を発信したときに完了するものとし、 弊社が定める条件に従って、本アプリにてサービスをご利用いただけるものとします。ただし、過去に本規約違反をしたことなどにより、弊社から会員登録の抹消処分を受けている場合や会員登録申請内容に虚偽の事項が含まれている場合、第9条に規定する事項に該当する場合、その他弊社においてふさわしくないと判断される場合には、会員登録希望者の会員登録を承認しない場合があります。</p>\r\n\r\n<p>4、会員を取得された利用者は、登録された会員情報の内容に変更があった場合には、弊社が指示する方法により、速やかに会員情報変更の手続きを行うものとします。変更をされないことにより、会員が不利益を被ったとしても、弊社は一切その責任を負いません。</p>\r\n\r\n<p>5、会員を取得された会員は、弊社に登録された会員情報の内容に虚偽がないことを保証するものとします。</p>\r\n\r\n<p>6、会員登録時に設定していただいたパスワードにつきましては、会員ご自身で管理し、お忘れの場合は、会員として登録していただいているメールアドレスに、パスワード再設定用のＵＲＬをお送りいたしますので、会員が、ご自身で再設定してください。<br>なお、アカウント・パスワードをお忘れの場合で、再度アカウント登録をしていただいた場合には、それまでのお取引履歴等は継続されません。</p>\r\n\r\n<p><strong>第5条【会員個人情報の取り扱い】</strong></p>\r\n\r\n<p>弊社は、会員の個人情報を、別途定めるプライバシーポリシーに従い利用・管理するものとします。</p>\r\n\r\n<p><strong>第6条【会員登録情報の管理（アカウント・パスワードなど）】</strong></p>\r\n\r\n<p>1、アカウントを取得された会員は、会員ご本人の情報に変更が生じた場合には、すみやかに情報の変更登録をおこなうものとします。</p>\r\n\r\n<p>2、会員は、利用者自身の設定したメール・アドレスおよびパスワードにつき、自己の責任において、管理・保管を行うものとします。</p>\r\n\r\n<p>3、会員はアカウントおよびパスワードを第三者(他の会員を含む) に利用させてはならず、また売買、贈与、貸与、名義変更、その他の譲渡をしてはならないものとします。</p>\r\n\r\n<p>4、会員は、自己のアカウント及びこれに対応するパスワードの使用及び管理について一切の責任を持つものとし、自己のアカウント及びパスワードによってなされた一切の行員及びその結果について、当該行為を自己がしたか否かを問わず、責任を負うものとします。</p>\r\n\r\n<p>5、会員は、アカウントおよびパスワードにつき盗難・紛失した場合、または第三者(弊社の他のお客様を含む) により使用されていることが判明した場合には、直ちに弊社に連絡するとともに弊社からの指示に従うものとします。</p>\r\n\r\n<p>6、会員は、パスワードの変更、会員登録の取り消し等を希望する場合には、本アプリが定める手順に従い手続きをおこなうものとします。</p>\r\n\r\n<p><strong>第7条【退会】</strong></p>\r\n\r\n<p>会員が、退会を希望する場合には、アカウントを所持しているご本人が本アプリのプロフィールより退会の手続きをおこなうものとします。退会手続き完了後に退会となり、それ以前に提供されていたサービスおよび権利は一切無効となるものとします。なお、退会した利用者が再度アカウント登録を行ったとしても、前回の履歴、権利などを引き継ぐことはできないものとします。</p>\r\n\r\n<p><strong>第8条【禁止事項】</strong></p>\r\n\r\n<p>会員は弊社サイト利用にあたり、以下の行為を行ってはならないものとします。また、会員がこの条項に違反し、弊社が損害を被った場合には、会員は、損害賠償の責任を負うものとします。</p>\r\n\r\n<p>1、法令、本規約、本サイトの通販規約および本サイトが表示する諸注意に違反する行為、又はそのおそれがある行為。</p>\r\n\r\n<p>2、第三者からの許可の有無を問わず、第三者のアカウント、メールアドレスおよびパスワードを使用する行為、又はそのおそれがある行為。</p>\r\n\r\n<p>3、ご利用の際に虚偽の登録内容を申請する行為</p>\r\n\r\n<p>4、本サービスに支障をきたすおそれのある行為</p>\r\n\r\n<p>5、第三者もしくは弊社に迷惑、不利益もしくは損害を与える行為、又はそのおそれがある行為。</p>\r\n\r\n<p>6、その他、公序良俗違反、不正、妨害、虚偽、有害等に該当する事項および弊社が不適当と判断する行為。</p>\r\n\r\n<p><strong>第9条【会員の取消】</strong></p>\r\n\r\n<p>弊社は、次の各号に該当した場合には会員の事前の承認を得ることなく、直ちに会員を取り消すことができるものとします。</p>\r\n\r\n<p>会員の取り消しがあった場合は、それ以前に提供されていたサービスおよび権利は一切無効となるものとします。また、会員の取り消しがあった場合には、それ以降再度のアカウント登録は受け付けないものとします。</p>\r\n\r\n<p>1、本規約第8条【禁止事項】の各号に該当する行為があった場合</p>\r\n\r\n<p>2、その他弊社が会員登録をしていただくにあたり、不適当と認める事項がある場合</p>\r\n\r\n<p>3、その他、本規約に違反した場合</p>\r\n\r\n<p>4、会員情報のセキュリティを確保するために必要な場合</p>\r\n\r\n<p>5、手段の如何を問わず、弊社または本サービスの運営を妨害した場合</p>\r\n\r\n<p>6、過去に本規約違反等の理由により会員を抹消されていることが判明した場合</p>\r\n\r\n<p><strong>第10条【免責事項】</strong></p>\r\n\r\n<p>1、会員は、自己のリスク負担において、サービスを利用するものとします。</p>\r\n\r\n<p>2、弊社は、サービスの安全性、完全性、正確性、適用性、有用性などにつき、いかなる責任も負わないものとします。また、以下の各号についても同様とします。</p>\r\n\r\n<p>（1）通信回線やコンピュータなどの障害によるシステムの中断・遅滞・中止・データの消失、データの不正アクセスにより生じた損害、その他弊社のサービスに関して利用者に生じた損害<br>（2）弊社のウェブページ・サーバ・ドメインなどから送られるメール・コンテンツに、コンピュータ・ウィルスなどの有害なものが含まれていた場合の損害<br>（3）会員が法令、本規約、本アプリの利用規約および本アプリで表示する諸注意に違反したことによって生じた損害<br>（4）会員が、サービスの利用を通じて第三者に与えた損害</p>\r\n\r\n<p><strong>第11条【サービスの変更・廃止】</strong></p>\r\n\r\n<p>弊社は、その判断によりサービスの全部・または一部を適宜変更・廃止できるものとします。</p>\r\n\r\n<p><strong>第12条【準拠法】</strong></p>\r\n\r\n<p>本規約に関する準拠法は、日本法とします。</p>\r\n\r\n<p><strong>第13条【紛争の解決、管轄裁判所】</strong></p>\r\n\r\n<p>1、サービスの利用に関し、本規約により解決できない紛争および問題が生じた場合には、会員と弊社は、双方誠意をもって話し合い、これを解決するものとします。</p>\r\n\r\n<p>2、本規約に関して訴訟の必要が生じた場合には、名古屋地方裁判所を第一審の専属的合意管轄裁判所とします。</p>\r\n\r\n<p></p>\r\n\r\n<p><strong><span class=\"fz-16px\"><span class=\"fz-18px\"><span class=\"fz-22px\">プライバシーポリシー</span></span></span></strong></p>\r\n\r\n<p>株式会社アスクリエイト（以下、弊社といいます）では、個人情報の保護に関する法令を遵守するとともに、 以下のポリシーに基づき、お客様の個人情報を取り扱います。</p>\r\n\r\n<p><strong>1.</strong><strong>個人情報とは？</strong><strong></strong></p>\r\n\r\n<p>個人に関する情報で、氏名、住所、電話番号、メールアドレス、購入履歴など個人を特定できる情報、またはその可能性のある情報の事です。また、他の情報との組み合わせによって個人が特定できる情報も含みます（業種等）。</p>\r\n\r\n<p><strong>2.</strong><strong>個人情報の収集について</strong><strong></strong></p>\r\n\r\n<p>通常、アプリ（以下、本サイトといいます）を利用する場合、会員登録（氏名、電話番号、メールアドレス、生年月日等）の入力をお願いしております。それらの情報の利用目的につきましては、「3.個人情報の利用目的について」を、管理につきましては、「4.個人情報の管理について」をご参照下さい。</p>\r\n\r\n<p><strong>3.</strong><strong>個人情報の利用目的について</strong><strong></strong></p>\r\n\r\n<p>当社は個人情報を以下の目的で利用させていただきます。 　<br>a.施術予約に関する時間、コース、指名の確認メッセージ、また、代金のお支払いに関連してご指定いただいたクレジットカード番号などのお支払情報等。 　b.当社が行うキャンペーンや商品、サービスのご案内。 　d.お客さまから寄せられたメッセージやアンケートの結果、ご利用履歴等。 　e.次回の会員ログインが容易に行えるよう、ログイン情報の保持の為。f.その他サイト運営上必要な場合に利用。</p>\r\n<p><strong>4.</strong><strong>個人情報の管理について</strong><strong></strong></p>\r\n<p>当社は以下の体制で個人情報を管理します。 a.個人情報の利用を業務上必要な者だけに制限し、個人情報が含まれる内容の管理を徹底致します。 但し、お客様へ商品やサービスを提供する等の業務遂行上、個人情報の一部を外部の委託先へ提供する場合があります。その場合、業務委託先が適切に個人情報を取り扱うように管理いたします。 b.不要になった個人情報は、随時削除していきます。</p>\r\n\r\n<p><strong>5.</strong><strong>個人情報の開示について</strong><strong></strong></p>\r\n\r\n<p>当社は、お客様の同意がない限り、個人情報を第三者に開示することはありません。ただし、以下の事例に該当する場合はその限りではありません。 　a.官庁、裁判所、検察官、警察、弁護士会、消費者センター、またはそれらに準じる権限を有する機関から要請があった場合。 　b.法令に特別の規定がある場合。 　c.法令や当社のご利用規約・注意事項に反する行動から、当社の権利、財産またはサービスを保護または防禦する必要があり、本人の同意を得ることができない場合。</p>\r\n\r\n<p><strong>6.</strong><strong>適用範囲</strong><strong></strong></p>\r\n\r\n<p>以上のプライバシーポリシーに関する適用範囲は、本アプリ内において適用されます。</p>\r\n\r\n\r\n\r\n\r\n\r\n\r\n\r\n\r\n\r\n',1,15,'sandbox-sq0idb-stLFXTaZyTH37G_-96BMFA','LPYTH0Q1Q5392','EAAAEKIA22FHeHHFFFw9NHYw_N7UiW83_IS7hXSErVp6XO2Yg7S8z4vVPgAMuaxj','2021-08-23 10:40:25','2022-03-25 12:37:02'),
(3,'株式会社アスクリエイトコリとりステーション＆手温','koritori.jp',NULL,5,1,'',NULL,1,1,'<h5>（目的）</h5>\r\n    <h3>第１条 本利用規約は、Devotionが提供するクラウドPOSアプリケーション「VISIT」(以下、本アプリ)の利用に関し、これを利用するすべての者に適用される利用条件その他の事項を定めることを目的とします。</h3>\r\n    \r\n    <h5>（定義）</h5>\r\n    <h3>第２条　本利用規約で使用する用語の定義は、次の各号のとおりとします。</h3>\r\n\r\n    <h5>（本利用規約への同意）</h5>\r\n    <h3>第３条 アプリ利用者は、本利用規約の定めに従って本アプリを利用しなければならず、本利用規約の内容を十分に理解した上で、本利用規約に同意しない限り、本アプリを利用できません。</h3>\r\n    <p>アプリ利用者は、実際に本アプリの利用を開始した場合には、本利用規約の内容を十分に理解した上で、本利用規約に同意したものとみなされます。</p>\r\n    \r\n    <h5>（本アプリ等に関する知的財産権等）</h5>\r\n    <h3>第４条 Devotionがアプリ利用者に提供する一切のサービス、プログラム及び各種著作物（本利用規約及び利用手順書等を含みます。以下同じ。）に関する著作権及び著作者人格権、商標権その他の知的財産権並びにノウハウその他の知的財産に係る権利は、全てDevotion又は正当な権利者に帰属し、本アプリの利用は、本利用規約で別途定める場合を除き、アプリ利用者に対するこれらの知的財産に係る権利の移転又は使用権の設定若しくは許諾を意味するものではありません。</h3>\r\n    <h4>１ アプリ利用者は、本アプリの利用に際し、Devotionがアプリ利用者に提供する一切のサービス、プログラム及び各種著作物を次の各号のとおり取り扱うものとします。</h4>\r\n    <p>一 本利用規約に従った本アプリの適正な利用のためにのみ使用すること。</p>\r\n    <p>二 複製、改変、編集、頒布等を行わず、また、リバースエンジニアリングを行わないこと。</p>\r\n    <p>三 営利目的の有無にかかわらず、第三者に貸与、譲渡若しくは承継し、又は担保の設定をしないこと。</p>\r\n    <p>四 Devotion又はDevotionが指定する者が表示した著作権表示又は商標権表示を削除又は変更しないこと。</p>\r\n\r\n    <h5>（利用可能時間及び利用の停止等）</h5>\r\n    <h3>第５条 本アプリの利用可能時間は、原則として24時間365日とします。ただし、サーバの運転状況により、本アプリの一部の機能の提供ができない場合があります。</h3>\r\n    <h4>１Devotionは、次の各号のいずれかに該当すると認められる場合は、アプリ利用者に対し、事前にDevotionの公式サイトまたは本アプリ内に掲載した上で、本アプリの利用の停止、休止又は中断をさせることができるものとします。ただし、緊急を要する場合は、事前に通知することなく本アプリの利用の停止、休止又は中断をさせることができるものとします。</h4>\r\n    <p>一 本アプリの運用機器等のメンテナンスが予定される場合</p>\r\n    <p>二 電気通信事業者の役務が提供されない場合</p>\r\n    <p>三 天災、事変その他の非常事態が発生した場合又は本アプリの運用に係る重大な障害が発生した場合</p>\r\n    <p>四 法令又はこれに基づく措置により、本アプリの運用が不可能となった場合</p>\r\n    <p>五 その他、Devotionにおいて、本アプリの利用の停止、休止又は中断が必要と判断した場合</p>\r\n    <h4>２ Devotionは、本アプリの利用が著しく集中した場合には、本アプリの利用を制限することができるものとします。</h4>\r\n    \r\n    <h5>（アプリ利用者のサポート）</h5>\r\n    <h3>第６条 Devotionは、本アプリに関するお問い合わせを受け付けるため、サポートデスクを設置します。サポートデスクは、アプリ利用者からの本アプリに関するお問い合わせ・ご相談をメールで受け付け、回答することにより、本アプリの利用に係るアプリ利用者の支援を行うとともに、本アプリの機能等の改善を図るための情報の集約を行うことを目的とします。メールの受信可能時間は、原則として24時間365日とします。ただし、メールサーバーの運転状況等により、メールの受信ができない場合があります。また、お問い合わせの内容等により、回答までに時間がかかる場合又は回答しかねる場合があります。</h3>\r\n\r\n    <h5>（禁止事項及び遵守事項）</h5>\r\n    <h3>第７条　アプリ利用者は、本アプリの利用に当たり、次の各号に掲げる行為を行うことを禁じます。</h3>\r\n    <p>一 本アプリを本来の目的以外の目的で利用すること。</p>\r\n    <p>二 不正アクセス行為、本アプリのサーバーやネットワークシステムに支障を与える行為、本アプリを不正に操作する行為、本アプリの不具合を意図的に利用する行為をすること。</p>\r\n    <p>三 類似又は同様の問い合わせを必要以上に繰り返す行為、提供者に対し不当な要求をする行為、その他の提供者による本アプリの適正な管理及び運用並びに第三者による本アプリの利用を妨害し、これらに支障を与える行為をすること。</p>\r\n    <p>四 本アプリに対し、ウイルス・マルウェア等に感染したファイルを故意に送信すること。</p>\r\n    <p>五 法令若しくは公序良俗に違反する行為又はそのおそれがある行為、反社会的勢力に対する利益供与その他の協力行為、提供者又は第三者になりすます行為、意図的に虚偽の情報を流布させる行為をすること。</p>\r\n    <p>六 第三者の個人情報、利用情報などを不正に収集、開示又は提供する行為をすること。</p>\r\n    <p>七 その他、本アプリの適正な運用に支障を及ぼす行為又はそのおそれがある行為であるとDevotionが判断する行為をすること。</p>\r\n\r\n    <h4>２ Devotionは、アプリ利用者が前項各号のいずれかに該当する行為を行った場合又は行うおそれがあると認められた場合は、事前に通知することなく、当該アプリ利用者による本アプリの利用を停止させることができるものとします。</h4>\r\n    <h4>３ アプリ利用者は、本アプリの利用に当たり、以下の事項を遵守するものとします。</h4>\r\n    <p>一 複数のスマートフォン端末を保有する場合は、最も利用する端末に本アプリを導入すること。</p>\r\n    <p>二 アプリ導入端末を第三者に持ち歩かせないようにすること。</p>\r\n    <p>三 本アプリが更新され、アプリ利用者においてダウンロードが可能な状態になったときには、アプリ導入端末に最新のアプリケーションをダウンロードして更新すること。</p>\r\n    <p>四 アプリ導入端末を第三者に譲渡、承継若しくは貸与し、又は破棄する場合は、あらかじめ本アプリを削除すること。</p>\r\n    <h5>（アプリ利用者の設備等）</h5>\r\n    <h3>第８条 アプリ利用者は、本アプリを利用するために必要なすべての機器及びソフトウェア（スマートフォン端末及び通信手段に係るすべてのものを含みます。）を自己の負担において準備するものとします。その際、必要な手続は、アプリ利用者が自己の責任で行うものとします。</h3>\r\n    <p>Ⅰ本アプリを利用するために必要な通信費用その他本アプリの利用に係る一切の費用は、アプリ利用者の負担とします。</p>\r\n    <p>３ アプリ利用者が未成年者である場合は、当該アプリ利用者は、親権者その他の法定代理人が本アプリの利用に同意した上で、自らに対してその使用を認めたスマートフォン端末を使用して、本アプリを利用するものとします。</p>\r\n\r\n    <h5>（免責事項）</h5>\r\n    <h3>第９条 Devotionは、本アプリを利用すること（利用に際してウイルス・マルウェア等に感染したことその他理由の如何を問いません。）又は利用できないこと（本アプリの利用の停止、休止、中断若しくは制限、本アプリの動作不良又は通信回線の障害その他理由の如何を問いません。）その他本アプリに起因又は関連してアプリ利用者又は第三者が被った損害について一切の責任を負わないものとします。</h3>\r\n    <h4>２ アプリ導入端末の位置測定は、アプリ導入端末の性能、所持する方向などの条件や状態によって測定値に差が生じるため、本アプリで計測する接触の距離と時間について正確性を保証するものではありません。</h4>\r\n\r\n    <h5>（アプリの利用中止及び記録の削除）</h5>\r\n    <h3>第１０条 アプリ利用者は、いつでも任意に、本アプリをアプリ導入端末から削除することにより、本アプリの利用を中止できます。本アプリをアプリ導入端末から削除した場合は、その端末に記録されていた情報は、全て削除され復元はできません。</h3>\r\n\r\n    <h5>（本利用規約の変更）</h5>\r\n    <h3>第１１条</h3>\r\n    <h4>１Devotionが必要があると認めるときは、アプリ利用者に対し事前に通知を行うことなく、いつでも本利用規約を変更することができるものとします。</h4>\r\n    <h4>２ Devotionは、本利用規約の変更を行った場合には、遅滞なく本アプリ内に掲載するものとし、変更後の本利用規約はかかる掲載がなされた時点からその効力を生ずるものとします。</h4>\r\n    <h4>３ 前項に規定する変更後の本利用規約の掲載後に、アプリ利用者が本アプリを実際に利用した場合には、当該利用の時点で、アプリ利用者は変更後の本利用規約の内容を十分に理解した上で、変更後の本利用規約に同意したものとみなされます。</h4>\r\n\r\n    <h5>（譲渡等禁止）</h5>\r\n    <h3>第１２条 本アプリの利用権は、第三者に譲渡、貸与、承継、相続又は担保として提供することはできません。</h3>\r\n\r\n    <h5>（準拠法及び合意管轄）</h5>\r\n    <h3>第１３条 本利用規約及び本アプリの利用に関連するすべての事項の準拠法は、日本法とします。</h3>\r\n    <h4>２ 本アプリの利用に起因又は関連してDevotionとアプリ利用者との間に生じたすべての紛争については、名古屋地方裁判所を第一審の専属的合意管轄裁判所とします。</h4>',1,15,NULL,NULL,'','2021-08-23 10:41:37','2022-02-26 14:48:26'),
(4,'Libero Entertainment ','libero-school.com',NULL,5,1,'',NULL,1,0,'<h5>（目的）</h5>\r\n    <h3>第１条 本利用規約は、Devotionが提供するクラウドPOSアプリケーション「VISIT」(以下、本アプリ)の利用に関し、これを利用するすべての者に適用される利用条件その他の事項を定めることを目的とします。</h3>\r\n    \r\n    <h5>（定義）</h5>\r\n    <h3>第２条　本利用規約で使用する用語の定義は、次の各号のとおりとします。</h3>\r\n\r\n    <h5>（本利用規約への同意）</h5>\r\n    <h3>第３条 アプリ利用者は、本利用規約の定めに従って本アプリを利用しなければならず、本利用規約の内容を十分に理解した上で、本利用規約に同意しない限り、本アプリを利用できません。</h3>\r\n    <p>アプリ利用者は、実際に本アプリの利用を開始した場合には、本利用規約の内容を十分に理解した上で、本利用規約に同意したものとみなされます。</p>\r\n    \r\n    <h5>（本アプリ等に関する知的財産権等）</h5>\r\n    <h3>第４条 Devotionがアプリ利用者に提供する一切のサービス、プログラム及び各種著作物（本利用規約及び利用手順書等を含みます。以下同じ。）に関する著作権及び著作者人格権、商標権その他の知的財産権並びにノウハウその他の知的財産に係る権利は、全てDevotion又は正当な権利者に帰属し、本アプリの利用は、本利用規約で別途定める場合を除き、アプリ利用者に対するこれらの知的財産に係る権利の移転又は使用権の設定若しくは許諾を意味するものではありません。</h3>\r\n    <h4>１ アプリ利用者は、本アプリの利用に際し、Devotionがアプリ利用者に提供する一切のサービス、プログラム及び各種著作物を次の各号のとおり取り扱うものとします。</h4>\r\n    <p>一 本利用規約に従った本アプリの適正な利用のためにのみ使用すること。</p>\r\n    <p>二 複製、改変、編集、頒布等を行わず、また、リバースエンジニアリングを行わないこと。</p>\r\n    <p>三 営利目的の有無にかかわらず、第三者に貸与、譲渡若しくは承継し、又は担保の設定をしないこと。</p>\r\n    <p>四 Devotion又はDevotionが指定する者が表示した著作権表示又は商標権表示を削除又は変更しないこと。</p>\r\n\r\n    <h5>（利用可能時間及び利用の停止等）</h5>\r\n    <h3>第５条 本アプリの利用可能時間は、原則として24時間365日とします。ただし、サーバの運転状況により、本アプリの一部の機能の提供ができない場合があります。</h3>\r\n    <h4>１Devotionは、次の各号のいずれかに該当すると認められる場合は、アプリ利用者に対し、事前にDevotionの公式サイトまたは本アプリ内に掲載した上で、本アプリの利用の停止、休止又は中断をさせることができるものとします。ただし、緊急を要する場合は、事前に通知することなく本アプリの利用の停止、休止又は中断をさせることができるものとします。</h4>\r\n    <p>一 本アプリの運用機器等のメンテナンスが予定される場合</p>\r\n    <p>二 電気通信事業者の役務が提供されない場合</p>\r\n    <p>三 天災、事変その他の非常事態が発生した場合又は本アプリの運用に係る重大な障害が発生した場合</p>\r\n    <p>四 法令又はこれに基づく措置により、本アプリの運用が不可能となった場合</p>\r\n    <p>五 その他、Devotionにおいて、本アプリの利用の停止、休止又は中断が必要と判断した場合</p>\r\n    <h4>２ Devotionは、本アプリの利用が著しく集中した場合には、本アプリの利用を制限することができるものとします。</h4>\r\n    \r\n    <h5>（アプリ利用者のサポート）</h5>\r\n    <h3>第６条 Devotionは、本アプリに関するお問い合わせを受け付けるため、サポートデスクを設置します。サポートデスクは、アプリ利用者からの本アプリに関するお問い合わせ・ご相談をメールで受け付け、回答することにより、本アプリの利用に係るアプリ利用者の支援を行うとともに、本アプリの機能等の改善を図るための情報の集約を行うことを目的とします。メールの受信可能時間は、原則として24時間365日とします。ただし、メールサーバーの運転状況等により、メールの受信ができない場合があります。また、お問い合わせの内容等により、回答までに時間がかかる場合又は回答しかねる場合があります。</h3>\r\n\r\n    <h5>（禁止事項及び遵守事項）</h5>\r\n    <h3>第７条　アプリ利用者は、本アプリの利用に当たり、次の各号に掲げる行為を行うことを禁じます。</h3>\r\n    <p>一 本アプリを本来の目的以外の目的で利用すること。</p>\r\n    <p>二 不正アクセス行為、本アプリのサーバーやネットワークシステムに支障を与える行為、本アプリを不正に操作する行為、本アプリの不具合を意図的に利用する行為をすること。</p>\r\n    <p>三 類似又は同様の問い合わせを必要以上に繰り返す行為、提供者に対し不当な要求をする行為、その他の提供者による本アプリの適正な管理及び運用並びに第三者による本アプリの利用を妨害し、これらに支障を与える行為をすること。</p>\r\n    <p>四 本アプリに対し、ウイルス・マルウェア等に感染したファイルを故意に送信すること。</p>\r\n    <p>五 法令若しくは公序良俗に違反する行為又はそのおそれがある行為、反社会的勢力に対する利益供与その他の協力行為、提供者又は第三者になりすます行為、意図的に虚偽の情報を流布させる行為をすること。</p>\r\n    <p>六 第三者の個人情報、利用情報などを不正に収集、開示又は提供する行為をすること。</p>\r\n    <p>七 その他、本アプリの適正な運用に支障を及ぼす行為又はそのおそれがある行為であるとDevotionが判断する行為をすること。</p>\r\n\r\n    <h4>２ Devotionは、アプリ利用者が前項各号のいずれかに該当する行為を行った場合又は行うおそれがあると認められた場合は、事前に通知することなく、当該アプリ利用者による本アプリの利用を停止させることができるものとします。</h4>\r\n    <h4>３ アプリ利用者は、本アプリの利用に当たり、以下の事項を遵守するものとします。</h4>\r\n    <p>一 複数のスマートフォン端末を保有する場合は、最も利用する端末に本アプリを導入すること。</p>\r\n    <p>二 アプリ導入端末を第三者に持ち歩かせないようにすること。</p>\r\n    <p>三 本アプリが更新され、アプリ利用者においてダウンロードが可能な状態になったときには、アプリ導入端末に最新のアプリケーションをダウンロードして更新すること。</p>\r\n    <p>四 アプリ導入端末を第三者に譲渡、承継若しくは貸与し、又は破棄する場合は、あらかじめ本アプリを削除すること。</p>\r\n    <h5>（アプリ利用者の設備等）</h5>\r\n    <h3>第８条 アプリ利用者は、本アプリを利用するために必要なすべての機器及びソフトウェア（スマートフォン端末及び通信手段に係るすべてのものを含みます。）を自己の負担において準備するものとします。その際、必要な手続は、アプリ利用者が自己の責任で行うものとします。</h3>\r\n    <p>Ⅰ本アプリを利用するために必要な通信費用その他本アプリの利用に係る一切の費用は、アプリ利用者の負担とします。</p>\r\n    <p>３ アプリ利用者が未成年者である場合は、当該アプリ利用者は、親権者その他の法定代理人が本アプリの利用に同意した上で、自らに対してその使用を認めたスマートフォン端末を使用して、本アプリを利用するものとします。</p>\r\n\r\n    <h5>（免責事項）</h5>\r\n    <h3>第９条 Devotionは、本アプリを利用すること（利用に際してウイルス・マルウェア等に感染したことその他理由の如何を問いません。）又は利用できないこと（本アプリの利用の停止、休止、中断若しくは制限、本アプリの動作不良又は通信回線の障害その他理由の如何を問いません。）その他本アプリに起因又は関連してアプリ利用者又は第三者が被った損害について一切の責任を負わないものとします。</h3>\r\n    <h4>２ アプリ導入端末の位置測定は、アプリ導入端末の性能、所持する方向などの条件や状態によって測定値に差が生じるため、本アプリで計測する接触の距離と時間について正確性を保証するものではありません。</h4>\r\n\r\n    <h5>（アプリの利用中止及び記録の削除）</h5>\r\n    <h3>第１０条 アプリ利用者は、いつでも任意に、本アプリをアプリ導入端末から削除することにより、本アプリの利用を中止できます。本アプリをアプリ導入端末から削除した場合は、その端末に記録されていた情報は、全て削除され復元はできません。</h3>\r\n\r\n    <h5>（本利用規約の変更）</h5>\r\n    <h3>第１１条</h3>\r\n    <h4>１Devotionが必要があると認めるときは、アプリ利用者に対し事前に通知を行うことなく、いつでも本利用規約を変更することができるものとします。</h4>\r\n    <h4>２ Devotionは、本利用規約の変更を行った場合には、遅滞なく本アプリ内に掲載するものとし、変更後の本利用規約はかかる掲載がなされた時点からその効力を生ずるものとします。</h4>\r\n    <h4>３ 前項に規定する変更後の本利用規約の掲載後に、アプリ利用者が本アプリを実際に利用した場合には、当該利用の時点で、アプリ利用者は変更後の本利用規約の内容を十分に理解した上で、変更後の本利用規約に同意したものとみなされます。</h4>\r\n\r\n    <h5>（譲渡等禁止）</h5>\r\n    <h3>第１２条 本アプリの利用権は、第三者に譲渡、貸与、承継、相続又は担保として提供することはできません。</h3>\r\n\r\n    <h5>（準拠法及び合意管轄）</h5>\r\n    <h3>第１３条 本利用規約及び本アプリの利用に関連するすべての事項の準拠法は、日本法とします。</h3>\r\n    <h4>２ 本アプリの利用に起因又は関連してDevotionとアプリ利用者との間に生じたすべての紛争については、名古屋地方裁判所を第一審の専属的合意管轄裁判所とします。</h4>',1,15,'sandbox-sq0idb-CdG8-HaCsNN_VRA14OfYOA','L6JQJ7XDM466Q','','2021-08-23 10:42:19','2022-02-26 14:48:35');

/*Table structure for table `company_sites` */

DROP TABLE IF EXISTS `company_sites`;

CREATE TABLE `company_sites` (
  `id` int(6) NOT NULL AUTO_INCREMENT,
  `company_id` int(6) DEFAULT NULL,
  `site_title` varchar(255) DEFAULT NULL,
  `site_url` varchar(1024) DEFAULT NULL,
  `visible` int(1) DEFAULT NULL,
  `create_date` datetime DEFAULT NULL,
  `update_date` datetime DEFAULT NULL,
  PRIMARY KEY (`id`) USING BTREE
) ENGINE=InnoDB AUTO_INCREMENT=17 DEFAULT CHARSET=utf8 ROW_FORMAT=DYNAMIC;

/*Data for the table `company_sites` */

insert  into `company_sites`(`id`,`company_id`,`site_title`,`site_url`,`visible`,`create_date`,`update_date`) values 
(3,3,NULL,'https://ticket.koritori.jp',NULL,'2021-10-01 01:06:52','2021-10-01 01:06:55'),
(10,2,'通販','https://ticket.riraku-kan.jp/',1,'2022-02-01 07:16:22','2022-02-01 07:16:22'),
(11,2,'公式サイト','https://riraku-kan.jp/',1,'2022-02-01 07:16:52','2022-02-01 07:16:52'),
(13,4,'公式サイト','https://libero-school.com/',1,'2022-03-13 00:27:07','2022-03-13 00:27:07'),
(16,1,'イベント情報&店長からの直送便','https://conceptbar.info/app/',1,'2022-06-05 21:45:23','2022-06-05 21:45:23');

/*Table structure for table `connect_home_menus` */

DROP TABLE IF EXISTS `connect_home_menus`;

CREATE TABLE `connect_home_menus` (
  `id` int(6) NOT NULL AUTO_INCREMENT,
  `company_id` int(6) DEFAULT NULL,
  `menu_name` varchar(255) DEFAULT NULL,
  `menu_key` varchar(255) DEFAULT NULL,
  `is_use` int(1) DEFAULT NULL,
  `sort` int(1) DEFAULT NULL,
  `create_date` datetime DEFAULT NULL,
  `update_date` datetime DEFAULT NULL,
  PRIMARY KEY (`id`) USING BTREE
) ENGINE=InnoDB AUTO_INCREMENT=48 DEFAULT CHARSET=utf8 ROW_FORMAT=DYNAMIC;

/*Data for the table `connect_home_menus` */

insert  into `connect_home_menus`(`id`,`company_id`,`menu_name`,`menu_key`,`is_use`,`sort`,`create_date`,`update_date`) values 
(1,1,'予約','connect_reserve',0,1,'2021-10-10 10:12:58','2023-04-25 21:48:33'),
(2,1,'チェックイン','connect_check_in',2,2,'2021-10-10 10:12:58','2022-10-23 03:56:00'),
(3,1,'メッセージ','connect_message',2,3,'2021-10-10 10:12:58','2022-10-23 03:56:02'),
(4,1,'スタンプ','connect_coupon',2,4,'2021-10-10 10:12:58','2022-10-23 03:56:05'),
(5,1,'通販','connect_sale',1,9,'2021-10-10 10:12:58','2022-10-09 23:17:18'),
(6,1,'先生のアドバイス','connect_advise',0,8,'2021-10-10 10:12:58','2023-03-07 03:26:17'),
(7,1,'次の予約と履歴','connect_history',0,5,'2021-10-10 10:12:58','2022-10-04 12:32:03'),
(8,1,'店舗一覧','connect_organ',1,6,'2021-10-10 10:12:58','2023-03-07 03:40:26'),
(9,2,'予約','connect_reserve',2,2,'2021-10-19 15:59:56','2022-10-23 00:36:28'),
(10,2,'チェックイン','connect_check_in',2,3,'2021-10-19 15:59:56','2022-10-23 00:36:31'),
(11,2,'メッセージ','connect_message',2,6,'2021-10-19 15:59:56','2022-10-23 00:38:38'),
(12,2,'スタンプ','connect_coupon',2,5,'2021-10-19 15:59:56','2022-10-23 00:36:37'),
(13,2,'通販','connect_sale',1,10,'2021-10-19 15:59:56','2022-05-10 14:50:12'),
(14,2,'先生のアドバイス','connect_advise',0,9,'2021-10-19 15:59:56','2022-05-10 14:50:13'),
(15,2,'次の予約と履歴','connect_history',2,4,'2021-10-19 15:59:56','2022-10-23 00:36:34'),
(16,2,'店舗一覧','connect_organ',1,8,'2021-10-19 15:59:56','2022-05-10 14:50:14'),
(18,3,'予約','connect_reserve',1,1,'2021-10-19 15:59:56','2021-10-19 15:59:59'),
(19,3,'チェックイン','connect_check_in',1,2,'2021-10-19 15:59:56','2021-10-19 15:59:59'),
(20,3,'メッセージ','connect_message',1,3,'2021-10-19 15:59:56','2021-10-19 15:59:59'),
(21,3,'スタンプ','connect_coupon',1,4,'2021-10-19 15:59:56','2021-10-19 16:53:09'),
(22,3,'通販','connect_sale',1,5,'2021-10-19 15:59:56','2021-10-19 15:59:59'),
(23,3,'先生のアドバイス','connect_advise',1,6,'2021-10-19 15:59:56','2021-10-19 15:59:59'),
(24,3,'履歴','connect_history',0,7,'2021-10-19 15:59:56','2021-10-19 16:53:13'),
(25,3,'店舗一覧','connect_organ',0,8,'2021-10-19 15:59:56','2021-10-19 16:53:12'),
(27,4,'チェックイン','connect_check_in',2,2,'2021-10-19 15:59:56','2022-10-23 04:33:47'),
(28,4,'メッセージ','connect_message',2,3,'2021-10-19 15:59:56','2022-10-23 04:33:49'),
(29,4,'スタンプ','connect_coupon',1,5,'2021-10-19 15:59:56','2023-03-07 19:28:03'),
(30,4,'通販','connect_sale',1,9,'2021-10-19 15:59:56','2022-10-04 12:26:43'),
(31,4,'先生のアドバイス','connect_advise',0,8,'2021-10-19 15:59:56','2022-06-27 21:30:53'),
(32,4,'履歴','connect_history',0,4,'2021-10-19 15:59:56','2022-06-27 21:31:19'),
(33,4,'店舗一覧','connect_organ',1,7,'2021-10-19 15:59:56','2022-10-04 12:26:40'),
(38,2,'商品一覧','connect_product',2,7,'2022-01-28 12:07:11','2022-10-23 00:38:46'),
(39,1,'商品一覧','connect_product',0,7,'2022-02-23 05:42:55','2023-03-07 03:40:26'),
(40,4,'予約','connect_reserve',2,1,'2022-03-08 16:09:35','2022-12-04 16:35:04'),
(41,4,'商品一覧','connect_product',0,6,'2022-03-08 16:10:19','2022-06-27 21:30:49'),
(42,2,'イベントカレンダー','connect_event',0,1,'2022-04-19 13:23:10','2022-11-09 15:08:08'),
(44,1,'イベントカレンダー','connect_event',0,10,'2022-04-19 13:23:32','2022-10-09 23:17:11'),
(46,4,'イベントカレンダー','connect_event',0,10,'2022-04-19 13:23:54','2022-06-27 21:31:01');

/*Table structure for table `coupons` */

DROP TABLE IF EXISTS `coupons`;

CREATE TABLE `coupons` (
  `coupon_id` int(6) NOT NULL AUTO_INCREMENT,
  `company_id` int(6) DEFAULT NULL,
  `coupon_name` varchar(255) DEFAULT NULL,
  `coupon_code` varchar(255) DEFAULT NULL,
  `discount_rate` varchar(10) DEFAULT NULL,
  `discount_amount` varchar(10) DEFAULT NULL,
  `upper_amount` varchar(10) DEFAULT NULL,
  `use_date` date DEFAULT NULL,
  `condition` int(1) DEFAULT NULL,
  `use_organ_id` int(6) DEFAULT NULL,
  `comment` text DEFAULT NULL,
  `staff_id` int(6) DEFAULT NULL,
  `is_use` int(1) DEFAULT NULL,
  `visible` int(1) DEFAULT NULL,
  `create_date` datetime DEFAULT NULL,
  `update_date` datetime DEFAULT NULL,
  PRIMARY KEY (`coupon_id`) USING BTREE
) ENGINE=InnoDB AUTO_INCREMENT=34 DEFAULT CHARSET=utf8 ROW_FORMAT=DYNAMIC;

/*Data for the table `coupons` */

insert  into `coupons`(`coupon_id`,`company_id`,`coupon_name`,`coupon_code`,`discount_rate`,`discount_amount`,`upper_amount`,`use_date`,`condition`,`use_organ_id`,`comment`,`staff_id`,`is_use`,`visible`,`create_date`,`update_date`) values 
(1,1,'クーポン',NULL,NULL,NULL,NULL,'2021-09-26',1,2,'○○○○○○\n○○○○○○\n○○○○○○\n○○○○○○',NULL,1,0,'2021-09-14 23:21:58','2021-09-14 23:22:43'),
(3,1,'12323',NULL,NULL,NULL,NULL,'2021-09-16',1,0,'232323323\n',NULL,1,0,'2021-09-15 00:00:08','2021-09-15 00:31:38'),
(4,1,'1234','12345','5',NULL,NULL,'2021-09-20',1,0,'wwwwwwwwww\nwwwwwwwwwww\n',NULL,1,0,'2021-09-15 11:18:05','2021-09-15 11:18:05'),
(5,1,'チェキ','なし','100',NULL,'800','2050-07-22',2,0,'スタッフとチェキの撮影1枚無料✨\n',2,1,0,'2021-09-15 11:19:27','2022-10-09 23:33:17'),
(10,2,'誕生日クーポン','12345',NULL,'300',NULL,'2022-04-30',1,0,'50分コース以上に使えます。',NULL,1,0,'2022-03-10 18:38:30','2022-03-17 15:57:36'),
(11,2,'得得クーポン','11','50',NULL,'2000','2022-06-18',1,0,'テスト',NULL,1,1,'2022-03-18 17:54:59','2022-03-18 17:54:59'),
(16,1,'スタッフドリンク一杯無料','スタッフドリンク一杯無料','100',NULL,'1000','2050-05-11',2,0,'\n',2,1,1,'2022-05-10 09:10:08','2023-04-24 01:52:41'),
(17,2,'シニア','55','10',NULL,'1000','2023-07-30',1,0,'テスト',50,1,1,'2022-05-10 12:44:26','2022-05-14 09:40:24'),
(21,1,'Tシャツプレゼント','なし','100','5000',NULL,'2050-10-09',1,0,'なし\n',2,1,1,'2022-10-09 23:45:56','2023-04-26 14:15:37'),
(26,1,'Test','1111',NULL,'1111',NULL,'2023-03-15',1,2,'Test\nTest',1,1,0,'2023-03-07 15:10:33','2023-03-07 15:10:47'),
(27,1,'Test 1','2222',NULL,'2222',NULL,'2023-03-12',1,2,'2222',1,1,0,'2023-03-07 15:15:28','2023-03-07 15:15:28'),
(28,4,'111','2222','1',NULL,'1111','2023-03-12',2,35,'22222222222',1,1,1,'2023-03-08 00:35:15','2023-03-08 00:35:15'),
(29,1,'30分延長無料','なし','100',NULL,'2000','2050-04-24',2,0,'延長無料',2,1,1,'2023-04-24 01:37:23','2023-04-26 14:15:24'),
(30,1,'チェキホルダープレゼント','1234','100',NULL,NULL,'2050-04-24',2,0,'チェキホルダープレゼント',2,1,1,'2023-04-24 01:40:04','2023-04-26 14:15:15'),
(31,1,'Tシャツプレゼント','なし','100',NULL,NULL,'2050-12-24',2,0,'Tシャツプレゼント',2,1,1,'2023-04-24 01:41:13','2023-04-26 14:15:09'),
(32,1,'シャンパンラベル','1234','100',NULL,NULL,'2050-04-24',2,0,'シャンパンラベル',2,1,1,'2023-04-24 01:42:29','2023-04-26 14:14:56'),
(33,1,'チェキ1枚無料','なし','100',NULL,'900','2050-04-24',2,0,'チェキ1枚無料',2,1,1,'2023-04-24 02:19:45','2023-04-26 14:14:40');

/*Table structure for table `crm_user_device_tbl` */

DROP TABLE IF EXISTS `crm_user_device_tbl`;

CREATE TABLE `crm_user_device_tbl` (
  `id` int(6) NOT NULL AUTO_INCREMENT,
  `user_id` int(6) DEFAULT NULL,
  `device_id` varchar(255) DEFAULT NULL,
  `del_flag` int(11) DEFAULT NULL,
  `create_date` datetime DEFAULT NULL,
  `update_date` datetime DEFAULT NULL,
  PRIMARY KEY (`id`) USING BTREE
) ENGINE=InnoDB AUTO_INCREMENT=6 DEFAULT CHARSET=utf8 ROW_FORMAT=DYNAMIC;

/*Data for the table `crm_user_device_tbl` */

insert  into `crm_user_device_tbl`(`id`,`user_id`,`device_id`,`del_flag`,`create_date`,`update_date`) values 
(5,6,'90ac89fb67150954',0,'2021-08-11 18:49:21','2021-08-11 18:49:21');

/*Table structure for table `crm_user_tbl` */

DROP TABLE IF EXISTS `crm_user_tbl`;

CREATE TABLE `crm_user_tbl` (
  `id` int(6) NOT NULL AUTO_INCREMENT,
  `alias` varchar(255) DEFAULT NULL,
  `phone` varchar(255) DEFAULT NULL,
  `mail_address` varchar(255) DEFAULT NULL,
  `sex` varchar(255) DEFAULT NULL,
  `birthday` date DEFAULT NULL,
  `del_flag` int(11) DEFAULT NULL,
  `create_date` datetime DEFAULT NULL,
  `update_date` datetime DEFAULT NULL,
  PRIMARY KEY (`id`) USING BTREE
) ENGINE=InnoDB AUTO_INCREMENT=7 DEFAULT CHARSET=utf8 ROW_FORMAT=DYNAMIC;

/*Data for the table `crm_user_tbl` */

insert  into `crm_user_tbl`(`id`,`alias`,`phone`,`mail_address`,`sex`,`birthday`,`del_flag`,`create_date`,`update_date`) values 
(6,'777','777','777','1','1981-10-06',0,'2021-08-11 18:49:21','2021-08-11 18:49:21');

/*Table structure for table `device_tokens` */

DROP TABLE IF EXISTS `device_tokens`;

CREATE TABLE `device_tokens` (
  `id` int(6) NOT NULL AUTO_INCREMENT,
  `staff_id` int(6) DEFAULT NULL,
  `device_token` varchar(255) DEFAULT NULL,
  `create_date` datetime DEFAULT NULL,
  `update_date` datetime DEFAULT NULL,
  PRIMARY KEY (`id`) USING BTREE
) ENGINE=InnoDB AUTO_INCREMENT=290 DEFAULT CHARSET=utf8 ROW_FORMAT=DYNAMIC;

/*Data for the table `device_tokens` */

insert  into `device_tokens`(`id`,`staff_id`,`device_token`,`create_date`,`update_date`) values 
(237,60,'eg7WDfzFNUXVoi4fJbQgtQ:APA91bGMnGTrfazdtTdRL55HlgV0eTpdVbLzGkSGr4Q1Ew0QK0M1SDrSFwQxjr3YykTaSEForAHX4XWb-ntceqsSPHs-TgW-mXcicYRzTWewtoDDSw68dHl8rBfVFihMfoppQOImBlVP','2023-04-23 21:43:11','2023-04-23 21:43:11'),
(240,63,'czXs82heKklBrlVQIZOUFB:APA91bHs8vSMAOycnrsjRfu5E5hH4CHP7vjal2WNps9ia5UqdanDjVL_Vfycjl5J3PkEsZ2bVxm91jTvOnASs1-j5e03gKiHVByrzhrtQtjnTD6yE2Ry-n0lt6P1Ae6jnajP8NPsnaDi','2023-04-23 21:47:15','2023-04-23 21:47:15'),
(242,9,'eLHpXK6680MpqHMY1MTBJF:APA91bHDKsChfj63pK_nEqbzfhFUxD_O0dZJeWRffTkW2f__Sybth-vYfF0pC1kqevdBo960sHg-zI5hkVKVaGsmPl0rJIjoCNvyX4RPvglWBikztpmQqb6_ki-LNpJ1tzUpXXaJkAvZ','2023-04-23 21:54:22','2023-04-23 21:54:22'),
(256,25,'fAJ1v5gqIktmgsq4J9S4cw:APA91bEjr7thb93SwFRLaNiswjIjDgyH7NGZPWFFa0pjURv7yy64ZhsY4RBZIy78TVdE9cb-ehkdo8W0MVfIK5wo80kVFJh8mXCtsjiey973tZOXx5RdbpufmWPV2-182velu2MawlCO','2023-04-26 10:03:13','2023-04-26 10:03:13'),
(257,3,'eubWEnQX6EELs4w0uK55jh:APA91bFBjBYz9kf_mx1TgsYxYp-dKPK7uitkbkvypOumCsCZ2tTs8qvN4bvJNt4c46nqN87HxiU3szbVdXRs3RUpEls1YTWsCcZEdgvu6y59UkbFUlr5gJVTLQ43Y4oaIrAmWMZcX_vO','2023-04-26 10:03:13','2023-04-26 10:03:13'),
(259,31,'egAMs5Sm3koZnQo_vqaFNi:APA91bEisNZbW1ro2FHjgcGrjwSvyzrfLNNmAJ_-kD-R7FXLKpsxnLnhgYRLpzqShscKetkjdLd9QN-sCK1e39bePnGR7eQ3ZPIHddrnZk1nuq1cjhJjZJ9Jb-MhT6PAHmcWuA5zo_Mh','2023-04-26 10:03:25','2023-04-26 10:03:25'),
(265,76,'dCeDLuZ_R-u5y9DaVM_EHW:APA91bFh5gGYyuq8xlntB_tKtjdi8AKD61-gWl7fv4EddvRextQ258vOjTcK5v9qe5UMB51xg-CcJxiKjDFvYxVr3rk9GTWJI5l1jAvdvDNg0at3pmpwcgZ6wpIZ5kiK18cxivKleE-X','2023-04-26 12:53:56','2023-04-26 12:53:56'),
(283,77,'eN7oVQ0fQY2ZqFqXLoy2_t:APA91bHcAwIiKwm9RG3akkR-zIPrPbpw9QeVwYQl87FdH2ao6ockTVe94b9CFvnpx5MwYbpPwl9WiufScvvK3Fj3wuhGVyCuk_mBZ3zU7Gvmkx911wxU_I30RARC8WhvCKp8c2R6lj1q','2023-04-27 16:30:49','2023-04-27 16:30:49'),
(287,1,'fRmbzT_yw0xPljZR1qxluT:APA91bGmPpmFLWEe359fZYZGRdjRgtdkbXY_Met-DAj-3Bw_C1AzftU-Hk7XH6yxJ2J50exF6E_TgnGzWZQKhWUoFONhuqtvjWEbdBiybbVCgW_SZEzqDWbbQSo2HsG6ErcPSQmiyQiX','2023-04-28 08:22:36','2023-04-30 13:04:03'),
(289,75,'cfRDPTcgRb2Q5IJpDbspir:APA91bGLAZDPc4tBxEMw-xNDj4I_PzGuqRYeZK8YqWgXR0rvo_5jlZUb1bqJfOY5LlZiQe-cAZqG_JhucemGfxhDsB0Bzlsf2cC0_aC-JmE0QDP_LGicg7DuxldJz4Yt0B7Aex0VO6bF','2023-05-01 02:15:58','2023-05-01 02:15:58');

/*Table structure for table `events` */

DROP TABLE IF EXISTS `events`;

CREATE TABLE `events` (
  `id` int(6) NOT NULL AUTO_INCREMENT,
  `company_id` int(6) DEFAULT NULL,
  `organ_id` int(6) DEFAULT NULL,
  `from_time` datetime DEFAULT NULL,
  `to_time` datetime DEFAULT NULL,
  `comment` varchar(255) DEFAULT NULL,
  `event_url` varchar(255) DEFAULT NULL,
  `reg_staff_id` int(6) DEFAULT NULL,
  `create_date` datetime DEFAULT NULL,
  `update_date` datetime DEFAULT NULL,
  PRIMARY KEY (`id`) USING BTREE
) ENGINE=InnoDB AUTO_INCREMENT=18 DEFAULT CHARSET=utf8 ROW_FORMAT=DYNAMIC;

/*Data for the table `events` */

insert  into `events`(`id`,`company_id`,`organ_id`,`from_time`,`to_time`,`comment`,`event_url`,`reg_staff_id`,`create_date`,`update_date`) values 
(11,2,4,'2022-05-10 15:00:00','2022-05-10 17:00:00','イベント','',50,'2022-05-10 14:43:01','2022-05-10 14:43:01'),
(12,2,0,'2022-05-13 19:07:22','2022-05-13 21:07:22','都スト','',50,'2022-05-13 19:07:47','2022-05-13 19:07:47'),
(13,2,4,'2022-06-03 10:00:53','2022-06-03 22:00:53','','',40,'2022-06-03 11:38:39','2022-06-03 11:38:39'),
(14,1,2,'2022-06-02 10:30:00','2022-06-02 12:30:00','特別イベント','',1,'2022-06-05 21:40:55','2022-06-18 15:44:00'),
(15,1,38,'2022-10-10 18:00:00','2022-10-10 23:45:00','周年','',2,'2022-10-09 23:13:29','2022-10-09 23:13:29'),
(16,1,38,'2022-10-11 00:00:00','2022-10-11 05:30:00','周年','',2,'2022-10-09 23:14:12','2022-10-09 23:14:12'),
(17,1,2,'2023-04-25 15:13:35','2023-04-25 17:13:35','','',1,'2023-04-25 22:14:13','2023-04-25 22:14:13');

/*Table structure for table `fitnesses` */

DROP TABLE IF EXISTS `fitnesses`;

CREATE TABLE `fitnesses` (
  `fitness_id` int(6) NOT NULL AUTO_INCREMENT,
  `company_id` int(6) DEFAULT NULL,
  `group_id` int(6) DEFAULT NULL,
  `message` text DEFAULT NULL,
  `file_name` varchar(255) DEFAULT NULL,
  `file_url` varchar(255) DEFAULT NULL,
  `file_type` int(1) DEFAULT NULL,
  `create_date` datetime DEFAULT NULL,
  `update_date` datetime DEFAULT NULL,
  PRIMARY KEY (`fitness_id`) USING BTREE
) ENGINE=InnoDB AUTO_INCREMENT=21 DEFAULT CHARSET=utf8 ROW_FORMAT=DYNAMIC;

/*Data for the table `fitnesses` */

insert  into `fitnesses`(`fitness_id`,`company_id`,`group_id`,`message`,`file_name`,`file_url`,`file_type`,`create_date`,`update_date`) values 
(1,1,39,'21',NULL,NULL,NULL,'2021-10-10 11:34:10','2021-10-10 11:34:10'),
(2,1,39,'sdsd',NULL,NULL,NULL,'2021-10-10 11:35:35','2021-10-10 11:35:35'),
(3,1,NULL,'sssss',NULL,NULL,NULL,'2021-10-10 11:36:01','2021-10-10 11:36:01'),
(4,1,NULL,'こんにちは',NULL,NULL,NULL,'2021-11-07 19:28:06','2021-11-07 19:28:06'),
(5,1,NULL,'あ',NULL,NULL,NULL,'2021-11-08 13:26:03','2021-11-08 13:26:03'),
(6,1,43,'あああ',NULL,NULL,NULL,'2021-11-08 13:26:36','2021-11-08 13:26:36'),
(7,1,NULL,'ゆ',NULL,NULL,NULL,'2021-11-09 09:27:32','2021-11-09 09:27:32'),
(8,1,NULL,'こここ',NULL,NULL,NULL,'2021-11-09 09:27:39','2021-11-09 09:27:39'),
(9,1,NULL,'を',NULL,NULL,NULL,'2021-11-09 09:27:50','2021-11-09 09:27:50'),
(10,1,43,'いいい',NULL,NULL,NULL,'2021-11-09 09:33:18','2021-11-09 09:33:18'),
(11,1,43,'うえお',NULL,NULL,NULL,'2021-11-09 09:33:23','2021-11-09 09:33:23'),
(12,1,45,'テスト',NULL,NULL,NULL,'2021-11-10 17:49:29','2021-11-10 17:49:29'),
(13,1,41,'mo',NULL,'msg_attach_file_20211117014531642506.mp4',2,'2021-11-17 01:46:28','2021-11-17 01:46:28'),
(14,1,39,'動画テスト',NULL,'msg_attach_file_20211117164003756352.mp4',2,'2021-11-17 16:40:09','2021-11-17 16:40:09'),
(15,1,39,'動画テスト2',NULL,'msg_attach_file_20211117164117980793.mp4',2,'2021-11-17 16:41:21','2021-11-17 16:41:21'),
(16,1,39,'静止画',NULL,'msg_attach_file_20211117164145251769.jpg',1,'2021-11-17 16:41:50','2021-11-17 16:41:50'),
(17,1,44,'テストです',NULL,'msg_attach_file_20211202121730052933.jpg',1,'2021-12-02 12:17:30','2021-12-02 12:17:30'),
(18,1,NULL,'テスト',NULL,'msg_attach_file_20211207155246878987.jpg',1,'2021-12-07 15:52:48','2021-12-07 15:52:48'),
(19,1,39,'テストです',NULL,'msg_attach_file_20211207155521160976.mp4',2,'2021-12-07 15:55:22','2021-12-07 15:55:22'),
(20,1,39,'ok?',NULL,NULL,NULL,'2021-12-07 15:55:46','2021-12-07 15:55:46');

/*Table structure for table `group_users` */

DROP TABLE IF EXISTS `group_users`;

CREATE TABLE `group_users` (
  `id` int(6) NOT NULL AUTO_INCREMENT,
  `group_id` int(6) DEFAULT NULL,
  `user_id` int(6) DEFAULT NULL,
  `create_date` datetime DEFAULT NULL,
  `update_date` datetime DEFAULT NULL,
  PRIMARY KEY (`id`) USING BTREE
) ENGINE=InnoDB AUTO_INCREMENT=159 DEFAULT CHARSET=utf8 ROW_FORMAT=DYNAMIC;

/*Data for the table `group_users` */

insert  into `group_users`(`id`,`group_id`,`user_id`,`create_date`,`update_date`) values 
(60,43,59,'2021-11-07 19:30:38','2021-11-07 19:30:38'),
(64,45,62,'2021-11-10 17:49:10','2021-11-10 17:49:10'),
(65,45,59,'2021-11-10 17:49:10','2021-11-10 17:49:10'),
(66,39,59,'2021-11-17 16:39:21','2021-11-17 16:39:21'),
(67,39,68,'2021-11-17 16:39:21','2021-11-17 16:39:21'),
(68,39,65,'2021-11-17 16:39:21','2021-11-17 16:39:21'),
(69,39,66,'2021-11-17 16:39:21','2021-11-17 16:39:21'),
(70,39,64,'2021-11-17 16:39:21','2021-11-17 16:39:21'),
(71,39,63,'2021-11-17 16:39:21','2021-11-17 16:39:21'),
(72,39,62,'2021-11-17 16:39:21','2021-11-17 16:39:21'),
(73,40,63,'2021-12-08 14:05:16','2021-12-08 14:05:16'),
(85,44,50,'2021-12-20 14:50:01','2021-12-20 14:50:01'),
(86,44,57,'2021-12-20 14:50:01','2021-12-20 14:50:01'),
(87,44,63,'2021-12-20 14:50:01','2021-12-20 14:50:01'),
(88,44,59,'2021-12-20 14:50:01','2021-12-20 14:50:01'),
(89,44,68,'2021-12-20 14:50:01','2021-12-20 14:50:01'),
(100,46,136,'2022-02-17 12:14:42','2022-02-17 12:14:42'),
(101,46,127,'2022-02-17 12:14:42','2022-02-17 12:14:42'),
(102,46,135,'2022-02-17 12:14:42','2022-02-17 12:14:42'),
(103,46,140,'2022-02-17 12:14:42','2022-02-17 12:14:42'),
(104,46,143,'2022-02-17 12:14:42','2022-02-17 12:14:42'),
(105,46,144,'2022-02-17 12:14:42','2022-02-17 12:14:42'),
(106,46,148,'2022-02-17 12:14:42','2022-02-17 12:14:42'),
(107,46,128,'2022-02-17 12:14:42','2022-02-17 12:14:42'),
(108,50,136,'2022-02-18 15:17:31','2022-02-18 15:17:31'),
(110,51,185,'2022-06-27 14:42:39','2022-06-27 14:42:39'),
(111,51,192,'2022-06-27 14:42:39','2022-06-27 14:42:39'),
(133,52,185,'2022-08-02 10:51:40','2022-08-02 10:51:40'),
(134,52,215,'2022-08-02 10:51:40','2022-08-02 10:51:40'),
(135,52,217,'2022-08-02 10:51:40','2022-08-02 10:51:40'),
(136,52,218,'2022-08-02 10:51:40','2022-08-02 10:51:40'),
(137,52,219,'2022-08-02 10:51:40','2022-08-02 10:51:40'),
(138,52,220,'2022-08-02 10:51:40','2022-08-02 10:51:40'),
(139,52,221,'2022-08-02 10:51:40','2022-08-02 10:51:40'),
(140,52,222,'2022-08-02 10:51:40','2022-08-02 10:51:40'),
(141,52,225,'2022-08-02 10:51:40','2022-08-02 10:51:40'),
(142,52,226,'2022-08-02 10:51:40','2022-08-02 10:51:40'),
(147,54,224,'2022-08-02 10:56:25','2022-08-02 10:56:25'),
(148,54,223,'2022-08-02 10:56:25','2022-08-02 10:56:25'),
(149,54,227,'2022-08-02 10:56:25','2022-08-02 10:56:25'),
(150,54,228,'2022-08-02 10:56:25','2022-08-02 10:56:25'),
(151,54,215,'2022-08-02 10:56:25','2022-08-02 10:56:25'),
(152,55,235,'2022-08-02 22:53:38','2022-08-02 22:53:38'),
(153,55,232,'2022-08-02 22:53:38','2022-08-02 22:53:38'),
(154,55,230,'2022-08-02 22:53:38','2022-08-02 22:53:38'),
(155,55,229,'2022-08-02 22:53:38','2022-08-02 22:53:38'),
(156,56,236,'2022-08-02 22:54:21','2022-08-02 22:54:21'),
(157,56,235,'2022-08-02 22:54:21','2022-08-02 22:54:21'),
(158,56,234,'2022-08-02 22:54:21','2022-08-02 22:54:21');

/*Table structure for table `groups` */

DROP TABLE IF EXISTS `groups`;

CREATE TABLE `groups` (
  `group_id` int(6) NOT NULL AUTO_INCREMENT,
  `company_id` int(6) DEFAULT NULL,
  `creator_id` int(6) DEFAULT NULL,
  `group_name` varchar(255) DEFAULT NULL,
  `visible` int(1) DEFAULT NULL,
  `create_date` datetime DEFAULT NULL,
  `update_date` datetime DEFAULT NULL,
  PRIMARY KEY (`group_id`) USING BTREE
) ENGINE=InnoDB AUTO_INCREMENT=57 DEFAULT CHARSET=utf8 ROW_FORMAT=DYNAMIC;

/*Data for the table `groups` */

insert  into `groups`(`group_id`,`company_id`,`creator_id`,`group_name`,`visible`,`create_date`,`update_date`) values 
(39,1,1,'リベロ',1,'2021-09-08 22:41:14','2021-11-17 16:39:21'),
(40,1,1,'フィットネス',1,'2021-09-08 23:15:15','2021-12-08 14:05:16'),
(43,1,2,'木曜日',1,'2021-11-07 19:30:29','2021-11-08 13:30:38'),
(44,1,1,'テストグループ',1,'2021-11-07 19:31:49','2021-12-20 14:50:01'),
(45,1,1,'テスト1110',1,'2021-11-10 17:49:10','2021-11-10 17:49:10'),
(46,2,31,'優良会員様',1,'2021-12-14 23:48:23','2022-02-17 12:14:42'),
(50,2,50,'誕生日２月',1,'2022-02-18 15:17:31','2022-02-18 15:17:31'),
(51,4,5,'名駅校木曜18時SAYAKA',1,'2022-03-28 15:12:02','2022-06-27 14:42:39'),
(52,4,5,'名駅校　月曜18:30 AYU K-POPクラス',1,'2022-08-01 20:16:42','2022-08-02 10:51:40'),
(54,4,5,'名駅校　月曜20:00 AYU K-POPクラス',1,'2022-08-01 20:18:26','2022-08-02 10:56:25'),
(55,4,5,'名駅校　火曜日18:00 Ami K-pop クラス',1,'2022-08-02 22:53:38','2022-08-02 22:53:38'),
(56,4,5,'名駅校　火曜19:30 hina K-POPクラス',1,'2022-08-02 22:54:21','2022-08-02 22:54:21');

/*Table structure for table `history_table_menu_tickets` */

DROP TABLE IF EXISTS `history_table_menu_tickets`;

CREATE TABLE `history_table_menu_tickets` (
  `id` int(6) NOT NULL AUTO_INCREMENT,
  `history_table_menu_id` int(6) DEFAULT NULL,
  `ticket_id` int(6) DEFAULT NULL,
  `count` int(10) DEFAULT NULL,
  `create_date` datetime DEFAULT NULL,
  `update_date` datetime DEFAULT NULL,
  PRIMARY KEY (`id`) USING BTREE
) ENGINE=InnoDB AUTO_INCREMENT=2 DEFAULT CHARSET=utf8 ROW_FORMAT=DYNAMIC;

/*Data for the table `history_table_menu_tickets` */

/*Table structure for table `history_table_menus` */

DROP TABLE IF EXISTS `history_table_menus`;

CREATE TABLE `history_table_menus` (
  `history_table_menu_id` int(6) NOT NULL AUTO_INCREMENT,
  `history_table_id` int(6) DEFAULT NULL,
  `menu_id` int(6) DEFAULT NULL,
  `variation_id` int(6) DEFAULT NULL,
  `menu_title` varchar(255) DEFAULT NULL,
  `menu_price` varchar(6) DEFAULT NULL,
  `quantity` int(6) DEFAULT NULL,
  `visible` int(1) DEFAULT NULL,
  `create_date` datetime DEFAULT NULL,
  `update_date` datetime DEFAULT NULL,
  PRIMARY KEY (`history_table_menu_id`) USING BTREE
) ENGINE=InnoDB DEFAULT CHARSET=utf8 ROW_FORMAT=DYNAMIC;

/*Data for the table `history_table_menus` */

/*Table structure for table `history_tables` */

DROP TABLE IF EXISTS `history_tables`;

CREATE TABLE `history_tables` (
  `order_table_history_id` int(6) NOT NULL AUTO_INCREMENT,
  `organ_id` int(6) DEFAULT NULL,
  `table_position` int(255) DEFAULT NULL,
  `table_title` varchar(255) DEFAULT NULL,
  `is_reject` int(1) DEFAULT NULL COMMENT '1:reject',
  `amount` double(10,0) DEFAULT NULL,
  `user_id` int(6) DEFAULT NULL,
  `table_charge_amount` double(10,0) DEFAULT NULL,
  `set_amount` double(10,0) DEFAULT NULL,
  `start_time` datetime DEFAULT NULL,
  `end_time` datetime DEFAULT NULL,
  `pay_method` int(1) DEFAULT NULL,
  `person_count` int(6) DEFAULT NULL,
  `visible` int(1) DEFAULT NULL,
  `create_date` datetime DEFAULT NULL,
  `update_date` datetime DEFAULT NULL,
  PRIMARY KEY (`order_table_history_id`) USING BTREE
) ENGINE=InnoDB DEFAULT CHARSET=utf8 ROW_FORMAT=DYNAMIC;

/*Data for the table `history_tables` */

/*Table structure for table `menu_reviews` */

DROP TABLE IF EXISTS `menu_reviews`;

CREATE TABLE `menu_reviews` (
  `menu_review_id` int(6) NOT NULL AUTO_INCREMENT,
  `menu_id` int(6) DEFAULT NULL,
  `user_id` int(6) DEFAULT NULL,
  `service_review` varchar(255) DEFAULT NULL,
  `price_review` varchar(255) DEFAULT NULL,
  `review_content` varchar(255) DEFAULT NULL,
  `create_date` datetime DEFAULT NULL,
  `update_date` datetime DEFAULT NULL,
  PRIMARY KEY (`menu_review_id`) USING BTREE
) ENGINE=InnoDB AUTO_INCREMENT=6 DEFAULT CHARSET=utf8 ROW_FORMAT=DYNAMIC;

/*Data for the table `menu_reviews` */

insert  into `menu_reviews`(`menu_review_id`,`menu_id`,`user_id`,`service_review`,`price_review`,`review_content`,`create_date`,`update_date`) values 
(1,2,31,'3','4','ssssssssssssssss','2021-10-07 08:00:11','2021-10-07 08:12:27'),
(2,7,31,'4','5','の他（ご意見・ご要望）','2021-10-07 08:12:43','2021-10-07 08:12:49'),
(3,71,136,'5','5','か','2022-02-13 14:38:04','2022-02-13 14:38:04'),
(4,71,148,'5','5','テスト','2022-02-15 19:22:58','2022-02-15 19:22:58'),
(5,70,247,'5','5','test','2022-11-18 11:39:20','2022-11-18 11:39:20');

/*Table structure for table `menu_variation_backs` */

DROP TABLE IF EXISTS `menu_variation_backs`;

CREATE TABLE `menu_variation_backs` (
  `id` int(6) NOT NULL AUTO_INCREMENT,
  `variation_id` int(6) DEFAULT NULL,
  `type` varchar(12) DEFAULT NULL,
  `staff_id` int(6) DEFAULT NULL,
  `create_date` datetime DEFAULT NULL,
  `update_date` datetime DEFAULT NULL,
  PRIMARY KEY (`id`) USING BTREE
) ENGINE=InnoDB AUTO_INCREMENT=109 DEFAULT CHARSET=utf8 ROW_FORMAT=DYNAMIC;

/*Data for the table `menu_variation_backs` */

insert  into `menu_variation_backs`(`id`,`variation_id`,`type`,`staff_id`,`create_date`,`update_date`) values 
(90,80,'staff',46,'2021-12-18 01:04:59','2021-12-18 01:04:59'),
(91,81,'staff',46,'2021-12-18 01:08:01','2021-12-18 01:08:01'),
(92,84,'staff',46,'2022-01-20 22:48:39','2022-01-20 22:48:39'),
(93,85,'staff',46,'2022-01-20 22:49:07','2022-01-20 22:49:07'),
(94,32,'staff',12,'2022-01-20 22:50:34','2022-01-20 22:50:34'),
(95,33,'staff',11,'2022-01-20 22:50:41','2022-01-20 22:50:41'),
(96,34,'staff',13,'2022-01-20 22:50:50','2022-01-20 22:50:50'),
(97,35,'staff',8,'2022-01-20 22:50:58','2022-01-20 22:50:58'),
(98,36,'staff',14,'2022-01-20 22:51:03','2022-01-20 22:51:03'),
(100,38,'staff',16,'2022-01-20 22:51:16','2022-01-20 22:51:16'),
(101,39,'staff',15,'2022-01-20 22:51:22','2022-01-20 22:51:22'),
(102,86,'staff',8,'2022-06-13 14:10:35','2022-06-13 14:10:35'),
(103,86,'staff',11,'2022-06-13 14:10:35','2022-06-13 14:10:35'),
(104,86,'staff',12,'2022-06-13 14:10:35','2022-06-13 14:10:35'),
(105,86,'staff',13,'2022-06-13 14:10:35','2022-06-13 14:10:35'),
(106,86,'staff',14,'2022-06-13 14:10:35','2022-06-13 14:10:35'),
(107,86,'staff',15,'2022-06-13 14:10:35','2022-06-13 14:10:35'),
(108,86,'staff',16,'2022-06-13 14:10:35','2022-06-13 14:10:35');

/*Table structure for table `menu_variations` */

DROP TABLE IF EXISTS `menu_variations`;

CREATE TABLE `menu_variations` (
  `variation_id` int(6) NOT NULL AUTO_INCREMENT,
  `menu_id` int(6) DEFAULT NULL,
  `variation_title` varchar(255) DEFAULT NULL,
  `variation_price` varchar(10) DEFAULT NULL,
  `variation_back_staff_type` varchar(255) DEFAULT NULL,
  `variation_back_staff` int(6) DEFAULT NULL,
  `variation_back_amount` varchar(10) DEFAULT NULL,
  `visible` int(11) DEFAULT NULL,
  `create_date` datetime DEFAULT NULL,
  `update_date` datetime DEFAULT NULL,
  PRIMARY KEY (`variation_id`) USING BTREE
) ENGINE=InnoDB AUTO_INCREMENT=87 DEFAULT CHARSET=utf8 ROW_FORMAT=DYNAMIC;

/*Data for the table `menu_variations` */

insert  into `menu_variations`(`variation_id`,`menu_id`,`variation_title`,`variation_price`,`variation_back_staff_type`,`variation_back_staff`,`variation_back_amount`,`visible`,`create_date`,`update_date`) values 
(17,23,'30分','3000',NULL,NULL,NULL,1,'2021-10-23 18:06:20','2021-10-23 18:06:20'),
(32,18,'りなてぃ','800','staff',12,'100',1,'2021-10-24 00:07:50','2022-01-20 22:50:34'),
(33,18,'しゅう','800','staff',11,'100',1,'2021-10-24 00:08:04','2022-01-20 22:50:41'),
(34,18,'ありお','800','staff',13,'100',1,'2021-10-24 00:08:16','2022-01-20 22:50:50'),
(35,18,'めい','800','staff',8,'100',1,'2021-10-24 00:08:31','2022-01-20 22:50:58'),
(36,18,'はる','800','staff',14,'100',1,'2021-10-24 00:08:44','2022-01-20 22:51:03'),
(38,18,'ゆとり','800','staff',16,'100',1,'2021-10-24 00:09:15','2022-01-20 22:51:16'),
(39,18,'やもり','800','staff',15,'100',1,'2021-10-24 00:09:52','2022-01-20 22:51:22'),
(40,18,'あさひな','800','staff',18,'100',1,'2021-10-24 00:10:09','2022-01-20 22:46:43'),
(41,24,'りなてぃ','800','staff',12,'150',1,'2021-10-24 00:10:52','2021-11-07 06:39:54'),
(42,24,'しゅう','800','staff',11,'150',1,'2021-10-24 00:11:04','2021-11-07 06:40:03'),
(43,24,'ありお','800','staff',13,'150',1,'2021-10-24 00:11:14','2021-11-07 06:40:12'),
(44,24,'めい','800','staff',8,'150',1,'2021-10-24 00:11:27','2021-11-07 06:40:22'),
(45,24,'はる','800','staff',14,'150',1,'2021-10-24 00:11:40','2021-11-07 06:40:34'),
(46,24,'えま','800','staff',17,'150',1,'2021-10-24 00:11:57','2021-11-07 06:41:38'),
(47,24,'ゆとり','800','staff',16,'150',1,'2021-10-24 00:20:51','2021-11-07 06:41:46'),
(48,24,'やもり','800','staff',15,'150',1,'2021-10-24 00:21:09','2021-11-07 06:41:57'),
(49,24,'りん','800','staff',18,'150',1,'2021-10-24 00:21:20','2021-11-07 06:42:11'),
(50,27,'りなてぃ','1700','staff',12,'250',1,'2021-10-24 00:24:01','2021-11-09 09:41:45'),
(51,27,'しゅう','1700','staff',11,'250',1,'2021-10-24 00:24:26','2021-11-07 06:44:01'),
(52,27,'ありお','1700','staff',13,'250',1,'2021-10-24 00:24:53','2021-11-07 06:44:08'),
(53,27,'めい','1700','staff',8,'250',1,'2021-10-24 00:25:17','2021-11-07 06:44:15'),
(54,27,'はる','1700','staff',14,'250',1,'2021-10-24 00:25:32','2021-11-07 06:44:22'),
(55,27,'えま','1700','staff',17,'250',1,'2021-10-24 00:25:45','2021-11-07 06:44:32'),
(56,27,'ゆとり','1700','staff',16,'250',1,'2021-10-24 00:26:00','2021-11-07 06:44:38'),
(57,27,'やもり','1700','staff',15,'250',1,'2021-10-24 00:26:14','2021-11-07 06:44:44'),
(58,27,'りん','1700','staff',18,'250',1,'2021-10-24 00:26:28','2021-11-07 06:44:51'),
(59,25,'りなてぃ','1200','staff',12,'200',1,'2021-11-07 14:53:54','2021-11-07 14:53:54'),
(60,25,'しゅう','1200','staff',11,'200',1,'2021-11-07 14:54:09','2021-11-07 14:54:09'),
(61,25,'ありお','1200','staff',13,'200',1,'2021-11-07 14:54:23','2021-11-07 14:54:23'),
(62,25,'めい','1200','staff',8,'200',1,'2021-11-07 14:54:36','2021-11-07 14:54:36'),
(63,25,'はる','1200','staff',14,'200',1,'2021-11-07 14:54:53','2021-11-07 14:54:53'),
(64,25,'えま','1200','staff',17,'200',1,'2021-11-07 14:55:12','2021-11-07 14:55:12'),
(65,25,'ゆとり','1200','staff',16,'200',1,'2021-11-07 14:55:23','2021-11-07 14:55:23'),
(66,25,'やもり','1200','staff',15,'200',1,'2021-11-07 14:55:34','2021-11-07 14:55:34'),
(67,25,'りん','1200','staff',18,'200',1,'2021-11-07 14:55:48','2021-11-07 14:55:48'),
(68,26,'りなてぃ','1200','staff',12,'200',1,'2021-11-07 14:56:19','2021-11-07 14:56:19'),
(69,26,'しゅう','1200','staff',11,'200',1,'2021-11-07 14:56:34','2021-11-07 14:56:34'),
(70,26,'ありお','1200','staff',13,'200',1,'2021-11-07 14:56:47','2021-11-07 14:56:47'),
(71,26,'めい','1200','staff',8,'200',1,'2021-11-07 14:56:59','2021-11-07 14:56:59'),
(72,26,'はる','1200','staff',14,'200',1,'2021-11-07 14:57:12','2021-11-07 14:57:12'),
(73,26,'えま','1200','staff',17,'200',1,'2021-11-07 14:57:22','2021-11-07 14:57:22'),
(74,26,'ゆとり','1200','staff',16,'200',1,'2021-11-07 14:57:34','2021-11-07 14:57:34'),
(75,26,'やもり','1200','staff',15,'200',1,'2021-11-07 14:57:46','2021-11-07 14:57:46'),
(76,26,'りん','1200','staff',18,'200',1,'2021-11-07 14:57:58','2021-11-07 14:57:58'),
(78,2,'お客様','2300',NULL,NULL,NULL,1,'2021-11-10 09:38:37','2021-12-18 01:11:53'),
(80,25,'お客様','500',NULL,NULL,NULL,1,'2021-12-18 01:04:59','2021-12-18 01:04:59'),
(81,26,'お客様','500',NULL,NULL,NULL,1,'2021-12-18 01:08:01','2021-12-18 01:08:01'),
(83,5,'お客様','1800',NULL,NULL,NULL,1,'2021-12-18 01:14:51','2021-12-18 01:14:51'),
(84,18,'1日体験A','800',NULL,NULL,'100',1,'2022-01-20 22:48:39','2022-01-20 22:48:39'),
(85,18,'1日体験Ｂ','800',NULL,NULL,'100',1,'2022-01-20 22:49:07','2022-01-20 22:49:07'),
(86,109,'ご褒美ドリンク','800',NULL,NULL,'100',1,'2022-06-13 14:10:35','2022-06-13 14:10:35');

/*Table structure for table `menus` */

DROP TABLE IF EXISTS `menus`;

CREATE TABLE `menus` (
  `menu_id` int(6) NOT NULL AUTO_INCREMENT,
  `company_id` int(6) NOT NULL,
  `organ_id` int(6) DEFAULT NULL,
  `is_user_menu` int(1) DEFAULT NULL,
  `is_goods` int(1) NOT NULL DEFAULT 0,
  `menu_type` int(1) DEFAULT NULL COMMENT '1:pos, 2:crm',
  `menu_title` varchar(255) DEFAULT NULL,
  `menu_detail` varchar(255) DEFAULT NULL,
  `menu_price` varchar(255) DEFAULT NULL,
  `menu_cost` varchar(255) DEFAULT NULL,
  `menu_tax` varchar(10) DEFAULT NULL,
  `menu_week` varchar(255) DEFAULT NULL,
  `menu_start_time` time DEFAULT NULL,
  `menu_end_time` time DEFAULT NULL,
  `menu_comment` varchar(255) DEFAULT NULL,
  `menu_image` varchar(255) DEFAULT NULL,
  `menu_time` varchar(32) DEFAULT NULL,
  `menu_interval` varchar(32) DEFAULT NULL,
  `visible` int(1) DEFAULT 0,
  `sort_no` int(6) DEFAULT NULL,
  `category_id` int(6) NOT NULL,
  `create_date` datetime DEFAULT NULL,
  `update_date` datetime DEFAULT NULL,
  PRIMARY KEY (`menu_id`) USING BTREE
) ENGINE=InnoDB AUTO_INCREMENT=126 DEFAULT CHARSET=utf8 ROW_FORMAT=DYNAMIC;

/*Data for the table `menus` */

insert  into `menus`(`menu_id`,`company_id`,`organ_id`,`is_user_menu`,`is_goods`,`menu_type`,`menu_title`,`menu_detail`,`menu_price`,`menu_cost`,`menu_tax`,`menu_week`,`menu_start_time`,`menu_end_time`,`menu_comment`,`menu_image`,`menu_time`,`menu_interval`,`visible`,`sort_no`,`category_id`,`create_date`,`update_date`) values 
(23,2,18,1,1,NULL,'ボディ','','6000','0','10',NULL,NULL,NULL,'',NULL,'30','15',1,1,0,'2021-10-23 18:05:34','2023-03-21 17:13:02'),
(46,2,4,1,0,2,'ボディケア基本的30分コース','頭から足の先まで全身をほぐしていきます。\n特に気になる部位がある方は、担当スタッフにお知らせください。','2390','0','10','Mon','10:00:00','22:00:00','',NULL,'30','15',1,8,3,'2021-12-10 19:19:28','2022-12-18 16:41:03'),
(47,2,4,1,0,2,'ボディケア基本60分コース','頭から足の先まで全身をほぐしていきます。\n特に気になる部位がある場合は遠慮なく担当スタッフにお知らせください。','3600','0','10','Mon','00:00:00','00:00:00','',NULL,'60','15',1,9,3,'2021-12-10 20:27:38','2022-12-17 13:45:42'),
(56,2,19,NULL,0,2,'ボディ70分','全身を念入りにケア。','7700',NULL,NULL,'Wed','15:59:00','16:55:00',NULL,NULL,NULL,NULL,1,9,0,'2021-12-17 15:55:46','2021-12-17 15:55:46'),
(57,2,19,NULL,0,2,'ボディ20分','うつ伏せにで腰から上か下かをケア。','2200',NULL,NULL,'Mon','15:56:00','15:59:00',NULL,NULL,NULL,NULL,1,10,0,'2021-12-17 15:57:07','2021-12-17 15:57:07'),
(58,2,19,NULL,0,2,'ボディ30分','うつ伏せで腰から上か下のどちらかをケア','3300',NULL,NULL,'Tue','15:58:00','16:58:00',NULL,NULL,NULL,NULL,1,11,0,'2021-12-17 15:58:12','2021-12-17 15:58:12'),
(59,2,19,NULL,0,2,'ボディ40分','全身ケア','4400',NULL,NULL,'Mon','17:12:00','17:18:00',NULL,NULL,NULL,NULL,1,12,0,'2021-12-17 17:12:42','2021-12-17 17:12:42'),
(60,2,19,NULL,0,2,'ボディ50分','うつ伏せで全身ケア','5500',NULL,NULL,'Tue','17:13:00','17:52:00',NULL,NULL,NULL,NULL,1,13,0,'2021-12-17 17:13:35','2021-12-17 17:13:35'),
(61,2,19,NULL,0,2,'ボディ60分','うつ伏せで全身ケア。\nスタンダードなコースです。','6600',NULL,NULL,'Tue','17:15:00','18:15:00',NULL,NULL,NULL,NULL,1,14,0,'2021-12-17 17:15:07','2021-12-17 17:15:07'),
(62,2,19,NULL,0,2,'ボディ80分','うつ伏せで全身ケア。','8800',NULL,NULL,'Sat','17:15:00','18:15:00',NULL,NULL,NULL,NULL,1,15,0,'2021-12-17 17:15:54','2021-12-17 17:15:54'),
(63,2,19,NULL,0,2,'ボディ90分','うつ伏せで全身ケア。','9900',NULL,NULL,'Wed','17:16:00','18:16:00','念入りにケアします。',NULL,NULL,NULL,1,16,0,'2021-12-17 17:17:15','2021-12-17 17:17:15'),
(64,2,19,NULL,0,2,'ボディ100分','うつ伏せで全身ケア。','11000',NULL,NULL,'Tue','17:17:00','18:18:00',NULL,NULL,NULL,NULL,1,17,0,'2021-12-17 17:18:07','2021-12-17 17:18:07'),
(65,2,19,NULL,0,2,'ボディ110分','うつ伏せで全身ケア。','12100',NULL,NULL,'Wed','17:18:00','19:19:00',NULL,NULL,NULL,NULL,1,18,0,'2021-12-17 17:19:09','2021-12-17 17:19:09'),
(66,2,19,NULL,0,2,'ボディ120分','うつ伏せで全身ケア。','13200',NULL,NULL,'Tue','17:19:00','19:19:00','限界まで我慢して来られる方はこれ!!',NULL,NULL,NULL,1,19,0,'2021-12-17 17:20:25','2021-12-17 17:20:25'),
(68,2,19,1,0,2,'ヘッドネック20分','ホットタオルを使用してデコルテから頭部にかけてケア。','2200',NULL,NULL,'Wed','15:10:00','15:40:00','',NULL,'20','15',1,20,6,'2021-12-18 15:10:56','2022-12-18 16:46:08'),
(69,2,19,NULL,0,2,'ヘッドネック30分','ホットタオルを使用してデコルテから頭部にかけてケア。','3300',NULL,NULL,'Tue','15:11:00','15:59:00','',NULL,NULL,NULL,1,21,0,'2021-12-18 15:11:55','2022-10-11 12:59:27'),
(70,2,4,1,0,NULL,'足裏30分コース111','','2530','0','10',NULL,NULL,NULL,'',NULL,'30','15',1,7,7,'2021-12-18 19:59:58','2022-12-18 16:40:53'),
(71,2,4,1,0,NULL,'ボディケア基本50分コース','','3270','0','10',NULL,NULL,NULL,'',NULL,'50','15',1,10,3,'2021-12-18 20:05:14','2022-12-18 16:41:32'),
(72,2,4,1,0,NULL,'足裏30分＋ボディー30分のセット','','2300','0','10',NULL,NULL,NULL,'',NULL,'60','15',1,11,8,'2021-12-18 20:26:25','2022-12-18 16:43:23'),
(73,2,4,1,0,NULL,'足裏30分＋ボディー60分のセット','','6130','0','10',NULL,NULL,NULL,'',NULL,'90','15',1,12,8,'2021-12-18 20:27:42','2022-12-18 16:43:29'),
(74,2,4,1,0,NULL,'【オプション】ボディーケア10分延長','','660','0','0',NULL,NULL,NULL,'',NULL,'10',NULL,1,13,9,'2021-12-18 20:28:53','2022-12-18 16:44:49'),
(75,2,4,1,0,NULL,'【伸ばす快感】ボディケア＋ストレッチ　合計60分コース','','4010','0','10',NULL,NULL,NULL,'',NULL,'60','15',1,14,8,'2021-12-20 17:02:48','2022-12-18 16:44:58'),
(76,2,4,1,0,NULL,'【デスクワークにピッタリ】ボディケア＋ビジネス疲労　合計60分コース','','4070','0','10',NULL,NULL,NULL,'',NULL,'60','15',1,15,8,'2021-12-20 17:03:47','2022-12-18 16:45:09'),
(77,2,4,1,0,NULL,'【足スッキリ】ボディ＋足むくみ　合計60分コース','','4070','0','10',NULL,NULL,NULL,'',NULL,'60','15',1,17,8,'2021-12-20 17:09:16','2022-12-18 16:45:37'),
(78,2,4,1,0,NULL,'【伸ばす快感】ボディケア＋ストレッチ　合計75分','','4590','0','10',NULL,NULL,NULL,'',NULL,'75','15',1,16,8,'2021-12-20 17:10:21','2022-12-18 16:45:16'),
(79,2,4,1,0,NULL,'【デスクワークにピッタリ】ボディ＋ビジネス疲労　合計75分','','4590','0','10',NULL,NULL,NULL,'',NULL,'75','15',1,18,8,'2021-12-20 17:12:20','2022-12-18 16:45:54'),
(80,2,4,1,0,NULL,'【足スッキリ】ボディケア＋足むくみ　合計75分','','4590','0','10',NULL,NULL,NULL,'',NULL,'75','15',1,19,8,'2021-12-20 17:13:14','2022-12-18 16:46:01'),
(81,2,19,NULL,0,2,'足裏20分','足裏～足首までオイルケア。','2200',NULL,NULL,'Mon','11:48:00','11:48:00',NULL,NULL,NULL,NULL,1,22,0,'2021-12-21 11:49:06','2021-12-21 11:49:06'),
(82,2,19,NULL,0,2,'足裏30分','足裏～足首までオイルケア。','3300',NULL,NULL,'Tue','11:49:00','11:49:00',NULL,NULL,NULL,NULL,1,23,0,'2021-12-21 11:49:44','2021-12-21 11:49:44'),
(83,2,19,NULL,0,2,'足裏40分','ふくらはぎ～足裏までオイルケア。','4400',NULL,NULL,'Wed','00:00:00','00:00:00',NULL,NULL,NULL,NULL,1,24,0,'2021-12-21 11:50:26','2021-12-21 11:50:26'),
(84,2,19,NULL,0,2,'足裏50分','ふくらはぎ～足裏までオイルケア。','5500',NULL,NULL,'Tue','00:00:00','00:00:00',NULL,NULL,NULL,NULL,1,25,0,'2021-12-21 11:50:52','2021-12-21 11:50:52'),
(85,2,19,NULL,0,2,'足裏60分','ふくらはぎ～足裏までオイルケア。','6600',NULL,NULL,'Mon','00:00:00','00:00:00',NULL,NULL,NULL,NULL,1,26,0,'2021-12-21 11:51:18','2021-12-21 11:51:18'),
(87,2,19,NULL,0,2,'ふくらはぎ20分','ふくらはぎ～足首までオイルケア。','2200',NULL,NULL,'Thu','00:00:00','00:00:00','',NULL,NULL,NULL,1,27,0,'2021-12-21 11:53:13','2022-10-11 12:59:41'),
(88,2,19,NULL,0,2,'ふくらはぎ30分','ふくらはぎ～足首までオイルケア。','3300',NULL,NULL,'Tue','00:00:00','00:00:00',NULL,NULL,NULL,NULL,1,28,0,'2021-12-21 11:53:37','2021-12-21 11:53:37'),
(89,2,19,1,0,2,'ふくらはぎ40分','ふくらはぎ～足裏までオイルケア。','4400',NULL,NULL,'Wed','00:00:00','00:00:00','',NULL,'40','15',1,29,7,'2021-12-21 11:54:02','2022-12-18 16:46:15'),
(90,2,19,NULL,0,2,'ふくらはぎ50分','ふくらはぎ～足裏までオイルケア。','5500',NULL,NULL,'Mon','00:00:00','00:00:00',NULL,NULL,NULL,NULL,1,30,0,'2021-12-21 11:54:26','2021-12-21 11:54:26'),
(91,2,19,NULL,0,2,'ふくらはぎ60分','ふくらはぎ～足裏までオイルケア。','6600',NULL,NULL,'Mon','00:00:00','00:00:00',NULL,NULL,NULL,NULL,1,31,0,'2021-12-21 11:54:55','2021-12-21 11:54:55'),
(92,2,19,NULL,0,2,'ハンド20分','肘から指先までオイルケア。','2200',NULL,NULL,'Mon','00:00:00','00:00:00',NULL,NULL,NULL,NULL,1,32,0,'2021-12-21 11:55:31','2021-12-21 11:55:31'),
(93,2,19,1,0,2,'ハンド30分','肘から指先までオイルケア。','3300',NULL,NULL,'Tue','00:00:00','00:00:00','',NULL,'30','15',1,33,7,'2021-12-21 11:55:56','2022-12-18 16:46:22'),
(94,2,19,NULL,0,2,'ストレッチ20分','ベッドの上でできるストレッチ。','2200',NULL,NULL,'Wed','00:00:00','00:00:00',NULL,NULL,NULL,NULL,1,34,0,'2021-12-21 11:56:39','2022-06-18 17:42:09'),
(95,2,19,NULL,0,2,'ストレッチ30分','ベッドの上でできるストレッチ。','3300',NULL,NULL,'Mon','00:00:00','00:00:00',NULL,NULL,NULL,NULL,1,35,0,'2021-12-21 11:57:04','2021-12-21 11:57:04'),
(96,2,19,NULL,0,2,'新極','フッドバスを使った後に足から順番にボディケア。\n最後に簡単なストレッチかヘッドネックケア。','4950',NULL,NULL,'Wed','00:00:00','00:00:00','',NULL,NULL,NULL,1,36,0,'2021-12-21 11:58:22','2022-10-11 13:00:05'),
(97,2,19,NULL,0,2,'定番の首・肩まわり中心コース','肩まわりを重点ケアする人気コース。\nボディ40分\nヘッドネック20分','6600',NULL,NULL,'Tue','00:00:00','00:00:00',NULL,NULL,NULL,NULL,1,37,0,'2021-12-21 11:59:46','2021-12-21 11:59:46'),
(98,2,19,NULL,0,2,'運動不足解消コース','運動不足な身体を全体的にほぐしていきます。\nボディ40分\nストレッチ20分','6600',NULL,NULL,'Tue','00:00:00','00:00:00',NULL,NULL,NULL,NULL,1,38,0,'2021-12-21 12:00:43','2021-12-21 12:00:43'),
(99,2,19,NULL,0,2,'当店のこだわりコース','下半身のお疲れが気になる方へ。\nボディ40分\nふくらはぎor足裏40分','8800',NULL,NULL,'Mon','00:00:00','00:00:00',NULL,NULL,NULL,NULL,1,39,0,'2021-12-21 12:02:10','2021-12-21 12:02:10'),
(100,2,19,NULL,0,2,'デスクワーク疲れコース','デスクワークで疲れやすい部分を徹底ケア。\n足裏orふくらはぎ40分\nハンド20分\nヘッドネック20分','8800',NULL,NULL,'Wed','00:00:00','00:00:00',NULL,NULL,NULL,NULL,1,40,0,'2021-12-21 12:03:45','2021-12-21 12:03:45'),
(101,2,19,NULL,0,2,'全身満足コース','全部疲れている方はこれ!!\n足裏orふくらはぎ40分\nボディ40分\nストレッチ20分','11000',NULL,NULL,'Mon','00:00:00','00:00:00',NULL,NULL,NULL,NULL,1,41,0,'2021-12-21 12:06:43','2022-06-18 17:39:37'),
(103,2,19,NULL,0,2,'とにかく全部コース','頭の先から足先まで全部ケア。','13200',NULL,NULL,'Mon','00:00:00','00:00:00',NULL,NULL,NULL,NULL,1,42,0,'2021-12-21 12:08:22','2021-12-21 12:08:22'),
(104,2,19,NULL,0,2,'贅沢スペシャルフルコース','当店の基本コース全てやります。','19800',NULL,NULL,'Mon','00:00:00','00:00:00',NULL,NULL,NULL,NULL,1,43,0,'2021-12-21 12:09:36','2021-12-21 12:09:36'),
(105,4,20,1,0,NULL,'体験レッスン',NULL,'1000','0','10',NULL,NULL,NULL,NULL,NULL,NULL,'15',1,1,0,'2022-03-12 23:35:42','2022-06-24 22:02:19'),
(106,4,20,1,0,NULL,'単発レッスン',NULL,'4000','0','400',NULL,NULL,NULL,NULL,NULL,NULL,'15',1,2,0,'2022-03-12 23:36:08','2022-03-12 23:36:08'),
(108,1,NULL,1,0,NULL,'スタドリ','スタドリ','800',NULL,NULL,NULL,NULL,NULL,'',NULL,NULL,'15',1,2,0,'2022-06-13 10:39:34','2022-06-13 10:39:36'),
(109,1,NULL,NULL,0,NULL,'ご褒美ドリンク','女の子1人にドリンクをあげることができます！','800',NULL,NULL,NULL,NULL,NULL,'',NULL,NULL,NULL,1,3,0,'2022-06-13 14:09:27','2022-06-13 14:10:48'),
(113,1,NULL,NULL,0,NULL,'SD','スタッフドリンク','800',NULL,NULL,NULL,NULL,NULL,'',NULL,NULL,NULL,1,4,0,'2022-06-21 23:42:21','2022-06-21 23:42:26'),
(114,1,NULL,NULL,0,NULL,'チェキ','チェキ','800',NULL,NULL,NULL,NULL,NULL,'',NULL,NULL,NULL,1,5,0,'2022-06-21 23:43:59','2022-06-21 23:43:59'),
(115,1,NULL,NULL,0,NULL,'お結び','お結び','600',NULL,NULL,NULL,NULL,NULL,'',NULL,NULL,NULL,1,6,0,'2022-06-21 23:44:27','2022-06-21 23:44:27'),
(116,1,NULL,NULL,0,NULL,'チェキ','女の子とチェキが1枚撮れます！','800',NULL,NULL,NULL,NULL,NULL,'',NULL,NULL,NULL,1,7,0,'2022-06-21 23:47:54','2022-06-21 23:47:54'),
(117,1,NULL,NULL,0,NULL,'ガールズセット','ご新規様限定！\nご褒美ドリンクとチェキが一緒になったお得なセットになります！','1500',NULL,NULL,NULL,NULL,NULL,'',NULL,NULL,NULL,1,8,0,'2022-06-21 23:51:09','2022-06-21 23:51:09'),
(118,1,NULL,NULL,0,NULL,'卵焼き','','800',NULL,NULL,NULL,NULL,NULL,'',NULL,NULL,NULL,1,9,0,'2022-06-21 23:56:14','2022-06-21 23:56:14'),
(119,1,NULL,NULL,0,NULL,'フレシネスパークリング(ハーフ)','シャンパン','10000',NULL,NULL,NULL,NULL,NULL,'',NULL,NULL,NULL,1,10,0,'2022-06-21 23:57:32','2022-06-21 23:57:32'),
(120,1,NULL,NULL,0,NULL,'モエ白(ハーフ)','シャンパン','15000',NULL,NULL,NULL,NULL,NULL,'',NULL,NULL,NULL,1,11,0,'2022-06-21 23:58:28','2022-06-21 23:58:36'),
(121,1,NULL,NULL,0,NULL,'モエロゼ(ハーフ)','シャンパン','20000',NULL,NULL,NULL,NULL,NULL,'',NULL,NULL,NULL,1,12,0,'2022-06-21 23:59:23','2022-06-21 23:59:28'),
(122,1,NULL,NULL,0,NULL,'テタンジェノクターン(ハーフ)','シャンパン','24000',NULL,NULL,NULL,NULL,NULL,'',NULL,NULL,NULL,1,13,0,'2022-06-22 00:02:43','2022-06-22 00:02:43'),
(123,1,NULL,NULL,0,NULL,'モエアイス','シャンパン','28000',NULL,NULL,NULL,NULL,NULL,'',NULL,NULL,NULL,1,14,0,'2022-06-22 00:03:21','2022-06-22 00:03:28'),
(124,1,NULL,NULL,0,NULL,'1品おつまみ','料理','290',NULL,NULL,NULL,NULL,NULL,'',NULL,NULL,NULL,1,15,0,'2022-06-22 00:04:09','2022-06-22 00:04:09'),
(125,1,NULL,NULL,0,NULL,'集合チェキ','その日出勤時のキャスト全員とチェキが取れる豪華チェキです！','2200',NULL,NULL,NULL,NULL,NULL,'',NULL,NULL,NULL,1,16,0,'2022-06-22 00:05:11','2022-06-22 00:05:11');

/*Table structure for table `messages` */

DROP TABLE IF EXISTS `messages`;

CREATE TABLE `messages` (
  `message_id` int(6) NOT NULL AUTO_INCREMENT,
  `user_id` int(6) DEFAULT NULL,
  `company_id` int(6) DEFAULT NULL,
  `organ_id` int(6) DEFAULT NULL,
  `staff_id` int(6) DEFAULT NULL,
  `content` text COLLATE utf8mb4_unicode_ci DEFAULT NULL,
  `type` int(1) DEFAULT NULL COMMENT '1:fromUser, 2:toUser',
  `file_name` varchar(255) CHARACTER SET utf8 DEFAULT NULL,
  `file_url` varchar(255) CHARACTER SET utf8 DEFAULT NULL,
  `video_url` varchar(255) CHARACTER SET utf8 DEFAULT NULL,
  `file_type` int(1) DEFAULT NULL COMMENT '1:image, 2:video',
  `group_id` int(6) DEFAULT NULL,
  `group_key` varchar(255) CHARACTER SET utf8 DEFAULT NULL,
  `read_flag` int(1) DEFAULT NULL COMMENT '1:read',
  `create_date` datetime DEFAULT NULL,
  `update_date` datetime DEFAULT NULL,
  PRIMARY KEY (`message_id`) USING BTREE
) ENGINE=InnoDB AUTO_INCREMENT=700 DEFAULT CHARSET=utf8mb4 COLLATE=utf8mb4_unicode_ci ROW_FORMAT=DYNAMIC;

/*Data for the table `messages` */

insert  into `messages`(`message_id`,`user_id`,`company_id`,`organ_id`,`staff_id`,`content`,`type`,`file_name`,`file_url`,`video_url`,`file_type`,`group_id`,`group_key`,`read_flag`,`create_date`,`update_date`) values 
(430,144,2,NULL,NULL,'これは何をする為のものですか????',1,NULL,NULL,NULL,NULL,NULL,NULL,1,'2022-02-03 14:57:23','2022-08-17 10:15:03'),
(431,144,2,NULL,NULL,'このアプリはシフト枠設定？の所にメッセージがきてるのでスタッフ用アプリかと思います。',2,NULL,NULL,NULL,NULL,NULL,NULL,1,'2022-02-03 15:00:18','2022-04-02 12:29:58'),
(432,144,2,NULL,NULL,'このメッセージはどの項目から送れるのか教えてほしいです。(^^)',2,NULL,NULL,NULL,NULL,NULL,NULL,1,'2022-02-03 15:00:52','2022-04-02 12:29:58'),
(433,144,2,NULL,NULL,'テスト',2,NULL,NULL,NULL,NULL,NULL,NULL,1,'2022-02-06 15:46:23','2022-04-02 12:29:58'),
(434,112,2,NULL,NULL,'テスト',1,NULL,NULL,NULL,NULL,NULL,NULL,1,'2022-02-12 11:30:57','2022-03-24 18:41:58'),
(435,112,2,NULL,NULL,'テスト',1,NULL,NULL,NULL,NULL,NULL,NULL,1,'2022-02-12 11:31:07','2022-03-24 18:41:58'),
(436,112,2,NULL,NULL,'テスト',2,NULL,NULL,NULL,NULL,NULL,NULL,1,'2022-02-12 11:32:01','2022-03-11 18:30:26'),
(437,144,2,NULL,NULL,'test',2,NULL,NULL,NULL,NULL,NULL,NULL,1,'2022-02-12 11:38:47','2022-04-02 12:29:58'),
(438,144,2,NULL,NULL,'test',2,NULL,NULL,NULL,NULL,NULL,NULL,1,'2022-02-12 15:25:04','2022-04-02 12:29:58'),
(439,136,2,NULL,NULL,'山田',1,NULL,NULL,NULL,NULL,NULL,NULL,1,'2022-02-14 18:23:25','2022-03-19 12:21:57'),
(440,136,2,NULL,NULL,'どうも',2,NULL,NULL,NULL,NULL,NULL,NULL,1,'2022-02-14 18:23:34','2022-03-11 14:20:02'),
(441,77,2,NULL,NULL,'テスト500',2,NULL,NULL,NULL,NULL,0,'2-0-20220217105454-562d61d5c129b01f6771e6face00cb0c',NULL,'2022-02-17 10:54:54','2022-02-17 10:54:54'),
(442,81,2,NULL,NULL,'テスト500',2,NULL,NULL,NULL,NULL,0,'2-0-20220217105454-562d61d5c129b01f6771e6face00cb0c',NULL,'2022-02-17 10:54:57','2022-02-17 10:54:57'),
(443,88,2,NULL,NULL,'テスト500',2,NULL,NULL,NULL,NULL,0,'2-0-20220217105454-562d61d5c129b01f6771e6face00cb0c',NULL,'2022-02-17 10:55:00','2022-02-17 10:55:00'),
(444,89,2,NULL,NULL,'テスト500',2,NULL,NULL,NULL,NULL,0,'2-0-20220217105454-562d61d5c129b01f6771e6face00cb0c',NULL,'2022-02-17 10:55:00','2022-02-17 10:55:00'),
(445,92,2,NULL,NULL,'テスト500',2,NULL,NULL,NULL,NULL,0,'2-0-20220217105454-562d61d5c129b01f6771e6face00cb0c',NULL,'2022-02-17 10:55:00','2022-02-17 10:55:00'),
(446,93,2,NULL,NULL,'テスト500',2,NULL,NULL,NULL,NULL,0,'2-0-20220217105454-562d61d5c129b01f6771e6face00cb0c',NULL,'2022-02-17 10:55:01','2022-02-17 10:55:01'),
(447,95,2,NULL,NULL,'テスト500',2,NULL,NULL,NULL,NULL,0,'2-0-20220217105454-562d61d5c129b01f6771e6face00cb0c',NULL,'2022-02-17 10:55:01','2022-02-17 10:55:01'),
(448,96,2,NULL,NULL,'テスト500',2,NULL,NULL,NULL,NULL,0,'2-0-20220217105454-562d61d5c129b01f6771e6face00cb0c',NULL,'2022-02-17 10:55:01','2022-02-17 10:55:01'),
(449,97,2,NULL,NULL,'テスト500',2,NULL,NULL,NULL,NULL,0,'2-0-20220217105454-562d61d5c129b01f6771e6face00cb0c',NULL,'2022-02-17 10:55:01','2022-02-17 10:55:01'),
(450,98,2,NULL,NULL,'テスト500',2,NULL,NULL,NULL,NULL,0,'2-0-20220217105454-562d61d5c129b01f6771e6face00cb0c',NULL,'2022-02-17 10:55:04','2022-02-17 10:55:04'),
(451,99,2,NULL,NULL,'テスト500',2,NULL,NULL,NULL,NULL,0,'2-0-20220217105454-562d61d5c129b01f6771e6face00cb0c',NULL,'2022-02-17 10:55:07','2022-02-17 10:55:07'),
(452,112,2,NULL,NULL,'テスト500',2,NULL,NULL,NULL,NULL,0,'2-0-20220217105454-562d61d5c129b01f6771e6face00cb0c',1,'2022-02-17 10:55:07','2022-03-11 18:30:26'),
(453,124,2,NULL,NULL,'テスト500',2,NULL,NULL,NULL,NULL,0,'2-0-20220217105454-562d61d5c129b01f6771e6face00cb0c',NULL,'2022-02-17 10:55:10','2022-02-17 10:55:10'),
(454,127,2,NULL,NULL,'テスト500',2,NULL,NULL,NULL,NULL,0,'2-0-20220217105454-562d61d5c129b01f6771e6face00cb0c',1,'2022-02-17 10:55:11','2022-10-18 19:30:00'),
(455,128,2,NULL,NULL,'テスト500',2,NULL,NULL,NULL,NULL,0,'2-0-20220217105454-562d61d5c129b01f6771e6face00cb0c',1,'2022-02-17 10:55:14','2022-03-11 13:36:55'),
(456,130,2,NULL,NULL,'テスト500',2,NULL,NULL,NULL,NULL,0,'2-0-20220217105454-562d61d5c129b01f6771e6face00cb0c',NULL,'2022-02-17 10:55:17','2022-02-17 10:55:17'),
(457,131,2,NULL,NULL,'テスト500',2,NULL,NULL,NULL,NULL,0,'2-0-20220217105454-562d61d5c129b01f6771e6face00cb0c',NULL,'2022-02-17 10:55:20','2022-02-17 10:55:20'),
(458,132,2,NULL,NULL,'テスト500',2,NULL,NULL,NULL,NULL,0,'2-0-20220217105454-562d61d5c129b01f6771e6face00cb0c',NULL,'2022-02-17 10:55:20','2022-02-17 10:55:20'),
(459,133,2,NULL,NULL,'テスト500',2,NULL,NULL,NULL,NULL,0,'2-0-20220217105454-562d61d5c129b01f6771e6face00cb0c',NULL,'2022-02-17 10:55:20','2022-02-17 10:55:20'),
(460,134,2,NULL,NULL,'テスト500',2,NULL,NULL,NULL,NULL,0,'2-0-20220217105454-562d61d5c129b01f6771e6face00cb0c',1,'2022-02-17 10:55:21','2022-05-18 09:14:14'),
(461,135,2,NULL,NULL,'テスト500',2,NULL,NULL,NULL,NULL,0,'2-0-20220217105454-562d61d5c129b01f6771e6face00cb0c',1,'2022-02-17 10:55:24','2022-09-03 09:41:51'),
(462,136,2,NULL,NULL,'テスト500',2,NULL,NULL,NULL,NULL,0,'2-0-20220217105454-562d61d5c129b01f6771e6face00cb0c',1,'2022-02-17 10:55:27','2022-03-11 14:20:02'),
(463,137,2,NULL,NULL,'テスト500',2,NULL,NULL,NULL,NULL,0,'2-0-20220217105454-562d61d5c129b01f6771e6face00cb0c',NULL,'2022-02-17 10:55:27','2022-02-17 10:55:27'),
(464,138,2,NULL,NULL,'テスト500',2,NULL,NULL,NULL,NULL,0,'2-0-20220217105454-562d61d5c129b01f6771e6face00cb0c',NULL,'2022-02-17 10:55:28','2022-02-17 10:55:28'),
(465,139,2,NULL,NULL,'テスト500',2,NULL,NULL,NULL,NULL,0,'2-0-20220217105454-562d61d5c129b01f6771e6face00cb0c',NULL,'2022-02-17 10:55:28','2022-02-17 10:55:28'),
(466,140,2,NULL,NULL,'テスト500',2,NULL,NULL,NULL,NULL,0,'2-0-20220217105454-562d61d5c129b01f6771e6face00cb0c',1,'2022-02-17 10:55:29','2022-03-11 14:28:35'),
(467,141,2,NULL,NULL,'テスト500',2,NULL,NULL,NULL,NULL,0,'2-0-20220217105454-562d61d5c129b01f6771e6face00cb0c',NULL,'2022-02-17 10:55:29','2022-02-17 10:55:29'),
(468,142,2,NULL,NULL,'テスト500',2,NULL,NULL,NULL,NULL,0,'2-0-20220217105454-562d61d5c129b01f6771e6face00cb0c',NULL,'2022-02-17 10:55:30','2022-02-17 10:55:30'),
(469,143,2,NULL,NULL,'テスト500',2,NULL,NULL,NULL,NULL,0,'2-0-20220217105454-562d61d5c129b01f6771e6face00cb0c',1,'2022-02-17 10:55:30','2022-11-15 14:10:19'),
(470,144,2,NULL,NULL,'テスト500',2,NULL,NULL,NULL,NULL,0,'2-0-20220217105454-562d61d5c129b01f6771e6face00cb0c',1,'2022-02-17 10:55:33','2022-04-02 12:29:58'),
(471,145,2,NULL,NULL,'テスト500',2,NULL,NULL,NULL,NULL,0,'2-0-20220217105454-562d61d5c129b01f6771e6face00cb0c',NULL,'2022-02-17 10:55:36','2022-02-17 10:55:36'),
(472,146,2,NULL,NULL,'テスト500',2,NULL,NULL,NULL,NULL,0,'2-0-20220217105454-562d61d5c129b01f6771e6face00cb0c',NULL,'2022-02-17 10:55:39','2022-02-17 10:55:39'),
(473,147,2,NULL,NULL,'テスト500',2,NULL,NULL,NULL,NULL,0,'2-0-20220217105454-562d61d5c129b01f6771e6face00cb0c',1,'2022-02-17 10:55:39','2022-10-04 13:09:25'),
(474,148,2,NULL,NULL,'テスト500',2,NULL,NULL,NULL,NULL,0,'2-0-20220217105454-562d61d5c129b01f6771e6face00cb0c',1,'2022-02-17 10:55:42','2022-03-23 16:23:19'),
(475,149,2,NULL,NULL,'テスト500',2,NULL,NULL,NULL,NULL,0,'2-0-20220217105454-562d61d5c129b01f6771e6face00cb0c',1,'2022-02-17 10:55:45','2022-02-17 13:46:44'),
(476,136,2,NULL,NULL,'誰宛に届くのか？',1,NULL,NULL,NULL,NULL,NULL,NULL,1,'2022-02-17 11:30:45','2022-03-19 12:21:57'),
(477,136,2,NULL,NULL,'安井　届いてました。',2,NULL,NULL,NULL,NULL,NULL,NULL,1,'2022-02-17 11:50:25','2022-03-11 14:20:02'),
(478,136,2,NULL,NULL,'写メのみでは送れない様ですので、　メッセージを書いてみました。',2,'IMG_3426.png','msg_attach_file_20220217115133738823.jpg',NULL,1,NULL,NULL,1,'2022-02-17 11:51:34','2022-03-11 14:20:02'),
(479,97,2,NULL,NULL,'優良会員制へ',2,NULL,NULL,NULL,NULL,46,'2-46-20220217115353-d448ac1b3ddad7b554c96806fd1f2ba2',NULL,'2022-02-17 11:53:53','2022-02-17 11:53:53'),
(480,136,2,NULL,NULL,'優良会員制へ',2,NULL,NULL,NULL,NULL,46,'2-46-20220217115353-d448ac1b3ddad7b554c96806fd1f2ba2',1,'2022-02-17 11:53:57','2022-03-11 14:20:02'),
(481,127,2,NULL,NULL,'優良会員制へ',2,NULL,NULL,NULL,NULL,46,'2-46-20220217115353-d448ac1b3ddad7b554c96806fd1f2ba2',1,'2022-02-17 11:53:58','2022-10-18 19:30:00'),
(482,135,2,NULL,NULL,'優良会員制へ',2,NULL,NULL,NULL,NULL,46,'2-46-20220217115353-d448ac1b3ddad7b554c96806fd1f2ba2',1,'2022-02-17 11:54:01','2022-09-03 09:41:51'),
(483,140,2,NULL,NULL,'優良会員制へ',2,NULL,NULL,NULL,NULL,46,'2-46-20220217115353-d448ac1b3ddad7b554c96806fd1f2ba2',1,'2022-02-17 11:54:04','2022-03-11 14:28:35'),
(484,143,2,NULL,NULL,'優良会員制へ',2,NULL,NULL,NULL,NULL,46,'2-46-20220217115353-d448ac1b3ddad7b554c96806fd1f2ba2',1,'2022-02-17 11:54:04','2022-11-15 14:10:19'),
(485,144,2,NULL,NULL,'優良会員制へ',2,NULL,NULL,NULL,NULL,46,'2-46-20220217115353-d448ac1b3ddad7b554c96806fd1f2ba2',1,'2022-02-17 11:54:08','2022-04-02 12:29:58'),
(486,148,2,NULL,NULL,'優良会員制へ',2,NULL,NULL,NULL,NULL,46,'2-46-20220217115353-d448ac1b3ddad7b554c96806fd1f2ba2',1,'2022-02-17 11:54:11','2022-03-23 16:23:19'),
(487,136,2,NULL,NULL,'確認',2,NULL,NULL,NULL,NULL,NULL,NULL,1,'2022-02-17 11:58:28','2022-03-11 14:20:02'),
(488,148,2,NULL,NULL,'はい',2,NULL,NULL,NULL,NULL,NULL,NULL,1,'2022-02-17 12:10:53','2022-03-23 16:23:19'),
(489,136,2,NULL,NULL,'メッセージは届いているみたいですか、メッセージに全員表示されないようです。',2,NULL,NULL,NULL,NULL,46,'2-46-20220217121557-c3e72a537a2b07a75aacdc5781bbb25a',1,'2022-02-17 12:15:57','2022-03-11 14:20:02'),
(490,127,2,NULL,NULL,'メッセージは届いているみたいですか、メッセージに全員表示されないようです。',2,NULL,NULL,NULL,NULL,46,'2-46-20220217121557-c3e72a537a2b07a75aacdc5781bbb25a',1,'2022-02-17 12:15:57','2022-10-18 19:30:00'),
(491,135,2,NULL,NULL,'メッセージは届いているみたいですか、メッセージに全員表示されないようです。',2,NULL,NULL,NULL,NULL,46,'2-46-20220217121557-c3e72a537a2b07a75aacdc5781bbb25a',1,'2022-02-17 12:16:01','2022-09-03 09:41:51'),
(492,140,2,NULL,NULL,'メッセージは届いているみたいですか、メッセージに全員表示されないようです。',2,NULL,NULL,NULL,NULL,46,'2-46-20220217121557-c3e72a537a2b07a75aacdc5781bbb25a',1,'2022-02-17 12:16:05','2022-03-11 14:28:35'),
(493,143,2,NULL,NULL,'メッセージは届いているみたいですか、メッセージに全員表示されないようです。',2,NULL,NULL,NULL,NULL,46,'2-46-20220217121557-c3e72a537a2b07a75aacdc5781bbb25a',1,'2022-02-17 12:16:05','2022-11-15 14:10:19'),
(494,144,2,NULL,NULL,'メッセージは届いているみたいですか、メッセージに全員表示されないようです。',2,NULL,NULL,NULL,NULL,46,'2-46-20220217121557-c3e72a537a2b07a75aacdc5781bbb25a',1,'2022-02-17 12:16:08','2022-04-02 12:29:58'),
(495,148,2,NULL,NULL,'メッセージは届いているみたいですか、メッセージに全員表示されないようです。',2,NULL,NULL,NULL,NULL,46,'2-46-20220217121557-c3e72a537a2b07a75aacdc5781bbb25a',1,'2022-02-17 12:16:11','2022-03-23 16:23:19'),
(496,128,2,NULL,NULL,'メッセージは届いているみたいですか、メッセージに全員表示されないようです。',2,NULL,NULL,NULL,NULL,46,'2-46-20220217121557-c3e72a537a2b07a75aacdc5781bbb25a',1,'2022-02-17 12:16:14','2022-03-11 13:36:55'),
(497,136,2,NULL,NULL,'店舗が選べるといいかな？',1,NULL,NULL,NULL,NULL,NULL,NULL,1,'2022-02-17 12:21:49','2022-03-19 12:21:57'),
(498,136,2,NULL,NULL,'現状は、スタッフ全員に届くようです。',1,NULL,NULL,NULL,NULL,NULL,NULL,1,'2022-02-17 12:24:58','2022-03-19 12:21:57'),
(499,136,2,NULL,NULL,'テスト100',2,NULL,NULL,NULL,NULL,46,'2-46-20220217123855-771c23ca32cfa562379cb4d67f459651',1,'2022-02-17 12:38:55','2022-03-11 14:20:02'),
(500,127,2,NULL,NULL,'テスト100',2,NULL,NULL,NULL,NULL,46,'2-46-20220217123855-771c23ca32cfa562379cb4d67f459651',1,'2022-02-17 12:38:56','2022-10-18 19:30:00'),
(501,135,2,NULL,NULL,'テスト100',2,NULL,NULL,NULL,NULL,46,'2-46-20220217123855-771c23ca32cfa562379cb4d67f459651',1,'2022-02-17 12:38:59','2022-09-03 09:41:51'),
(502,140,2,NULL,NULL,'テスト100',2,NULL,NULL,NULL,NULL,46,'2-46-20220217123855-771c23ca32cfa562379cb4d67f459651',1,'2022-02-17 12:39:02','2022-03-11 14:28:35'),
(503,143,2,NULL,NULL,'テスト100',2,NULL,NULL,NULL,NULL,46,'2-46-20220217123855-771c23ca32cfa562379cb4d67f459651',1,'2022-02-17 12:39:03','2022-11-15 14:10:19'),
(504,144,2,NULL,NULL,'テスト100',2,NULL,NULL,NULL,NULL,46,'2-46-20220217123855-771c23ca32cfa562379cb4d67f459651',1,'2022-02-17 12:39:06','2022-04-02 12:29:58'),
(505,148,2,NULL,NULL,'テスト100',2,NULL,NULL,NULL,NULL,46,'2-46-20220217123855-771c23ca32cfa562379cb4d67f459651',1,'2022-02-17 12:39:09','2022-03-23 16:23:19'),
(506,128,2,NULL,NULL,'テスト100',2,NULL,NULL,NULL,NULL,46,'2-46-20220217123855-771c23ca32cfa562379cb4d67f459651',1,'2022-02-17 12:39:12','2022-03-11 13:36:55'),
(507,128,2,NULL,NULL,'テスト200',2,NULL,NULL,NULL,NULL,NULL,NULL,1,'2022-02-17 12:40:20','2022-03-11 13:36:55'),
(508,136,2,NULL,NULL,'テスト300',1,NULL,NULL,NULL,NULL,NULL,NULL,1,'2022-02-17 12:54:05','2022-03-19 12:21:57'),
(509,136,2,NULL,NULL,'再送テスト300',1,NULL,NULL,NULL,NULL,NULL,NULL,1,'2022-02-17 12:56:51','2022-03-19 12:21:57'),
(510,136,2,NULL,NULL,'再再送テスト300',1,NULL,NULL,NULL,NULL,NULL,NULL,1,'2022-02-17 12:58:26','2022-03-19 12:21:57'),
(511,136,2,NULL,NULL,'テスト400',2,NULL,NULL,NULL,NULL,NULL,NULL,1,'2022-02-17 13:15:12','2022-03-11 14:20:02'),
(512,128,2,NULL,NULL,'届いてます',2,NULL,NULL,NULL,NULL,NULL,NULL,1,'2022-02-17 18:36:20','2022-03-11 13:36:55'),
(513,136,2,NULL,NULL,'テスト400へ返信',2,NULL,NULL,NULL,NULL,NULL,NULL,1,'2022-02-17 20:32:44','2022-03-11 14:20:02'),
(514,136,2,NULL,NULL,'誕生日おめでとう????　２月28日までに使えるクーポンをプレゼント????',2,NULL,NULL,NULL,NULL,50,'2-50-20220218151847-e381f74e41d287bcefdcdf69c76b2f3c',1,'2022-02-18 15:18:47','2022-03-11 14:20:02'),
(515,136,2,NULL,NULL,'返信しないように設定が必要',2,NULL,NULL,NULL,NULL,NULL,NULL,1,'2022-02-18 15:21:31','2022-03-11 14:20:02'),
(516,136,2,NULL,NULL,'うえかねてまやゎな',2,NULL,NULL,NULL,NULL,50,'2-50-20220222160750-091504421d71deb77413777a885a3be8',1,'2022-02-22 16:07:50','2022-03-11 14:20:02'),
(517,136,2,NULL,NULL,'山田客',1,NULL,NULL,NULL,NULL,NULL,NULL,1,'2022-02-22 16:14:21','2022-03-19 12:21:57'),
(518,136,2,NULL,NULL,'山田s',2,NULL,NULL,NULL,NULL,NULL,NULL,1,'2022-02-22 16:16:55','2022-03-11 14:20:02'),
(519,136,2,NULL,NULL,'かなたやま',2,NULL,NULL,NULL,NULL,50,'2-50-20220222161749-4807bf6bb3e4db87f3cd31c38c002311',1,'2022-02-22 16:17:49','2022-03-11 14:20:02'),
(520,136,2,NULL,NULL,'テスト',1,NULL,NULL,NULL,NULL,NULL,NULL,1,'2022-02-22 16:33:40','2022-03-19 12:21:57'),
(521,136,2,NULL,NULL,'sg',2,NULL,NULL,NULL,NULL,NULL,NULL,1,'2022-02-22 16:34:47','2022-03-11 14:20:02'),
(522,148,2,NULL,NULL,'届いた？',2,NULL,NULL,NULL,NULL,NULL,NULL,1,'2022-02-22 16:43:39','2022-03-23 16:23:19'),
(523,148,2,NULL,NULL,'届いています！',2,NULL,NULL,NULL,NULL,NULL,NULL,1,'2022-02-22 16:57:20','2022-03-23 16:23:19'),
(524,162,1,NULL,NULL,'111',1,NULL,NULL,NULL,NULL,NULL,NULL,NULL,'2022-02-28 18:46:52','2022-02-28 18:46:52'),
(525,113,1,NULL,NULL,'今日は何時に営業しますか？',1,NULL,NULL,NULL,NULL,NULL,NULL,1,'2022-03-07 20:05:09','2022-08-17 20:11:01'),
(526,112,2,NULL,NULL,'今は混んでいますか？',1,NULL,NULL,NULL,NULL,NULL,NULL,1,'2022-03-09 09:47:17','2022-08-17 20:11:01'),
(527,185,4,NULL,NULL,'あ！',1,NULL,NULL,NULL,NULL,NULL,NULL,1,'2022-03-10 18:11:29','2022-08-17 20:11:01'),
(528,136,2,NULL,NULL,'今から向かいますので',1,NULL,NULL,NULL,NULL,NULL,NULL,1,'2022-03-10 19:06:23','2022-08-17 20:11:01'),
(529,136,2,NULL,NULL,'お待ちしております。',2,NULL,NULL,NULL,NULL,NULL,NULL,1,'2022-03-10 19:07:13','2022-03-11 14:20:02'),
(530,136,2,NULL,NULL,'テスト',1,'IMG_1442.jpeg','msg_attach_file_20220310192845757604.jpg',NULL,1,NULL,NULL,1,'2022-03-10 19:28:46','2022-08-17 20:11:01'),
(531,186,4,NULL,NULL,'会員登録しました。',1,NULL,NULL,NULL,NULL,NULL,NULL,1,'2022-03-10 22:49:10','2022-08-17 20:11:01'),
(532,136,2,NULL,NULL,'テスト中',1,NULL,NULL,NULL,NULL,NULL,NULL,1,'2022-03-11 14:14:39','2022-08-17 20:11:01'),
(533,136,2,NULL,NULL,'見ました',2,NULL,NULL,NULL,NULL,NULL,NULL,NULL,'2022-03-11 14:28:52','2022-03-11 14:28:52'),
(534,198,1,NULL,NULL,'まいんだよ',1,NULL,NULL,NULL,NULL,NULL,NULL,1,'2022-03-20 16:50:50','2022-08-23 14:54:19'),
(535,198,1,NULL,2,'やほ',2,NULL,NULL,NULL,NULL,NULL,NULL,1,'2022-03-20 16:51:25','2022-09-07 10:41:36'),
(536,199,1,NULL,NULL,'みるだっぴ????( \'-\' ???? )',1,NULL,NULL,NULL,NULL,NULL,NULL,1,'2022-03-20 16:52:13','2022-08-23 14:54:17'),
(537,202,2,4,NULL,'非常に良い施術でした！',1,NULL,NULL,NULL,NULL,NULL,NULL,1,'2022-03-24 18:44:45','2022-08-17 20:11:01'),
(538,202,2,NULL,44,'ありがとうございます！',2,NULL,NULL,NULL,NULL,NULL,NULL,1,'2022-03-24 18:45:37','2022-03-24 18:51:58'),
(539,201,2,NULL,50,'お疲れ様です。',2,NULL,NULL,NULL,NULL,NULL,NULL,1,'2022-03-25 15:16:53','2022-05-13 19:08:53'),
(540,201,2,NULL,50,'お疲れ様でした。',2,NULL,NULL,NULL,NULL,NULL,NULL,1,'2022-03-25 15:17:53','2022-05-13 19:08:53'),
(541,201,2,4,NULL,'こちらこそお疲れ様でした',1,NULL,NULL,NULL,NULL,NULL,NULL,1,'2022-03-25 15:18:33','2022-08-18 09:18:56'),
(542,201,2,NULL,50,'そちらこそお疲れ様でございました',2,NULL,NULL,NULL,NULL,NULL,NULL,1,'2022-03-25 15:19:42','2022-05-13 19:08:53'),
(543,147,2,NULL,3,'メッセージてすと',2,NULL,NULL,NULL,NULL,NULL,NULL,1,'2022-03-26 10:31:47','2022-10-04 13:09:25'),
(544,147,2,4,NULL,'メッセージてすとへんしん',1,NULL,NULL,NULL,NULL,NULL,NULL,1,'2022-03-26 10:32:37','2022-08-18 09:19:25'),
(545,147,2,NULL,50,'割り込めるね',2,NULL,NULL,NULL,NULL,NULL,NULL,1,'2022-03-26 11:55:36','2022-10-04 13:09:25'),
(546,201,2,9,NULL,'てすと',1,NULL,NULL,NULL,NULL,NULL,NULL,1,'2022-03-26 12:17:00','2022-08-18 09:18:56'),
(547,201,2,NULL,50,'返信',2,NULL,NULL,NULL,NULL,NULL,NULL,1,'2022-03-26 12:17:46','2022-05-13 19:08:53'),
(548,201,2,NULL,50,'返信2',2,NULL,NULL,NULL,NULL,NULL,NULL,1,'2022-03-26 12:18:21','2022-05-13 19:08:53'),
(549,201,2,4,NULL,'テストてか',1,NULL,NULL,NULL,NULL,NULL,NULL,1,'2022-03-26 12:18:58','2022-08-18 09:18:56'),
(550,185,4,NULL,5,'お疲れ様',2,NULL,NULL,NULL,NULL,51,'4-51-20220328151254-a8812a990031e0875d4c9ff80895d784',1,'2022-03-28 15:12:54','2022-11-03 17:46:13'),
(551,134,2,NULL,NULL,'あ',1,NULL,NULL,NULL,NULL,NULL,NULL,1,'2022-03-28 15:13:35','2022-08-17 20:11:01'),
(552,203,2,NULL,50,'あ',2,'IMG_8963.png','msg_attach_file_20220328151453906982.jpg',NULL,1,NULL,NULL,1,'2022-03-28 15:14:54','2023-04-21 21:07:09'),
(553,201,2,NULL,44,'q',2,NULL,NULL,NULL,NULL,NULL,NULL,1,'2022-04-17 16:43:10','2022-05-13 19:08:53'),
(554,193,1,NULL,NULL,'234',1,NULL,NULL,NULL,NULL,NULL,NULL,1,'2022-04-20 01:01:31','2022-08-23 14:53:32'),
(555,193,1,35,NULL,'23',1,NULL,NULL,NULL,NULL,NULL,NULL,1,'2022-04-20 01:01:39','2022-08-23 14:53:32'),
(556,194,4,20,NULL,'asd',1,NULL,NULL,NULL,NULL,NULL,NULL,1,'2022-04-20 03:42:13','2022-09-03 13:37:21'),
(557,134,2,NULL,NULL,'あ',1,NULL,NULL,NULL,NULL,NULL,NULL,1,'2022-04-20 13:44:04','2022-08-17 20:11:01'),
(558,134,2,NULL,50,'い',2,NULL,NULL,NULL,NULL,NULL,NULL,1,'2022-04-20 13:48:11','2022-05-18 09:14:14'),
(559,201,2,NULL,50,'テスト',2,NULL,NULL,NULL,NULL,NULL,NULL,1,'2022-04-22 15:07:26','2022-05-13 19:08:53'),
(560,201,2,4,NULL,'返信',1,NULL,NULL,NULL,NULL,NULL,NULL,1,'2022-04-22 15:09:08','2022-08-18 09:18:56'),
(561,201,2,NULL,50,'あ',2,NULL,NULL,NULL,NULL,NULL,NULL,1,'2022-04-26 18:52:00','2022-05-13 19:08:53'),
(562,201,2,4,NULL,'テスト5月4日',1,NULL,NULL,NULL,NULL,NULL,NULL,1,'2022-05-04 11:52:11','2022-08-18 09:18:56'),
(563,208,4,20,NULL,'テスト',1,NULL,NULL,NULL,NULL,NULL,NULL,1,'2022-05-09 18:11:23','2022-08-17 20:11:01'),
(564,201,2,NULL,50,'5/10',2,NULL,NULL,NULL,NULL,NULL,NULL,1,'2022-05-10 14:41:50','2022-05-13 19:08:53'),
(565,201,2,4,NULL,'うああ',1,NULL,NULL,NULL,NULL,NULL,NULL,1,'2022-05-13 17:23:06','2022-08-18 09:18:56'),
(566,201,2,NULL,50,'あかさ',2,NULL,NULL,NULL,NULL,NULL,NULL,1,'2022-05-13 17:25:11','2022-05-13 19:08:53'),
(567,206,1,NULL,NULL,'これはテストです。今日は何時に営業しますか？',1,NULL,NULL,NULL,NULL,NULL,NULL,1,'2022-06-18 15:44:59','2022-08-23 14:54:15'),
(568,192,4,20,NULL,'テスト',1,NULL,NULL,NULL,NULL,NULL,NULL,1,'2022-06-27 13:22:07','2022-09-12 18:19:41'),
(569,192,4,NULL,1,'テスト',2,NULL,NULL,NULL,NULL,NULL,NULL,1,'2022-06-27 13:22:22','2022-09-26 10:57:13'),
(570,192,4,20,NULL,'テスト',1,NULL,NULL,NULL,NULL,NULL,NULL,1,'2022-06-27 14:37:05','2022-09-12 18:19:41'),
(571,192,4,NULL,5,'来ました！',2,NULL,NULL,NULL,NULL,NULL,NULL,1,'2022-06-27 14:37:14','2022-09-26 10:57:13'),
(572,185,4,NULL,1,'どうも！',2,NULL,NULL,NULL,NULL,51,'4-51-20220627144253-305d53e490cb4af0c57822791bd19bc0',1,'2022-06-27 14:42:53','2022-11-03 17:46:13'),
(573,192,4,NULL,1,'どうも！',2,NULL,NULL,NULL,NULL,51,'4-51-20220627144253-305d53e490cb4af0c57822791bd19bc0',1,'2022-06-27 14:42:54','2022-09-26 10:57:13'),
(574,215,4,NULL,NULL,'SAYAKAです????',1,NULL,NULL,NULL,NULL,NULL,NULL,1,'2022-07-04 21:41:49','2022-08-17 20:11:01'),
(575,215,4,NULL,1,'やほ！',2,NULL,NULL,NULL,NULL,NULL,NULL,1,'2022-07-04 21:42:14','2022-08-02 12:01:32'),
(576,217,4,NULL,5,'やっほーーー☺️☺️',2,NULL,NULL,NULL,NULL,NULL,NULL,1,'2022-08-01 18:03:41','2022-08-28 00:32:46'),
(577,185,4,NULL,5,'月曜18時〜のクラスの皆様　ご登録ありがとうございます☺️????　使い方が分からない事やこうした機能があった方がいいなどご要望などあればぜひ教えて下さい????‍♂️皆さん、ご協力の程よろしくお願い致します????????',2,NULL,NULL,NULL,NULL,52,'4-52-20220801202020-54b40b2684a50762f67bd572c07cc023',1,'2022-08-01 20:20:20','2022-11-03 17:46:13'),
(578,215,4,NULL,5,'月曜18時〜のクラスの皆様　ご登録ありがとうございます☺️????　使い方が分からない事やこうした機能があった方がいいなどご要望などあればぜひ教えて下さい????‍♂️皆さん、ご協力の程よろしくお願い致します????????',2,NULL,NULL,NULL,NULL,52,'4-52-20220801202020-54b40b2684a50762f67bd572c07cc023',1,'2022-08-01 20:20:21','2022-08-02 12:01:32'),
(579,217,4,NULL,5,'月曜18時〜のクラスの皆様　ご登録ありがとうございます☺️????　使い方が分からない事やこうした機能があった方がいいなどご要望などあればぜひ教えて下さい????‍♂️皆さん、ご協力の程よろしくお願い致します????????',2,NULL,NULL,NULL,NULL,52,'4-52-20220801202020-54b40b2684a50762f67bd572c07cc023',1,'2022-08-01 20:20:21','2022-08-28 00:32:46'),
(580,218,4,NULL,5,'月曜18時〜のクラスの皆様　ご登録ありがとうございます☺️????　使い方が分からない事やこうした機能があった方がいいなどご要望などあればぜひ教えて下さい????‍♂️皆さん、ご協力の程よろしくお願い致します????????',2,NULL,NULL,NULL,NULL,52,'4-52-20220801202020-54b40b2684a50762f67bd572c07cc023',1,'2022-08-01 20:20:21','2022-09-09 22:59:09'),
(581,219,4,NULL,5,'月曜18時〜のクラスの皆様　ご登録ありがとうございます☺️????　使い方が分からない事やこうした機能があった方がいいなどご要望などあればぜひ教えて下さい????‍♂️皆さん、ご協力の程よろしくお願い致します????????',2,NULL,NULL,NULL,NULL,52,'4-52-20220801202020-54b40b2684a50762f67bd572c07cc023',NULL,'2022-08-01 20:20:22','2022-08-01 20:20:22'),
(582,220,4,NULL,5,'月曜18時〜のクラスの皆様　ご登録ありがとうございます☺️????　使い方が分からない事やこうした機能があった方がいいなどご要望などあればぜひ教えて下さい????‍♂️皆さん、ご協力の程よろしくお願い致します????????',2,NULL,NULL,NULL,NULL,52,'4-52-20220801202020-54b40b2684a50762f67bd572c07cc023',1,'2022-08-01 20:20:22','2022-08-08 22:41:36'),
(583,221,4,NULL,5,'月曜18時〜のクラスの皆様　ご登録ありがとうございます☺️????　使い方が分からない事やこうした機能があった方がいいなどご要望などあればぜひ教えて下さい????‍♂️皆さん、ご協力の程よろしくお願い致します????????',2,NULL,NULL,NULL,NULL,52,'4-52-20220801202020-54b40b2684a50762f67bd572c07cc023',NULL,'2022-08-01 20:20:23','2022-08-01 20:20:23'),
(584,222,4,NULL,5,'月曜18時〜のクラスの皆様　ご登録ありがとうございます☺️????　使い方が分からない事やこうした機能があった方がいいなどご要望などあればぜひ教えて下さい????‍♂️皆さん、ご協力の程よろしくお願い致します????????',2,NULL,NULL,NULL,NULL,52,'4-52-20220801202020-54b40b2684a50762f67bd572c07cc023',1,'2022-08-01 20:20:23','2022-10-14 07:44:29'),
(585,225,4,NULL,5,'月曜18時〜のクラスの皆様　ご登録ありがとうございます☺️????　使い方が分からない事やこうした機能があった方がいいなどご要望などあればぜひ教えて下さい????‍♂️皆さん、ご協力の程よろしくお願い致します????????',2,NULL,NULL,NULL,NULL,52,'4-52-20220801202020-54b40b2684a50762f67bd572c07cc023',1,'2022-08-01 20:20:23','2022-08-24 22:37:28'),
(586,185,4,NULL,19,'夜分遅くに失礼致します！！本日もありがとうございます????‍♀️動画お待たせ致しました！https://xgf.nu/E1Gx来週完成&撮影なのでたっぷりアドバイス????↓↓最初のメンバーはバシッと決めてくれつつ、ギャルギャルできるメンバー選抜しました〜！ので！振り返る所とか2個目のポーズもっと個性爆発してるの見たい〜！！????後は、比較的お姉さん組なのでオラオラかっこよく！振りは揃えるの重視してしっかり止めること！！次のパートのメンバーは今回可愛い担当です✨且つ身体を柔らかく使える子達なので、自分の身体いっぱい使って歌う様に踊るの意識してみてください〜????後は、歩く３人はウェーブ上手な３人なので、ウェーブ頑張るのと重心をうまく入れ替えて滑らかに踊る練習してみてね????歩かない4人は止まってる時も綺麗なシルエットで待ってるように意識！最後！サビ踊りだし隊と全員で踊る所めちゃくちゃいい感じ〜！振り変わらない５人はパワフルさと首の使い方が素敵！先週よりも踊りがよーく馴染んでるのも最高よん????振り変わっちゃった4人は止まるのが大事！止まってるだけでかっこいい〜！！ってなりたいので腕とか足にしっかり力入れてストップしてみてねー！来週の皆のMASCARA楽しみにしてます????AYU',2,NULL,NULL,NULL,NULL,52,'4-52-20220802105231-35d35aff9d15922581bfc8f0283d97db',1,'2022-08-02 10:52:31','2022-11-03 17:46:13'),
(587,215,4,NULL,19,'夜分遅くに失礼致します！！本日もありがとうございます????‍♀️動画お待たせ致しました！https://xgf.nu/E1Gx来週完成&撮影なのでたっぷりアドバイス????↓↓最初のメンバーはバシッと決めてくれつつ、ギャルギャルできるメンバー選抜しました〜！ので！振り返る所とか2個目のポーズもっと個性爆発してるの見たい〜！！????後は、比較的お姉さん組なのでオラオラかっこよく！振りは揃えるの重視してしっかり止めること！！次のパートのメンバーは今回可愛い担当です✨且つ身体を柔らかく使える子達なので、自分の身体いっぱい使って歌う様に踊るの意識してみてください〜????後は、歩く３人はウェーブ上手な３人なので、ウェーブ頑張るのと重心をうまく入れ替えて滑らかに踊る練習してみてね????歩かない4人は止まってる時も綺麗なシルエットで待ってるように意識！最後！サビ踊りだし隊と全員で踊る所めちゃくちゃいい感じ〜！振り変わらない５人はパワフルさと首の使い方が素敵！先週よりも踊りがよーく馴染んでるのも最高よん????振り変わっちゃった4人は止まるのが大事！止まってるだけでかっこいい〜！！ってなりたいので腕とか足にしっかり力入れてストップしてみてねー！来週の皆のMASCARA楽しみにしてます????AYU',2,NULL,NULL,NULL,NULL,52,'4-52-20220802105231-35d35aff9d15922581bfc8f0283d97db',1,'2022-08-02 10:52:31','2022-08-02 12:01:32'),
(588,217,4,NULL,19,'夜分遅くに失礼致します！！本日もありがとうございます????‍♀️動画お待たせ致しました！https://xgf.nu/E1Gx来週完成&撮影なのでたっぷりアドバイス????↓↓最初のメンバーはバシッと決めてくれつつ、ギャルギャルできるメンバー選抜しました〜！ので！振り返る所とか2個目のポーズもっと個性爆発してるの見たい〜！！????後は、比較的お姉さん組なのでオラオラかっこよく！振りは揃えるの重視してしっかり止めること！！次のパートのメンバーは今回可愛い担当です✨且つ身体を柔らかく使える子達なので、自分の身体いっぱい使って歌う様に踊るの意識してみてください〜????後は、歩く３人はウェーブ上手な３人なので、ウェーブ頑張るのと重心をうまく入れ替えて滑らかに踊る練習してみてね????歩かない4人は止まってる時も綺麗なシルエットで待ってるように意識！最後！サビ踊りだし隊と全員で踊る所めちゃくちゃいい感じ〜！振り変わらない５人はパワフルさと首の使い方が素敵！先週よりも踊りがよーく馴染んでるのも最高よん????振り変わっちゃった4人は止まるのが大事！止まってるだけでかっこいい〜！！ってなりたいので腕とか足にしっかり力入れてストップしてみてねー！来週の皆のMASCARA楽しみにしてます????AYU',2,NULL,NULL,NULL,NULL,52,'4-52-20220802105231-35d35aff9d15922581bfc8f0283d97db',1,'2022-08-02 10:52:32','2022-08-28 00:32:46'),
(589,218,4,NULL,19,'夜分遅くに失礼致します！！本日もありがとうございます????‍♀️動画お待たせ致しました！https://xgf.nu/E1Gx来週完成&撮影なのでたっぷりアドバイス????↓↓最初のメンバーはバシッと決めてくれつつ、ギャルギャルできるメンバー選抜しました〜！ので！振り返る所とか2個目のポーズもっと個性爆発してるの見たい〜！！????後は、比較的お姉さん組なのでオラオラかっこよく！振りは揃えるの重視してしっかり止めること！！次のパートのメンバーは今回可愛い担当です✨且つ身体を柔らかく使える子達なので、自分の身体いっぱい使って歌う様に踊るの意識してみてください〜????後は、歩く３人はウェーブ上手な３人なので、ウェーブ頑張るのと重心をうまく入れ替えて滑らかに踊る練習してみてね????歩かない4人は止まってる時も綺麗なシルエットで待ってるように意識！最後！サビ踊りだし隊と全員で踊る所めちゃくちゃいい感じ〜！振り変わらない５人はパワフルさと首の使い方が素敵！先週よりも踊りがよーく馴染んでるのも最高よん????振り変わっちゃった4人は止まるのが大事！止まってるだけでかっこいい〜！！ってなりたいので腕とか足にしっかり力入れてストップしてみてねー！来週の皆のMASCARA楽しみにしてます????AYU',2,NULL,NULL,NULL,NULL,52,'4-52-20220802105231-35d35aff9d15922581bfc8f0283d97db',1,'2022-08-02 10:52:32','2022-09-09 22:59:09'),
(590,219,4,NULL,19,'夜分遅くに失礼致します！！本日もありがとうございます????‍♀️動画お待たせ致しました！https://xgf.nu/E1Gx来週完成&撮影なのでたっぷりアドバイス????↓↓最初のメンバーはバシッと決めてくれつつ、ギャルギャルできるメンバー選抜しました〜！ので！振り返る所とか2個目のポーズもっと個性爆発してるの見たい〜！！????後は、比較的お姉さん組なのでオラオラかっこよく！振りは揃えるの重視してしっかり止めること！！次のパートのメンバーは今回可愛い担当です✨且つ身体を柔らかく使える子達なので、自分の身体いっぱい使って歌う様に踊るの意識してみてください〜????後は、歩く３人はウェーブ上手な３人なので、ウェーブ頑張るのと重心をうまく入れ替えて滑らかに踊る練習してみてね????歩かない4人は止まってる時も綺麗なシルエットで待ってるように意識！最後！サビ踊りだし隊と全員で踊る所めちゃくちゃいい感じ〜！振り変わらない５人はパワフルさと首の使い方が素敵！先週よりも踊りがよーく馴染んでるのも最高よん????振り変わっちゃった4人は止まるのが大事！止まってるだけでかっこいい〜！！ってなりたいので腕とか足にしっかり力入れてストップしてみてねー！来週の皆のMASCARA楽しみにしてます????AYU',2,NULL,NULL,NULL,NULL,52,'4-52-20220802105231-35d35aff9d15922581bfc8f0283d97db',NULL,'2022-08-02 10:52:33','2022-08-02 10:52:33'),
(591,220,4,NULL,19,'夜分遅くに失礼致します！！本日もありがとうございます????‍♀️動画お待たせ致しました！https://xgf.nu/E1Gx来週完成&撮影なのでたっぷりアドバイス????↓↓最初のメンバーはバシッと決めてくれつつ、ギャルギャルできるメンバー選抜しました〜！ので！振り返る所とか2個目のポーズもっと個性爆発してるの見たい〜！！????後は、比較的お姉さん組なのでオラオラかっこよく！振りは揃えるの重視してしっかり止めること！！次のパートのメンバーは今回可愛い担当です✨且つ身体を柔らかく使える子達なので、自分の身体いっぱい使って歌う様に踊るの意識してみてください〜????後は、歩く３人はウェーブ上手な３人なので、ウェーブ頑張るのと重心をうまく入れ替えて滑らかに踊る練習してみてね????歩かない4人は止まってる時も綺麗なシルエットで待ってるように意識！最後！サビ踊りだし隊と全員で踊る所めちゃくちゃいい感じ〜！振り変わらない５人はパワフルさと首の使い方が素敵！先週よりも踊りがよーく馴染んでるのも最高よん????振り変わっちゃった4人は止まるのが大事！止まってるだけでかっこいい〜！！ってなりたいので腕とか足にしっかり力入れてストップしてみてねー！来週の皆のMASCARA楽しみにしてます????AYU',2,NULL,NULL,NULL,NULL,52,'4-52-20220802105231-35d35aff9d15922581bfc8f0283d97db',1,'2022-08-02 10:52:34','2022-08-08 22:41:36'),
(592,221,4,NULL,19,'夜分遅くに失礼致します！！本日もありがとうございます????‍♀️動画お待たせ致しました！\\n https://xgf.nu/E1Gx来週完成&撮影なのでたっぷりアドバイス????↓↓最初のメンバーはバシッと決めてくれつつ、ギャルギャルできるメンバー選抜しました〜！ので！振り返る所とか2個目のポーズもっと個性爆発してるの見たい〜！！????後は、比較的お姉さん組なのでオラオラかっこよく！振りは揃えるの重視してしっかり止めること！！次のパートのメンバーは今回可愛い担当です✨且つ身体を柔らかく使える子達なので、自分の身体いっぱい使って歌う様に踊るの意識してみてください〜????後は、歩く３人はウェーブ上手な３人なので、ウェーブ頑張るのと重心をうまく入れ替えて滑らかに踊る練習してみてね????歩かない4人は止まってる時も綺麗なシルエットで待ってるように意識！最後！サビ踊りだし隊と全員で踊る所めちゃくちゃいい感じ〜！振り変わらない５人はパワフルさと首の使い方が素敵！先週よりも踊りがよーく馴染んでるのも最高よん????振り変わっちゃった4人は止まるのが大事！止まってるだけでかっこいい〜！！ってなりたいので腕とか足にしっかり力入れてストップしてみてねー！来週の皆のMASCARA楽しみにしてます????AYU',2,NULL,NULL,NULL,NULL,52,'4-52-20220802105231-35d35aff9d15922581bfc8f0283d97db',NULL,'2022-08-02 10:52:34','2022-08-02 10:52:34'),
(593,222,4,NULL,19,'夜分遅くに失礼致します！！本日もありがとうございます????‍♀️動画お待たせ致しました！https://xgf.nu/E1Gx来週完成&撮影なのでたっぷりアドバイス????↓↓最初のメンバーはバシッと決めてくれつつ、ギャルギャルできるメンバー選抜しました〜！ので！振り返る所とか2個目のポーズもっと個性爆発してるの見たい〜！！????後は、比較的お姉さん組なのでオラオラかっこよく！振りは揃えるの重視してしっかり止めること！！次のパートのメンバーは今回可愛い担当です✨且つ身体を柔らかく使える子達なので、自分の身体いっぱい使って歌う様に踊るの意識してみてください〜????後は、歩く３人はウェーブ上手な３人なので、ウェーブ頑張るのと重心をうまく入れ替えて滑らかに踊る練習してみてね????歩かない4人は止まってる時も綺麗なシルエットで待ってるように意識！最後！サビ踊りだし隊と全員で踊る所めちゃくちゃいい感じ〜！振り変わらない５人はパワフルさと首の使い方が素敵！先週よりも踊りがよーく馴染んでるのも最高よん????振り変わっちゃった4人は止まるのが大事！止まってるだけでかっこいい〜！！ってなりたいので腕とか足にしっかり力入れてストップしてみてねー！来週の皆のMASCARA楽しみにしてます????AYU',2,NULL,NULL,NULL,NULL,52,'4-52-20220802105231-35d35aff9d15922581bfc8f0283d97db',1,'2022-08-02 10:52:34','2022-10-14 07:44:29'),
(594,225,4,NULL,19,'夜分遅くに失礼致します！！本日もありがとうございます????‍♀️動画お待たせ致しました！https://xgf.nu/E1Gx来週完成&撮影なのでたっぷりアドバイス????↓↓最初のメンバーはバシッと決めてくれつつ、ギャルギャルできるメンバー選抜しました〜！ので！振り返る所とか2個目のポーズもっと個性爆発してるの見たい〜！！????後は、比較的お姉さん組なのでオラオラかっこよく！振りは揃えるの重視してしっかり止めること！！次のパートのメンバーは今回可愛い担当です✨且つ身体を柔らかく使える子達なので、自分の身体いっぱい使って歌う様に踊るの意識してみてください〜????後は、歩く３人はウェーブ上手な３人なので、ウェーブ頑張るのと重心をうまく入れ替えて滑らかに踊る練習してみてね????歩かない4人は止まってる時も綺麗なシルエットで待ってるように意識！最後！サビ踊りだし隊と全員で踊る所めちゃくちゃいい感じ〜！振り変わらない５人はパワフルさと首の使い方が素敵！先週よりも踊りがよーく馴染んでるのも最高よん????振り変わっちゃった4人は止まるのが大事！止まってるだけでかっこいい〜！！ってなりたいので腕とか足にしっかり力入れてストップしてみてねー！来週の皆のMASCARA楽しみにしてます????AYU',2,NULL,NULL,NULL,NULL,52,'4-52-20220802105231-35d35aff9d15922581bfc8f0283d97db',1,'2022-08-02 10:52:34','2022-08-24 22:37:28'),
(595,226,4,NULL,19,'夜分遅くに失礼致します！！本日もありがとうございます????‍♀️動画お待たせ致しました！https://xgf.nu/E1Gx来週完成&撮影なのでたっぷりアドバイス????↓↓最初のメンバーはバシッと決めてくれつつ、ギャルギャルできるメンバー選抜しました〜！ので！振り返る所とか2個目のポーズもっと個性爆発してるの見たい〜！！????後は、比較的お姉さん組なのでオラオラかっこよく！振りは揃えるの重視してしっかり止めること！！次のパートのメンバーは今回可愛い担当です✨且つ身体を柔らかく使える子達なので、自分の身体いっぱい使って歌う様に踊るの意識してみてください〜????後は、歩く３人はウェーブ上手な３人なので、ウェーブ頑張るのと重心をうまく入れ替えて滑らかに踊る練習してみてね????歩かない4人は止まってる時も綺麗なシルエットで待ってるように意識！最後！サビ踊りだし隊と全員で踊る所めちゃくちゃいい感じ〜！振り変わらない５人はパワフルさと首の使い方が素敵！先週よりも踊りがよーく馴染んでるのも最高よん????振り変わっちゃった4人は止まるのが大事！止まってるだけでかっこいい〜！！ってなりたいので腕とか足にしっかり力入れてストップしてみてねー！来週の皆のMASCARA楽しみにしてます????AYU',2,NULL,NULL,NULL,NULL,52,'4-52-20220802105231-35d35aff9d15922581bfc8f0283d97db',1,'2022-08-02 10:52:35','2022-08-19 14:04:45'),
(596,224,4,NULL,19,'おはようございます????昨日もありがとうございます♪動画お待たせ致しました！https://xgf.nu/MbXS昨日は新しく色んな基礎をやりました！鎖骨のアイソレと背骨から動かす感覚！前ノリ後ろノリ✨どれもできると他の曲でもバッチリ活かせるものなので、今回の曲で感覚掴める様に練習してこの調子でコツコツ出来ることふやしていきましょ〜????今月も宜しくお願い致します????AYU',2,NULL,NULL,NULL,NULL,54,'4-54-20220802105536-c44ab782c13bcc5c7420aa8d4c59eece',1,'2022-08-02 10:55:36','2023-02-14 18:44:38'),
(597,223,4,NULL,19,'おはようございます????昨日もありがとうございます♪動画お待たせ致しました！https://xgf.nu/MbXS昨日は新しく色んな基礎をやりました！鎖骨のアイソレと背骨から動かす感覚！前ノリ後ろノリ✨どれもできると他の曲でもバッチリ活かせるものなので、今回の曲で感覚掴める様に練習してこの調子でコツコツ出来ることふやしていきましょ〜????今月も宜しくお願い致します????AYU',2,NULL,NULL,NULL,NULL,54,'4-54-20220802105536-c44ab782c13bcc5c7420aa8d4c59eece',NULL,'2022-08-02 10:55:36','2022-08-02 10:55:36'),
(598,227,4,NULL,19,'おはようございます????昨日もありがとうございます♪動画お待たせ致しました！https://xgf.nu/MbXS昨日は新しく色んな基礎をやりました！鎖骨のアイソレと背骨から動かす感覚！前ノリ後ろノリ✨どれもできると他の曲でもバッチリ活かせるものなので、今回の曲で感覚掴める様に練習してこの調子でコツコツ出来ることふやしていきましょ〜????今月も宜しくお願い致します????AYU',2,NULL,NULL,NULL,NULL,54,'4-54-20220802105536-c44ab782c13bcc5c7420aa8d4c59eece',1,'2022-08-02 10:55:37','2022-10-13 02:27:55'),
(599,228,4,NULL,19,'おはようございます????昨日もありがとうございます♪動画お待たせ致しました！https://xgf.nu/MbXS昨日は新しく色んな基礎をやりました！鎖骨のアイソレと背骨から動かす感覚！前ノリ後ろノリ✨どれもできると他の曲でもバッチリ活かせるものなので、今回の曲で感覚掴める様に練習してこの調子でコツコツ出来ることふやしていきましょ〜????今月も宜しくお願い致します????AYU',2,NULL,NULL,NULL,NULL,54,'4-54-20220802105536-c44ab782c13bcc5c7420aa8d4c59eece',NULL,'2022-08-02 10:55:37','2022-08-02 10:55:37'),
(600,235,4,NULL,5,'こちらからも動画送ってみますね！☺️ ',2,NULL,NULL,NULL,NULL,55,'4-55-20220802225456-71894082888691b914dfb56df8eb92f0',1,'2022-08-02 22:54:56','2022-08-09 20:59:55'),
(601,232,4,NULL,5,'こちらからも動画送ってみますね！☺️ ',2,NULL,NULL,NULL,NULL,55,'4-55-20220802225456-71894082888691b914dfb56df8eb92f0',1,'2022-08-02 22:54:57','2022-08-09 21:00:37'),
(602,230,4,NULL,5,'こちらからも動画送ってみますね！☺️ ',2,NULL,NULL,NULL,NULL,55,'4-55-20220802225456-71894082888691b914dfb56df8eb92f0',1,'2022-08-02 22:54:58','2022-08-03 22:06:28'),
(603,229,4,NULL,5,'こちらからも動画送ってみますね！☺️ ',2,NULL,NULL,NULL,NULL,55,'4-55-20220802225456-71894082888691b914dfb56df8eb92f0',1,'2022-08-02 22:54:58','2022-09-28 16:46:57'),
(604,192,4,NULL,NULL,'動画おくります',1,'RPReplay_Final1659316333.mp4','msg_attach_file_20220802235110399046.jpg','msg_video_file_20220802235110492569.mp4',2,NULL,NULL,1,'2022-08-02 23:51:11','2022-09-12 18:19:41'),
(605,185,4,NULL,5,'動画をおくります',2,'IMG_3686.mov','msg_attach_file_20220802235724960560.jpg','msg_video_file_20220802235725246298.mp4',2,NULL,NULL,1,'2022-08-03 00:02:08','2022-11-03 17:46:13'),
(606,238,4,NULL,5,'こんにちは！',2,NULL,NULL,NULL,NULL,NULL,NULL,1,'2022-08-03 00:16:27','2022-08-03 00:19:01'),
(607,185,4,NULL,5,'テスト',2,'IMG_0478.mov','msg_attach_file_20220803001417834886.jpg','msg_video_file_20220803001418538210.mp4',2,NULL,NULL,1,'2022-08-03 00:16:33','2022-11-03 17:46:13'),
(608,238,4,NULL,NULL,'こんにちは。日曜日レッスン参加します',1,NULL,NULL,NULL,NULL,NULL,NULL,1,'2022-08-03 00:18:59','2022-08-17 20:11:01'),
(609,235,4,20,NULL,'あいです！',1,NULL,NULL,NULL,NULL,NULL,NULL,1,'2022-08-09 20:59:51','2022-11-03 17:46:49'),
(610,96,2,NULL,27,'あかさ????  khfxxbjuio7888',2,NULL,NULL,NULL,NULL,NULL,NULL,NULL,'2022-08-17 10:09:12','2022-08-17 10:09:12'),
(611,222,4,NULL,5,'asdasdasdhgfhfgh\nfghfghfghfghfghfgh\nあかたぬやあ\nゆらに',2,NULL,NULL,NULL,NULL,NULL,NULL,1,'2022-08-17 11:52:50','2022-10-14 07:44:29'),
(612,222,4,NULL,5,'????????????????????????????????????????????????????????????????????????????????????????????????????????????????????????????????????????????‍????????????????????????????????????????????????',2,NULL,NULL,NULL,NULL,NULL,NULL,1,'2022-08-17 11:53:24','2022-10-14 07:44:29'),
(613,222,4,NULL,5,'????????????????????????????‍????????‍????????‍????????‍????????????\n\n????????????????????????????????',2,NULL,NULL,NULL,NULL,NULL,NULL,1,'2022-08-17 11:55:10','2022-10-14 07:44:29'),
(634,188,2,4,NULL,'???',1,NULL,NULL,NULL,NULL,NULL,NULL,1,'2022-08-18 09:38:13','2022-08-24 23:42:53'),
(635,188,2,NULL,3,'????\nhttps://global.com/\naaa',2,NULL,NULL,NULL,NULL,NULL,NULL,1,'2022-08-18 09:39:29','2022-08-25 14:01:00'),
(636,188,2,4,NULL,'てあかさ\n?????\nhttps://github.com/playbody/',1,NULL,NULL,NULL,NULL,NULL,NULL,1,'2022-08-18 09:46:24','2022-08-24 23:42:53'),
(637,188,2,4,NULL,'yeraadfasdf\nsdfasdfasdf',1,NULL,NULL,NULL,NULL,NULL,NULL,1,'2022-08-18 09:47:16','2022-08-24 23:42:53'),
(638,188,2,NULL,3,'444\n????\nhttps://crowdworks.jp/',2,NULL,NULL,NULL,NULL,NULL,NULL,1,'2022-08-18 09:52:25','2022-08-25 14:01:00'),
(639,188,2,NULL,3,'123',2,'1658689115986.mp4','msg_attach_file_20220820222217426400.jpg','msg_video_file_20220820222217899090.mp4',2,NULL,NULL,1,'2022-08-20 22:28:59','2022-08-25 14:01:00'),
(640,188,2,NULL,3,'https://pub.dev',2,'111.png',NULL,NULL,NULL,NULL,NULL,1,'2022-08-20 23:15:06','2022-08-25 14:01:00'),
(641,188,2,NULL,3,'eett',2,'1658689115986.mp4','msg_attach_file_20220823103919801698.jpg','msg_video_file_20220823103920381120.mp4',2,NULL,NULL,1,'2022-08-23 10:46:23','2022-08-25 14:01:00'),
(642,188,2,NULL,3,'teset',2,'Fログイン.mp4','msg_attach_file_20220823110058678967.jpg','msg_video_file_20220823110059384438.mp4',2,NULL,NULL,1,'2022-08-23 11:07:45','2022-08-25 14:01:00'),
(643,188,2,NULL,3,'te',2,'1658689115986.mp4','msg_attach_file_20220823110202400662.jpg','msg_video_file_20220823110203076698.mp4',2,NULL,NULL,1,'2022-08-23 11:08:53','2022-08-25 14:01:00'),
(644,188,2,NULL,3,'test',2,'1658689115986.mp4','msg_attach_file_20220823110445684226.jpg','msg_video_file_20220823110446536754.mp4',2,NULL,NULL,1,'2022-08-23 11:11:53','2022-08-25 14:01:00'),
(645,188,2,NULL,3,'',2,'111.png','msg_attach_file_20220823112438104791.jpg',NULL,1,NULL,NULL,1,'2022-08-23 11:31:29','2022-08-25 14:01:00'),
(646,188,2,NULL,NULL,'',1,'111.png','msg_attach_file_20220824011506259491.jpg',NULL,1,NULL,NULL,1,'2022-08-24 01:21:55','2022-08-24 23:42:53'),
(647,188,2,NULL,1,'',2,'IMG_0005.jpeg','msg_attach_file_20220824234250722952.jpg',NULL,1,NULL,NULL,1,'2022-08-24 23:42:51','2022-08-25 14:01:00'),
(648,188,2,NULL,NULL,'',1,'IMG_0004.jpeg','msg_attach_file_20220825134135051728.jpg',NULL,1,NULL,NULL,NULL,'2022-08-25 13:41:35','2022-08-25 13:41:35'),
(649,192,4,NULL,NULL,'?',1,NULL,NULL,NULL,NULL,NULL,NULL,1,'2022-08-27 21:36:50','2022-09-12 18:19:41'),
(650,192,4,NULL,NULL,'http://libero-school.com/',1,NULL,NULL,NULL,NULL,NULL,NULL,1,'2022-08-27 21:37:16','2022-09-12 18:19:41'),
(651,149,2,NULL,74,'',2,'683526572.721970.mp4','msg_attach_file_20220902155556900377.jpg','msg_video_file_20220902155556900377.mp4',2,NULL,NULL,NULL,'2022-09-02 16:02:36','2022-09-02 16:02:36'),
(652,149,2,NULL,74,'',2,'683526572.961106.mp4','msg_attach_file_20220902155631564322.jpg','msg_video_file_20220902155631564322.mp4',2,NULL,NULL,NULL,'2022-09-02 16:03:10','2022-09-02 16:03:10'),
(653,149,2,NULL,74,'',2,'683526572.961106.mp4','msg_attach_file_20220902155956531241.jpg','msg_video_file_20220902155956531241.mp4',2,NULL,NULL,NULL,'2022-09-02 16:06:36','2022-09-02 16:06:36'),
(654,149,2,NULL,74,'upload test',2,'683526572.721970.mp4','msg_attach_file_20220902160017239647.jpg','msg_video_file_20220902160017239647.mp4',2,NULL,NULL,NULL,'2022-09-02 16:07:06','2022-09-02 16:07:06'),
(655,149,2,NULL,74,'teset',2,'683526572.721970.mp4','msg_attach_file_20220902180259528302.jpg','msg_video_file_20220902180259528302.mp4',2,NULL,NULL,NULL,'2022-09-02 18:03:07','2022-09-02 18:03:07'),
(656,247,2,4,NULL,'',1,'683526572.721970.mp4','msg_attach_file_20220902181333919097.jpg','msg_video_file_20220902181334735636.mp4',2,NULL,NULL,1,'2022-09-02 18:20:24','2023-03-21 00:42:44'),
(657,248,1,NULL,NULL,'',1,'683526572.721970.mp4','msg_attach_file_20220902183922210840.jpg','msg_video_file_20220902183922918740.mp4',2,NULL,NULL,NULL,'2022-09-02 18:46:02','2022-09-02 18:46:02'),
(658,248,1,NULL,NULL,'',1,'683526572.961106.mp4','msg_attach_file_20220902183951882697.jpg','msg_video_file_20220902183952668430.mp4',2,NULL,NULL,NULL,'2022-09-02 18:46:28','2022-09-02 18:46:28'),
(659,248,1,NULL,NULL,'test\n',1,'683526572.961106.mp4',NULL,NULL,NULL,NULL,NULL,NULL,'2022-09-02 18:48:02','2022-09-02 18:48:02'),
(660,194,4,NULL,NULL,'',1,'683526572.721970.mp4','msg_attach_file_20220903024615621602.jpg','msg_video_file_20220903024616251659.mp4',2,NULL,NULL,1,'2022-09-03 02:52:58','2022-09-03 13:37:21'),
(661,194,4,NULL,NULL,'test',1,'683526572.721970.mp4',NULL,NULL,NULL,NULL,NULL,1,'2022-09-03 02:53:34','2022-09-03 13:37:21'),
(662,247,2,4,NULL,'teset',1,'683526572.721970.mp4','msg_attach_file_20220903035627903603.jpg','msg_video_file_20220903035628100728.mp4',2,NULL,NULL,1,'2022-09-03 03:56:34','2023-03-21 00:42:44'),
(663,247,2,NULL,NULL,'',1,'683526572.721970.mp4','msg_attach_file_20220903035647095757.jpg','msg_video_file_20220903035647340002.mp4',2,NULL,NULL,1,'2022-09-03 03:56:53','2022-11-24 14:50:54'),
(664,135,2,NULL,NULL,'',1,'IMG_2611.mov','msg_attach_file_20220903094100924651.jpg','msg_video_file_20220903094101024690.mp4',2,NULL,NULL,1,'2022-09-03 09:41:02','2023-01-17 09:42:27'),
(665,135,2,NULL,NULL,'テスト',1,'IMG_2611.mov',NULL,NULL,NULL,NULL,NULL,1,'2022-09-03 09:41:46','2023-01-17 09:42:27'),
(666,175,1,41,NULL,'こんにちは！\nケビン テスト',1,NULL,NULL,NULL,NULL,NULL,NULL,NULL,'2022-09-03 21:24:18','2022-09-03 21:24:18'),
(667,248,1,40,NULL,'',1,'683526572.721970.mp4','msg_attach_file_20220904090107802030.jpg','msg_video_file_20220904090108416088.mp4',2,NULL,NULL,NULL,'2022-09-04 09:07:46','2022-09-04 09:07:46'),
(668,252,1,NULL,NULL,'.',1,NULL,NULL,NULL,NULL,NULL,NULL,1,'2022-09-05 23:38:48','2022-10-09 23:55:03'),
(669,252,1,41,NULL,',',1,NULL,NULL,NULL,NULL,NULL,NULL,1,'2022-09-05 23:39:08','2022-10-09 23:55:03'),
(670,252,1,41,NULL,'',1,'Screenshot_20220905-234006.png','msg_attach_file_20220905234029119980.jpg',NULL,1,NULL,NULL,1,'2022-09-05 23:40:30','2022-10-09 23:55:03'),
(671,267,1,38,NULL,'テスト:私が来た！',1,NULL,NULL,NULL,NULL,NULL,NULL,1,'2022-09-06 14:04:49','2022-10-09 23:54:54'),
(672,352,1,37,NULL,'あ',1,'IMG_6634.mov','msg_attach_file_20220907010854975804.jpg','msg_video_file_20220907010855497435.mp4',2,NULL,NULL,1,'2022-09-07 01:09:55','2022-10-09 23:54:48'),
(673,387,1,37,NULL,'江戸川6R 24-1=2346,24-6-123',1,NULL,NULL,NULL,NULL,NULL,NULL,1,'2022-09-08 13:18:27','2022-11-29 23:45:46'),
(674,192,4,NULL,5,'',2,'IMG_2848.mov','msg_attach_file_20220911203227492430.jpg','msg_video_file_20220911203227492430.mp4',2,NULL,NULL,1,'2022-09-11 20:35:41','2022-09-26 10:57:13'),
(675,192,4,NULL,5,'一度動画を配信してみます?‍♂️\n見れますでしょうか？?',2,'IMG_2848.mov',NULL,NULL,NULL,NULL,NULL,1,'2022-09-11 20:36:52','2022-09-26 10:57:13'),
(676,355,1,38,NULL,'test',1,NULL,NULL,NULL,NULL,NULL,NULL,1,'2022-09-14 22:10:12','2023-01-17 09:31:28'),
(677,476,1,38,NULL,'今朝4時頃に二人でお邪魔させてもらった「ゆうや」と申します。\n\nポイントカードおそらく忘れているとおもうのですが、そちらにありますでしょうか？',1,NULL,NULL,NULL,NULL,NULL,NULL,1,'2022-11-03 13:01:05','2023-01-17 09:31:22'),
(678,477,2,4,NULL,'テスト',1,NULL,NULL,NULL,NULL,NULL,NULL,1,'2023-01-17 09:29:29','2023-03-23 10:50:43'),
(679,477,2,NULL,NULL,'',1,'IMG_4270.png','msg_attach_file_20230117092946608043.jpg',NULL,1,NULL,NULL,1,'2023-01-17 09:29:46','2023-03-21 15:28:24'),
(680,492,1,2,NULL,'test',1,NULL,NULL,NULL,NULL,NULL,NULL,1,'2023-03-07 14:26:04','2023-04-25 21:50:24'),
(681,494,2,NULL,77,'˙ˆ',2,NULL,NULL,NULL,NULL,NULL,NULL,1,'2023-03-21 00:43:15','2023-03-23 10:57:46'),
(682,494,2,NULL,77,'˙ˆ',2,NULL,NULL,NULL,NULL,NULL,NULL,1,'2023-03-21 00:43:23','2023-03-23 10:57:46'),
(683,494,2,4,NULL,'123456',1,NULL,NULL,NULL,NULL,NULL,NULL,1,'2023-03-21 01:41:42','2023-04-17 17:50:31'),
(684,477,2,12,NULL,'テスト',1,NULL,NULL,NULL,NULL,NULL,NULL,1,'2023-03-21 15:25:23','2023-03-21 15:28:24'),
(685,477,2,NULL,1,'test',2,NULL,NULL,NULL,NULL,NULL,NULL,1,'2023-03-21 15:28:30','2023-03-21 17:10:29'),
(686,492,1,NULL,1,'Hi',2,NULL,NULL,NULL,NULL,NULL,NULL,1,'2023-03-21 15:33:21','2023-03-26 08:40:29'),
(687,492,1,NULL,1,'Hi',2,NULL,NULL,NULL,NULL,NULL,NULL,1,'2023-03-21 15:35:54','2023-03-26 08:40:29'),
(688,492,1,NULL,1,'Test',2,NULL,NULL,NULL,NULL,NULL,NULL,1,'2023-03-21 15:43:26','2023-03-26 08:40:29'),
(689,492,1,NULL,1,'Test',2,NULL,NULL,NULL,NULL,NULL,NULL,1,'2023-03-21 15:46:36','2023-03-26 08:40:29'),
(690,492,1,NULL,1,'Test',2,NULL,NULL,NULL,NULL,NULL,NULL,1,'2023-03-21 15:46:38','2023-03-26 08:40:29'),
(691,492,1,NULL,1,'Test',2,NULL,NULL,NULL,NULL,NULL,NULL,1,'2023-03-21 15:46:39','2023-03-26 08:40:29'),
(692,492,1,NULL,1,'Test',2,NULL,NULL,NULL,NULL,NULL,NULL,1,'2023-03-21 15:46:40','2023-03-26 08:40:29'),
(693,492,1,NULL,1,'Test',2,NULL,NULL,NULL,NULL,NULL,NULL,1,'2023-03-21 15:47:17','2023-03-26 08:40:29'),
(694,492,1,NULL,1,'111',2,NULL,NULL,NULL,NULL,NULL,NULL,1,'2023-03-21 15:49:39','2023-03-26 08:40:29'),
(695,492,1,NULL,1,'2222',2,NULL,NULL,NULL,NULL,NULL,NULL,1,'2023-03-21 15:49:45','2023-03-26 08:40:29'),
(696,477,2,NULL,NULL,'テスト',1,NULL,NULL,NULL,NULL,NULL,NULL,NULL,'2023-03-21 15:51:28','2023-03-21 15:51:28'),
(697,477,2,NULL,NULL,'\n',1,NULL,NULL,NULL,NULL,NULL,NULL,NULL,'2023-03-21 17:10:17','2023-03-21 17:10:17'),
(698,492,1,NULL,1,'Test',2,NULL,NULL,NULL,NULL,NULL,NULL,1,'2023-03-21 18:02:08','2023-03-26 08:40:29'),
(699,494,2,NULL,77,'Hi',2,NULL,NULL,NULL,NULL,NULL,NULL,1,'2023-03-22 15:01:48','2023-03-23 10:57:46');

/*Table structure for table `mst_point_rate_special_limits` */

DROP TABLE IF EXISTS `mst_point_rate_special_limits`;

CREATE TABLE `mst_point_rate_special_limits` (
  `id` bigint(6) NOT NULL AUTO_INCREMENT,
  `organ_id` bigint(6) DEFAULT NULL,
  `type` int(1) DEFAULT NULL COMMENT '1: min_time to limit_time, 2: limit_time over, 3: day_over, 4: reserve_over',
  `value` varchar(10) DEFAULT NULL,
  `rate` varchar(10) DEFAULT NULL,
  `create_date` datetime DEFAULT NULL,
  `update_date` datetime DEFAULT NULL,
  PRIMARY KEY (`id`) USING BTREE
) ENGINE=InnoDB AUTO_INCREMENT=17 DEFAULT CHARSET=utf8 ROW_FORMAT=DYNAMIC;

/*Data for the table `mst_point_rate_special_limits` */

insert  into `mst_point_rate_special_limits`(`id`,`organ_id`,`type`,`value`,`rate`,`create_date`,`update_date`) values 
(14,4,3,'10','0.01','2022-10-12 09:32:06','2022-10-12 09:32:09');

/*Table structure for table `mst_point_rate_special_periods` */

DROP TABLE IF EXISTS `mst_point_rate_special_periods`;

CREATE TABLE `mst_point_rate_special_periods` (
  `id` bigint(6) NOT NULL AUTO_INCREMENT,
  `organ_id` int(6) DEFAULT NULL,
  `from_date` varchar(6) DEFAULT NULL,
  `to_date` varchar(6) DEFAULT NULL,
  `rate_days` varchar(6) DEFAULT NULL,
  `rate` varchar(6) DEFAULT NULL,
  `create_date` datetime DEFAULT NULL,
  `update_date` datetime DEFAULT NULL,
  PRIMARY KEY (`id`) USING BTREE
) ENGINE=InnoDB AUTO_INCREMENT=6 DEFAULT CHARSET=utf8 ROW_FORMAT=DYNAMIC;

/*Data for the table `mst_point_rate_special_periods` */

insert  into `mst_point_rate_special_periods`(`id`,`organ_id`,`from_date`,`to_date`,`rate_days`,`rate`,`create_date`,`update_date`) values 
(2,4,'12-25','01-15','22','0.05','2022-09-21 09:50:46','2022-10-13 21:09:57'),
(4,4,'10-08','11-12','3','0.003','2022-09-21 10:10:48','2022-09-21 10:10:48'),
(5,12,'10-10','10-30','5','0.05','2022-09-21 19:08:35','2022-09-21 19:10:58');

/*Table structure for table `mst_tickets` */

DROP TABLE IF EXISTS `mst_tickets`;

CREATE TABLE `mst_tickets` (
  `id` int(6) NOT NULL AUTO_INCREMENT,
  `company_id` int(6) DEFAULT NULL,
  `ticket_name` varchar(255) DEFAULT NULL,
  `create_date` datetime DEFAULT NULL,
  `update_date` datetime DEFAULT NULL,
  PRIMARY KEY (`id`) USING BTREE
) ENGINE=InnoDB AUTO_INCREMENT=14 DEFAULT CHARSET=utf8 ROW_FORMAT=DYNAMIC;

/*Data for the table `mst_tickets` */

insert  into `mst_tickets`(`id`,`company_id`,`ticket_name`,`create_date`,`update_date`) values 
(1,1,'5回回数券','2022-01-21 21:26:58','2023-03-22 11:03:46'),
(2,2,'11回回数券','2022-01-21 21:26:58','2022-01-21 21:27:02'),
(3,3,'朝回回数券1','2022-01-21 21:27:02','2023-03-22 17:27:38'),
(4,4,'ダンス','2022-01-21 21:27:02','2023-03-26 13:21:02'),
(5,1,'周年回数券','2022-01-21 21:27:02','2022-01-21 21:27:02'),
(13,4,'エステ','2023-03-25 23:40:16','2023-03-26 13:21:09');

/*Table structure for table `notification_texts` */

DROP TABLE IF EXISTS `notification_texts`;

CREATE TABLE `notification_texts` (
  `id` bigint(6) NOT NULL AUTO_INCREMENT,
  `company_id` bigint(6) DEFAULT NULL,
  `mail_type` int(1) DEFAULT NULL,
  `title` varchar(255) DEFAULT NULL,
  `content` blob DEFAULT NULL,
  `create_date` datetime DEFAULT NULL,
  `update_date` datetime DEFAULT NULL,
  PRIMARY KEY (`id`) USING BTREE
) ENGINE=InnoDB AUTO_INCREMENT=14 DEFAULT CHARSET=utf8 ROW_FORMAT=DYNAMIC;

/*Data for the table `notification_texts` */

insert  into `notification_texts`(`id`,`company_id`,`mail_type`,`title`,`content`,`create_date`,`update_date`) values 
(1,1,11,'スケジュール枠決定','$this_week週分希望シフトを入力できるようになりました。\r\n$this_month月5日までに希望シフトの入力をお願いします。','2022-02-26 16:36:24','2022-02-27 09:12:26'),
(2,1,13,'ewrwerwer','12123123','2022-02-26 16:37:20','2022-02-26 16:37:20'),
(3,2,11,'スケジュール枠決定','$this_week週分希望シフトを入力できるようになりました。\r\n$this_month月5日までに希望シフトの入力をお願いします。','2022-02-26 17:36:08','2022-02-27 09:13:12'),
(4,2,12,'出勤希望要請','$from_month月$from_day日~$to_month月$to_day日人員が不足しています。\r\n希望時間数に達していないスタッフから要請をかけています。\r\n$hope_time分の希望勤務時間が足りません。\r\nシフト時間枠不足分のフォローをお願いします。','2022-02-26 19:01:11','2022-09-16 17:25:49'),
(5,2,13,'指名予約が入りました','【店舗】 $organ_name \r\n【お名前】 $user_name\r\n【予約時間】 $reserve_time\r\n【コース】$menus\r\n【メモ】$user_comment\r\n\r\n予約の承認、非承認の処理をお願いします。','2022-02-26 19:45:15','2022-02-26 19:47:03'),
(6,2,14,'プロフィールが変更されました。','プロフィールが変更されました。','2022-02-26 20:58:43','2022-02-26 20:58:43'),
(7,2,15,'シフトが更新されました。','シフトが更新されました。確認をお願いします。','2022-02-26 20:59:48','2022-02-26 20:59:48'),
(8,2,16,'メッセージが届きました。','$user_name様よりメッセージが届きました。','2022-02-26 21:00:25','2022-02-26 21:00:41'),
(9,2,23,'リクエスト予約確定しました。','$from_month月$from_day日~$to_month月$to_day日の予約確定しました。','2022-04-29 10:33:01','2022-04-29 10:34:21'),
(10,2,23,'リクエスト予約確定しました。',NULL,'2022-05-01 13:35:31','2022-05-01 13:35:31'),
(11,2,17,'シフト承認通知','$select_month月$select_day日 $from_time ~ $to_time のシフトが承認されました。\r\n','2022-09-01 12:14:15','2022-09-02 00:18:34'),
(12,2,18,'シフト拒否通知','$select_month月$select_day日 $from_time ~ $to_time のシフトが拒否されました。','2022-09-01 12:15:28','2022-09-02 00:19:00'),
(13,2,19,'シフト追加要求通知','$select_month月$select_day日 $from_time ~ $to_time のシフト追加要請が入りました。','2022-09-01 12:17:09','2022-09-02 00:20:01');

/*Table structure for table `notifications` */

DROP TABLE IF EXISTS `notifications`;

CREATE TABLE `notifications` (
  `id` int(6) NOT NULL AUTO_INCREMENT,
  `receiver_type` int(1) DEFAULT NULL COMMENT '1:staff, 2:user',
  `receiver_id` int(6) DEFAULT NULL,
  `order_id` int(6) DEFAULT NULL,
  `notification_type` int(1) DEFAULT NULL COMMENT '1:message, 2: shift, 3:pointApply',
  `badge_count` int(6) DEFAULT NULL,
  `create_date` datetime DEFAULT NULL,
  `update_date` datetime DEFAULT NULL,
  PRIMARY KEY (`id`) USING BTREE
) ENGINE=InnoDB AUTO_INCREMENT=4 DEFAULT CHARSET=utf8 ROW_FORMAT=DYNAMIC;

/*Data for the table `notifications` */

insert  into `notifications`(`id`,`receiver_type`,`receiver_id`,`order_id`,`notification_type`,`badge_count`,`create_date`,`update_date`) values 
(1,1,3,NULL,12,0,'2023-04-26 10:07:12','2023-04-26 10:34:38'),
(2,1,25,NULL,12,0,'2023-04-26 10:07:16','2023-04-26 10:13:03'),
(3,1,31,NULL,12,0,'2023-04-26 10:07:19','2023-04-26 10:14:08');

/*Table structure for table `oauth_infos` */

DROP TABLE IF EXISTS `oauth_infos`;

CREATE TABLE `oauth_infos` (
  `id` int(6) NOT NULL,
  `client_id` varchar(255) DEFAULT NULL,
  `client_secret` varchar(255) DEFAULT NULL,
  `refresh_token` varchar(255) DEFAULT NULL,
  `create_date` datetime DEFAULT NULL,
  `update_date` datetime DEFAULT NULL,
  PRIMARY KEY (`id`) USING BTREE
) ENGINE=InnoDB DEFAULT CHARSET=utf8 ROW_FORMAT=DYNAMIC;

/*Data for the table `oauth_infos` */

insert  into `oauth_infos`(`id`,`client_id`,`client_secret`,`refresh_token`,`create_date`,`update_date`) values 
(1,'1030504326049-j24gppuapc8n2r3u515vg4oqioh1l2ue.apps.googleusercontent.com','iM9UWn7pwf0ziKSAgCjxYe_Y','1//048usnRe3bfsYCgYIARAAGAQSNwF-L9IrfgzMs1e9qaCMCF2dtuh3WuL9pvkiHFM_xk2-DSUEP_jJbin1Vvqj3Fr5JayV4I11Cak','2021-09-24 02:55:29','2021-09-24 02:55:32');

/*Table structure for table `order_menus` */

DROP TABLE IF EXISTS `order_menus`;

CREATE TABLE `order_menus` (
  `id` int(6) NOT NULL AUTO_INCREMENT,
  `order_id` int(6) NOT NULL,
  `menu_id` int(6) NOT NULL,
  `variation_id` int(6) DEFAULT NULL,
  `menu_title` varchar(255) DEFAULT NULL,
  `menu_price` double(10,2) DEFAULT NULL,
  `quantity` int(6) DEFAULT NULL,
  `create_date` datetime DEFAULT NULL,
  `update_date` datetime DEFAULT NULL,
  PRIMARY KEY (`id`) USING BTREE
) ENGINE=InnoDB AUTO_INCREMENT=2 DEFAULT CHARSET=utf8 ROW_FORMAT=DYNAMIC;

/*Data for the table `order_menus` */

insert  into `order_menus`(`id`,`order_id`,`menu_id`,`variation_id`,`menu_title`,`menu_price`,`quantity`,`create_date`,`update_date`) values 
(1,12,108,NULL,'スタドリ',800.00,1,'2023-04-26 00:00:00','2023-04-26 00:00:00');

/*Table structure for table `orders` */

DROP TABLE IF EXISTS `orders`;

CREATE TABLE `orders` (
  `id` int(6) NOT NULL AUTO_INCREMENT,
  `root_id` int(6) DEFAULT NULL,
  `number` int(1) DEFAULT NULL,
  `organ_id` int(6) NOT NULL,
  `table_position` int(3) DEFAULT NULL,
  `amount` double(10,2) DEFAULT NULL,
  `discount_amount` double(10,2) DEFAULT NULL,
  `coupon_use_amount` int(6) DEFAULT NULL,
  `ticket_amount` int(6) DEFAULT NULL,
  `pay_amount` double(10,2) DEFAULT NULL,
  `user_id` int(6) DEFAULT NULL,
  `select_staff_type` int(1) DEFAULT NULL,
  `select_staff_id` int(11) DEFAULT NULL,
  `user_count` int(2) DEFAULT NULL,
  `user_input_name` varchar(64) DEFAULT NULL,
  `other_name_1` varchar(64) DEFAULT NULL,
  `other_name_2` varchar(64) DEFAULT NULL,
  `other_name_3` varchar(64) DEFAULT NULL,
  `from_time` datetime DEFAULT NULL,
  `to_time` datetime DEFAULT NULL,
  `coupon_id` int(6) DEFAULT NULL,
  `charge_amount` double(10,2) DEFAULT NULL,
  `set_time` varchar(10) DEFAULT NULL,
  `set_amount` double(10,2) DEFAULT NULL,
  `interval` int(3) DEFAULT NULL,
  `pay_method` int(1) DEFAULT NULL,
  `status` int(1) DEFAULT NULL,
  `is_reserve` int(1) DEFAULT 0,
  `is_waiting` int(1) NOT NULL,
  `is_reset` tinyint(1) NOT NULL DEFAULT 0,
  `create_date` datetime DEFAULT NULL,
  `update_date` datetime DEFAULT NULL,
  PRIMARY KEY (`id`) USING BTREE
) ENGINE=InnoDB AUTO_INCREMENT=13 DEFAULT CHARSET=utf8 ROW_FORMAT=DYNAMIC;

/*Data for the table `orders` */

insert  into `orders`(`id`,`root_id`,`number`,`organ_id`,`table_position`,`amount`,`discount_amount`,`coupon_use_amount`,`ticket_amount`,`pay_amount`,`user_id`,`select_staff_type`,`select_staff_id`,`user_count`,`user_input_name`,`other_name_1`,`other_name_2`,`other_name_3`,`from_time`,`to_time`,`coupon_id`,`charge_amount`,`set_time`,`set_amount`,`interval`,`pay_method`,`status`,`is_reserve`,`is_waiting`,`is_reset`,`create_date`,`update_date`) values 
(1,NULL,NULL,30,1,0.00,NULL,NULL,NULL,NULL,1,NULL,75,1,'なし',NULL,NULL,NULL,'2023-04-23 08:30:00','2023-04-23 08:20:00',NULL,NULL,NULL,NULL,NULL,NULL,7,0,0,0,'2023-04-23 08:29:29','2023-04-23 08:29:33'),
(2,NULL,NULL,37,1,0.00,NULL,NULL,NULL,NULL,207,NULL,NULL,NULL,NULL,NULL,NULL,NULL,'2023-04-23 22:00:00','2023-04-23 22:00:00',NULL,NULL,NULL,NULL,0,NULL,7,0,0,0,'2023-04-23 21:57:13','2023-04-23 21:57:13'),
(3,NULL,NULL,37,1,0.00,NULL,NULL,NULL,NULL,197,NULL,NULL,NULL,NULL,NULL,NULL,NULL,'2023-04-24 11:50:00','2023-04-24 11:50:00',NULL,NULL,NULL,NULL,0,NULL,7,0,0,0,'2023-04-24 11:47:45','2023-04-24 11:47:45'),
(4,NULL,NULL,37,1,0.00,NULL,NULL,NULL,NULL,207,NULL,NULL,NULL,NULL,NULL,NULL,NULL,'2023-04-26 15:10:00','2023-04-26 15:10:00',NULL,NULL,NULL,NULL,0,NULL,7,0,0,0,'2023-04-26 15:08:31','2023-04-26 15:08:31'),
(5,NULL,NULL,2,1,0.00,NULL,NULL,NULL,NULL,207,NULL,NULL,NULL,NULL,NULL,NULL,NULL,'2023-04-26 15:10:00','2023-04-26 15:10:00',NULL,NULL,NULL,NULL,0,2,8,0,0,0,'2023-04-26 15:08:42','2023-04-26 21:28:31'),
(6,NULL,NULL,41,1,0.00,NULL,NULL,NULL,NULL,207,NULL,NULL,NULL,NULL,NULL,NULL,NULL,'2023-04-26 15:10:00','2023-04-26 15:10:00',NULL,NULL,NULL,NULL,0,NULL,7,0,0,0,'2023-04-26 15:08:52','2023-04-26 15:08:52'),
(7,NULL,NULL,43,1,0.00,NULL,NULL,NULL,NULL,207,NULL,NULL,NULL,NULL,NULL,NULL,NULL,'2023-04-26 15:10:00','2023-04-26 15:10:00',NULL,NULL,NULL,NULL,0,NULL,7,0,0,0,'2023-04-26 15:09:02','2023-04-26 15:09:02'),
(8,NULL,NULL,36,1,0.00,NULL,NULL,NULL,NULL,207,NULL,NULL,NULL,NULL,NULL,NULL,NULL,'2023-04-26 15:10:00','2023-04-26 15:10:00',NULL,NULL,NULL,NULL,0,NULL,7,0,0,0,'2023-04-26 15:09:27','2023-04-26 15:09:27'),
(9,NULL,NULL,40,1,0.00,NULL,NULL,NULL,NULL,207,NULL,NULL,NULL,NULL,NULL,NULL,NULL,'2023-04-26 15:10:00','2023-04-26 15:10:00',NULL,NULL,NULL,NULL,0,NULL,7,0,0,0,'2023-04-26 15:09:35','2023-04-26 15:09:35'),
(10,NULL,NULL,35,1,0.00,NULL,NULL,NULL,NULL,207,NULL,NULL,NULL,NULL,NULL,NULL,NULL,'2023-04-26 15:10:00','2023-04-26 15:10:00',NULL,NULL,NULL,NULL,0,NULL,7,0,0,0,'2023-04-26 15:09:42','2023-04-26 15:09:42'),
(11,NULL,NULL,37,2,0.00,NULL,NULL,NULL,NULL,207,NULL,NULL,NULL,NULL,NULL,NULL,NULL,'2023-04-26 15:10:00','2023-04-26 15:10:00',NULL,NULL,NULL,NULL,0,NULL,7,0,0,0,'2023-04-26 15:10:16','2023-04-26 15:10:16'),
(12,NULL,NULL,2,1,NULL,NULL,NULL,NULL,NULL,1,NULL,2,1,'なし',NULL,NULL,NULL,'2023-04-26 21:30:00',NULL,NULL,2400.00,NULL,1300.00,NULL,NULL,6,0,0,0,'2023-04-26 21:28:33','2023-04-26 21:28:33');

/*Table structure for table `organ_amounts` */

DROP TABLE IF EXISTS `organ_amounts`;

CREATE TABLE `organ_amounts` (
  `organ_amount_id` int(6) NOT NULL AUTO_INCREMENT,
  `organ_id` int(6) DEFAULT NULL,
  `amount_date` date DEFAULT NULL,
  `amount` varchar(10) DEFAULT NULL,
  `create_date` datetime DEFAULT NULL,
  `update_date` datetime DEFAULT NULL,
  PRIMARY KEY (`organ_amount_id`) USING BTREE
) ENGINE=InnoDB DEFAULT CHARSET=utf8 ROW_FORMAT=DYNAMIC;

/*Data for the table `organ_amounts` */

/*Table structure for table `organ_menus` */

DROP TABLE IF EXISTS `organ_menus`;

CREATE TABLE `organ_menus` (
  `id` int(6) NOT NULL AUTO_INCREMENT,
  `menu_id` int(6) DEFAULT NULL,
  `organ_id` int(6) DEFAULT NULL,
  `create_date` datetime DEFAULT NULL,
  `update_date` datetime DEFAULT NULL,
  PRIMARY KEY (`id`) USING BTREE
) ENGINE=InnoDB AUTO_INCREMENT=58 DEFAULT CHARSET=utf8 ROW_FORMAT=DYNAMIC;

/*Data for the table `organ_menus` */

insert  into `organ_menus`(`id`,`menu_id`,`organ_id`,`create_date`,`update_date`) values 
(2,107,2,'2022-06-13 01:05:14','2022-06-13 01:05:14'),
(4,108,2,'2022-06-13 10:39:35','2022-06-13 10:39:35'),
(5,109,40,'2022-06-13 14:10:46','2022-06-13 14:10:46'),
(6,111,20,'2022-06-18 17:26:59','2022-06-18 17:26:59'),
(7,111,21,'2022-06-18 17:26:59','2022-06-18 17:26:59'),
(8,111,22,'2022-06-18 17:26:59','2022-06-18 17:26:59'),
(9,112,21,'2022-06-18 17:27:30','2022-06-18 17:27:30'),
(10,101,4,'2022-06-18 17:39:37','2022-06-18 17:39:37'),
(11,101,9,'2022-06-18 17:39:37','2022-06-18 17:39:37'),
(12,101,10,'2022-06-18 17:39:37','2022-06-18 17:39:37'),
(13,101,11,'2022-06-18 17:39:37','2022-06-18 17:39:37'),
(14,101,12,'2022-06-18 17:39:37','2022-06-18 17:39:37'),
(15,101,30,'2022-06-18 17:39:37','2022-06-18 17:39:37'),
(16,94,4,'2022-06-18 17:42:09','2022-06-18 17:42:09'),
(17,94,9,'2022-06-18 17:42:09','2022-06-18 17:42:09'),
(18,94,10,'2022-06-18 17:42:09','2022-06-18 17:42:09'),
(19,94,11,'2022-06-18 17:42:09','2022-06-18 17:42:09'),
(20,94,12,'2022-06-18 17:42:09','2022-06-18 17:42:09'),
(21,94,30,'2022-06-18 17:42:09','2022-06-18 17:42:09'),
(22,113,38,'2022-06-21 23:42:21','2022-06-21 23:42:21'),
(23,114,2,'2022-06-21 23:43:59','2022-06-21 23:43:59'),
(24,115,38,'2022-06-21 23:44:27','2022-06-21 23:44:27'),
(25,116,40,'2022-06-21 23:47:54','2022-06-21 23:47:54'),
(26,117,40,'2022-06-21 23:51:09','2022-06-21 23:51:09'),
(27,118,38,'2022-06-21 23:56:14','2022-06-21 23:56:14'),
(28,119,38,'2022-06-21 23:57:32','2022-06-21 23:57:32'),
(29,120,38,'2022-06-21 23:58:28','2022-06-21 23:58:28'),
(30,121,38,'2022-06-21 23:59:23','2022-06-21 23:59:23'),
(31,122,38,'2022-06-22 00:02:43','2022-06-22 00:02:43'),
(32,123,38,'2022-06-22 00:03:21','2022-06-22 00:03:21'),
(33,124,38,'2022-06-22 00:04:09','2022-06-22 00:04:09'),
(34,125,40,'2022-06-22 00:05:11','2022-06-22 00:05:11'),
(35,105,20,'2022-06-24 22:02:18','2022-06-24 22:02:18'),
(36,105,21,'2022-06-24 22:02:18','2022-06-24 22:02:18'),
(37,105,22,'2022-06-24 22:02:18','2022-06-24 22:02:18'),
(38,46,4,'2022-06-27 13:28:18','2022-06-27 13:28:18'),
(39,46,9,'2022-06-27 13:28:18','2022-06-27 13:28:18'),
(40,46,10,'2022-06-27 13:28:18','2022-06-27 13:28:18'),
(41,46,11,'2022-06-27 13:28:18','2022-06-27 13:28:18'),
(42,46,12,'2022-06-27 13:28:18','2022-06-27 13:28:18'),
(43,46,30,'2022-06-27 13:28:18','2022-06-27 13:28:18'),
(44,23,4,'2022-07-11 07:47:16','2022-07-11 07:47:16'),
(45,23,9,'2022-07-11 07:47:16','2022-07-11 07:47:16'),
(46,23,10,'2022-07-11 07:47:16','2022-07-11 07:47:16'),
(47,23,11,'2022-07-11 07:47:16','2022-07-11 07:47:16'),
(48,23,12,'2022-07-11 07:47:16','2022-07-11 07:47:16'),
(49,23,30,'2022-07-11 07:47:16','2022-07-11 07:47:16'),
(50,47,4,'2022-10-11 12:55:34','2022-10-11 12:55:34'),
(51,70,4,'2022-10-11 12:58:40','2022-10-11 12:58:40'),
(52,68,4,'2022-10-11 12:59:17','2022-10-11 12:59:17'),
(53,69,4,'2022-10-11 12:59:27','2022-10-11 12:59:27'),
(54,87,4,'2022-10-11 12:59:41','2022-10-11 12:59:41'),
(55,89,4,'2022-10-11 12:59:50','2022-10-11 12:59:50'),
(56,96,4,'2022-10-11 13:00:05','2022-10-11 13:00:05'),
(57,93,4,'2022-10-11 13:04:12','2022-10-11 13:04:12');

/*Table structure for table `organ_point_settings` */

DROP TABLE IF EXISTS `organ_point_settings`;

CREATE TABLE `organ_point_settings` (
  `organ_point_id` int(6) NOT NULL AUTO_INCREMENT,
  `organ_id` int(6) DEFAULT NULL,
  `point_title` varchar(255) DEFAULT NULL,
  `point_value` varchar(10) DEFAULT NULL,
  `point_type` int(1) NOT NULL COMMENT '1:hui 2: fen',
  `create_date` datetime DEFAULT NULL,
  `update_date` datetime DEFAULT NULL,
  PRIMARY KEY (`organ_point_id`) USING BTREE
) ENGINE=InnoDB AUTO_INCREMENT=30 DEFAULT CHARSET=utf8 ROW_FORMAT=DYNAMIC;

/*Data for the table `organ_point_settings` */

insert  into `organ_point_settings`(`organ_point_id`,`organ_id`,`point_title`,`point_value`,`point_type`,`create_date`,`update_date`) values 
(18,4,'販促','4',2,'2022-04-24 08:04:30','2022-04-24 08:04:30'),
(19,4,'次回予約件数','15',1,'2022-04-24 08:05:12','2022-04-24 08:05:12'),
(20,4,'延長獲得件数','15',1,'2022-04-24 08:05:44','2022-04-24 08:05:44'),
(21,4,'MT.研修参加','16',1,'2022-04-24 08:06:22','2022-04-24 08:06:22'),
(26,10,'オープン業務','99',1,'2022-10-13 00:02:56','2022-10-13 00:02:56'),
(27,10,'新人コース研修','7',2,'2022-10-13 00:03:23','2022-10-13 00:03:23'),
(28,4,'お迎え','90',1,'2022-10-14 17:45:23','2022-10-14 17:45:23'),
(29,4,'test','1',3,'2022-10-19 01:58:08','2022-10-19 01:58:08');

/*Table structure for table `organ_print_orders` */

DROP TABLE IF EXISTS `organ_print_orders`;

CREATE TABLE `organ_print_orders` (
  `id` int(6) NOT NULL AUTO_INCREMENT,
  `organ_id` int(6) DEFAULT NULL,
  `print_date` date DEFAULT NULL,
  `order_number` int(6) DEFAULT NULL,
  `create_date` datetime DEFAULT NULL,
  `update_date` datetime DEFAULT NULL,
  PRIMARY KEY (`id`) USING BTREE
) ENGINE=InnoDB AUTO_INCREMENT=9 DEFAULT CHARSET=utf8 ROW_FORMAT=DYNAMIC;

/*Data for the table `organ_print_orders` */

insert  into `organ_print_orders`(`id`,`organ_id`,`print_date`,`order_number`,`create_date`,`update_date`) values 
(1,NULL,'2021-12-01',4,'2021-12-01 23:30:10','2021-12-01 23:59:49'),
(2,NULL,'2021-12-02',18,'2021-12-02 00:42:32','2021-12-02 14:08:15'),
(3,1,'2021-12-02',2,'2021-12-02 14:30:08','2021-12-02 14:53:24'),
(4,4,'2021-12-03',1,'2021-12-03 10:49:20','2021-12-03 10:49:20'),
(5,1,'2022-02-02',1,'2022-02-02 15:46:23','2022-02-02 15:46:23'),
(6,1,'2022-03-01',2,'2022-03-01 16:08:26','2022-03-01 16:08:51'),
(7,1,'2022-03-11',3,'2022-03-11 21:04:05','2022-03-11 22:08:11'),
(8,1,'2022-03-20',1,'2022-03-20 23:05:20','2022-03-20 23:05:20');

/*Table structure for table `organ_set_tables` */

DROP TABLE IF EXISTS `organ_set_tables`;

CREATE TABLE `organ_set_tables` (
  `organ_set_table_id` int(6) NOT NULL AUTO_INCREMENT,
  `organ_id` int(6) DEFAULT NULL,
  `set_number` int(1) DEFAULT NULL,
  `set_time` time DEFAULT NULL,
  `set_amount` double(10,0) DEFAULT NULL,
  `table_amount` double(10,0) DEFAULT NULL,
  `create_date` datetime DEFAULT NULL,
  `update_date` datetime DEFAULT NULL,
  PRIMARY KEY (`organ_set_table_id`) USING BTREE
) ENGINE=InnoDB AUTO_INCREMENT=11 DEFAULT CHARSET=utf8 ROW_FORMAT=DYNAMIC;

/*Data for the table `organ_set_tables` */

insert  into `organ_set_tables`(`organ_set_table_id`,`organ_id`,`set_number`,`set_time`,`set_amount`,`table_amount`,`create_date`,`update_date`) values 
(3,4,1,NULL,NULL,NULL,'2023-03-22 05:41:15','2023-04-22 04:12:07'),
(4,30,1,NULL,NULL,NULL,'2023-03-26 19:10:32','2023-03-26 19:10:32'),
(5,43,1,NULL,NULL,NULL,'2023-04-21 18:20:51','2023-04-21 18:21:56'),
(6,2,1,NULL,1300,2400,'2023-04-23 21:55:17','2023-04-24 01:45:56'),
(7,41,1,NULL,1300,2400,'2023-04-23 21:55:31','2023-04-23 21:57:34'),
(8,40,1,NULL,1300,2400,'2023-04-23 21:55:45','2023-04-24 01:04:06'),
(9,37,1,NULL,NULL,NULL,'2023-04-23 21:56:22','2023-04-23 21:56:25'),
(10,38,1,'00:30:00',1000,2000,'2023-04-24 01:01:14','2023-04-24 01:01:21');

/*Table structure for table `organ_settings` */

DROP TABLE IF EXISTS `organ_settings`;

CREATE TABLE `organ_settings` (
  `setting_id` int(6) NOT NULL AUTO_INCREMENT,
  `organ_id` int(6) DEFAULT NULL,
  `table_count` int(6) DEFAULT NULL,
  `menu_count` int(6) DEFAULT NULL,
  `set_time` time DEFAULT NULL,
  `set_amount` double(10,0) DEFAULT NULL,
  `table_amount` double(10,0) DEFAULT NULL,
  `active_start_time` time DEFAULT NULL,
  `active_end_time` time DEFAULT NULL,
  `del_flag` int(1) DEFAULT NULL,
  `create_date` datetime DEFAULT NULL,
  `update_date` datetime DEFAULT NULL,
  PRIMARY KEY (`setting_id`) USING BTREE
) ENGINE=InnoDB DEFAULT CHARSET=utf8 ROW_FORMAT=DYNAMIC;

/*Data for the table `organ_settings` */

/*Table structure for table `organ_shift_times` */

DROP TABLE IF EXISTS `organ_shift_times`;

CREATE TABLE `organ_shift_times` (
  `id` int(6) NOT NULL AUTO_INCREMENT,
  `organ_id` int(6) DEFAULT NULL,
  `weekday` varchar(4) DEFAULT NULL,
  `from_time` varchar(10) DEFAULT NULL,
  `to_time` varchar(10) DEFAULT NULL,
  `create_date` datetime DEFAULT NULL,
  `update_date` datetime DEFAULT NULL,
  PRIMARY KEY (`id`) USING BTREE
) ENGINE=InnoDB AUTO_INCREMENT=108 DEFAULT CHARSET=utf8 ROW_FORMAT=DYNAMIC;

/*Data for the table `organ_shift_times` */

insert  into `organ_shift_times`(`id`,`organ_id`,`weekday`,`from_time`,`to_time`,`create_date`,`update_date`) values 
(17,1,'1','18:30','24:00','2021-11-01 18:50:50','2021-11-07 14:51:53'),
(20,4,'2','09:30','22:00','2021-11-06 12:00:10','2022-06-03 14:44:06'),
(21,4,'3','09:30','22:00','2021-11-06 12:00:28','2022-06-03 14:44:34'),
(23,4,'5','09:30','22:00','2021-11-06 12:01:03','2022-06-03 14:45:03'),
(26,1,'1','00:00','02:00','2021-11-07 04:48:51','2021-11-07 04:48:51'),
(27,1,'3','18:30','24:00','2021-11-07 04:49:03','2021-11-07 04:49:03'),
(28,1,'3','00:00','02:00','2021-11-07 04:49:09','2021-11-07 04:49:09'),
(29,1,'4','18:30','24:00','2021-11-07 04:49:16','2021-11-07 04:49:16'),
(30,1,'4','00:00','02:00','2021-11-07 04:49:22','2021-11-07 04:49:22'),
(31,1,'5','18:30','24:00','2021-11-07 04:49:30','2021-11-07 04:49:30'),
(32,1,'5','00:00','03:00','2021-11-07 04:49:38','2021-11-07 04:49:38'),
(33,1,'6','18:30','24:00','2021-11-07 04:49:44','2021-11-07 04:49:44'),
(34,1,'6','00:00','03:00','2021-11-07 04:49:49','2021-11-07 04:49:49'),
(35,1,'7','18:30','24:00','2021-11-07 04:49:56','2021-11-07 04:49:56'),
(36,1,'7','00:00','02:00','2021-11-07 04:50:05','2021-11-07 04:50:05'),
(37,1,'2','18:30','24:00','2021-11-07 04:53:26','2021-11-07 14:52:05'),
(39,1,'2','00:00','02:00','2021-11-07 04:53:40','2021-11-07 04:53:40'),
(40,20,'1','11:00','23:00','2021-11-10 21:47:48','2021-11-10 21:47:48'),
(41,20,'1','17:00','22:00','2021-11-10 21:48:07','2021-11-10 21:48:07'),
(42,20,'2','11:00','23:00','2021-11-10 21:48:17','2021-11-10 21:48:17'),
(43,20,'2','17:30','23:00','2021-11-10 21:48:32','2021-11-10 21:48:39'),
(44,20,'3','11:00','23:00','2021-11-10 21:48:55','2021-11-10 21:48:55'),
(45,20,'3','11:00','14:00','2021-11-10 21:49:11','2021-11-10 21:49:38'),
(46,20,'3','18:30','23:00','2021-11-10 21:49:22','2021-11-10 21:49:22'),
(47,20,'4','11:00','23:00','2021-11-10 21:49:54','2021-11-10 21:49:54'),
(48,20,'4','17:30','23:00','2021-11-10 21:50:06','2021-11-10 21:50:06'),
(49,20,'6','11:00','23:00','2021-11-10 21:50:16','2021-11-10 21:50:16'),
(50,20,'5','11:00','23:00','2021-11-10 21:50:28','2021-11-10 21:50:28'),
(51,20,'5','11:00','14:00','2021-11-10 21:50:45','2021-11-10 21:50:45'),
(52,20,'5','18:00','23:00','2021-11-10 21:50:59','2021-11-10 21:50:59'),
(53,20,'6','14:00','22:30','2021-11-10 21:51:16','2021-11-10 21:51:16'),
(54,20,'7','11:00','23:00','2021-11-10 21:51:32','2021-11-10 21:51:36'),
(55,20,'7','11:00','14:00','2021-11-10 21:51:51','2021-11-10 21:51:51'),
(56,20,'7','18:30','23:00','2021-11-10 21:52:01','2021-11-10 21:52:01'),
(59,4,'1','09:30','22:00','2022-05-13 16:15:42','2022-06-03 14:43:51'),
(60,11,'1','10:00','23:00','2022-07-08 14:48:42','2022-07-08 14:48:42'),
(61,11,'2','10:00','23:00','2022-07-08 14:48:54','2022-07-08 14:48:54'),
(62,11,'3','10:00','23:00','2022-07-08 14:49:02','2022-07-08 14:49:02'),
(63,11,'4','10:00','23:00','2022-07-08 14:49:11','2022-07-08 14:49:11'),
(64,11,'5','10:00','23:00','2022-07-08 14:49:16','2022-07-08 14:49:16'),
(65,11,'6','10:00','23:00','2022-07-08 14:49:23','2022-07-08 14:49:23'),
(66,11,'7','10:00','23:00','2022-07-08 14:49:31','2022-07-08 14:49:31'),
(67,12,'1','09:30','21:30','2022-07-15 19:53:05','2022-07-15 19:53:05'),
(68,12,'2','09:30','21:30','2022-07-15 19:53:23','2022-07-15 19:53:23'),
(69,12,'3','09:30','21:30','2022-07-15 19:53:35','2022-07-15 19:53:35'),
(70,12,'4','09:30','21:30','2022-07-15 19:53:59','2022-07-15 19:53:59'),
(71,12,'5','09:30','21:30','2022-07-15 19:54:10','2022-07-15 19:54:10'),
(72,12,'6','09:30','21:30','2022-07-15 19:54:23','2022-07-15 19:54:23'),
(73,12,'7','09:30','21:30','2022-07-15 19:54:38','2022-07-15 19:54:38'),
(85,4,'4','00:00','24:00','2023-03-21 18:24:12','2023-03-21 18:24:12'),
(87,30,'1','10:00','19:00','2023-03-21 23:45:57','2023-03-21 23:45:57'),
(88,30,'2','10:00','19:00','2023-03-21 23:46:20','2023-03-21 23:46:20'),
(89,30,'3','08:00','20:00','2023-03-21 23:46:39','2023-03-21 23:46:39'),
(93,30,'4','00:00','24:00','2023-03-21 23:51:36','2023-03-21 23:51:36'),
(94,30,'5','00:00','24:00','2023-03-21 23:51:41','2023-03-21 23:51:41'),
(95,30,'6','00:00','24:00','2023-03-21 23:51:46','2023-03-21 23:51:46'),
(98,30,'7','09:00','24:00','2023-03-22 00:01:00','2023-03-22 00:01:00'),
(105,4,'3','00:00','24:00','2023-03-22 03:19:03','2023-03-22 03:19:03'),
(106,4,'6','04:00','24:00','2023-04-22 04:10:09','2023-04-22 04:10:09'),
(107,4,'7','00:00','24:00','2023-04-22 04:10:37','2023-04-22 04:10:37');

/*Table structure for table `organ_special_shift_times` */

DROP TABLE IF EXISTS `organ_special_shift_times`;

CREATE TABLE `organ_special_shift_times` (
  `id` int(6) NOT NULL AUTO_INCREMENT,
  `organ_id` int(6) DEFAULT NULL,
  `special_business_id` int(6) DEFAULT NULL,
  `from_time` datetime DEFAULT NULL,
  `to_time` datetime DEFAULT NULL,
  `create_date` datetime DEFAULT NULL,
  `update_date` datetime DEFAULT NULL,
  PRIMARY KEY (`id`) USING BTREE
) ENGINE=InnoDB AUTO_INCREMENT=26 DEFAULT CHARSET=utf8 ROW_FORMAT=DYNAMIC;

/*Data for the table `organ_special_shift_times` */

insert  into `organ_special_shift_times`(`id`,`organ_id`,`special_business_id`,`from_time`,`to_time`,`create_date`,`update_date`) values 
(25,30,59,'2023-03-22 10:00:00','2023-03-22 23:59:00','2023-03-22 00:03:32','2023-03-22 01:01:11');

/*Table structure for table `organ_special_times` */

DROP TABLE IF EXISTS `organ_special_times`;

CREATE TABLE `organ_special_times` (
  `organ_special_time_id` int(6) NOT NULL AUTO_INCREMENT,
  `organ_id` int(6) DEFAULT NULL,
  `from_time` datetime DEFAULT NULL,
  `to_time` datetime DEFAULT NULL,
  `create_date` datetime DEFAULT NULL,
  `update_date` datetime DEFAULT NULL,
  PRIMARY KEY (`organ_special_time_id`) USING BTREE
) ENGINE=InnoDB AUTO_INCREMENT=60 DEFAULT CHARSET=utf8 ROW_FORMAT=DYNAMIC;

/*Data for the table `organ_special_times` */

insert  into `organ_special_times`(`organ_special_time_id`,`organ_id`,`from_time`,`to_time`,`create_date`,`update_date`) values 
(19,2,'2022-10-01 10:37:33','2022-10-01 12:37:58','2022-05-20 11:22:12','2022-05-20 11:22:12'),
(24,NULL,NULL,NULL,'2022-05-20 11:27:07','2022-05-20 11:27:07'),
(32,NULL,NULL,NULL,'2022-05-20 14:04:42','2022-05-20 14:04:42'),
(34,NULL,NULL,NULL,'2022-05-20 14:05:16','2022-05-20 14:05:16'),
(36,NULL,NULL,NULL,'2022-05-20 14:07:34','2022-05-20 14:07:34'),
(37,NULL,NULL,NULL,'2022-05-20 14:07:35','2022-05-20 14:07:35'),
(38,NULL,NULL,NULL,'2022-05-20 14:07:37','2022-05-20 14:07:37'),
(39,NULL,NULL,NULL,'2022-05-20 14:07:58','2022-05-20 14:07:58'),
(40,NULL,NULL,NULL,'2022-05-20 14:08:20','2022-05-20 14:08:20'),
(41,NULL,NULL,NULL,'2022-05-20 14:08:41','2022-05-20 14:08:41'),
(59,30,'2023-03-22 00:00:00','2023-03-22 23:59:59','2023-03-22 00:03:32','2023-03-22 00:03:32');

/*Table structure for table `organ_times` */

DROP TABLE IF EXISTS `organ_times`;

CREATE TABLE `organ_times` (
  `id` int(6) NOT NULL AUTO_INCREMENT,
  `organ_id` int(6) DEFAULT NULL,
  `weekday` varchar(8) DEFAULT NULL,
  `from_time` varchar(10) DEFAULT NULL,
  `to_time` varchar(10) DEFAULT NULL,
  `create_date` datetime DEFAULT NULL,
  `update_date` datetime DEFAULT NULL,
  PRIMARY KEY (`id`) USING BTREE
) ENGINE=InnoDB AUTO_INCREMENT=246 DEFAULT CHARSET=utf8 ROW_FORMAT=DYNAMIC;

/*Data for the table `organ_times` */

insert  into `organ_times`(`id`,`organ_id`,`weekday`,`from_time`,`to_time`,`create_date`,`update_date`) values 
(25,1,'2','18:30','24:00','2021-11-05 16:38:07','2021-11-05 16:38:50'),
(26,1,'2','00:00','02:00','2021-11-05 16:38:48','2021-11-07 04:41:29'),
(36,1,'1','18:30','24:00','2021-11-07 04:40:38','2022-04-06 23:17:42'),
(37,1,'1','00:00','02:00','2021-11-07 04:40:48','2021-11-07 04:40:48'),
(38,1,'3','18:30','24:00','2021-11-07 04:41:21','2021-11-07 04:41:21'),
(39,1,'3','00:00','02:00','2021-11-07 04:41:41','2021-11-07 04:41:41'),
(40,1,'4','18:30','24:00','2021-11-07 04:41:54','2021-11-07 04:41:54'),
(41,1,'4','00:00','02:00','2021-11-07 04:42:05','2021-11-07 04:42:05'),
(42,1,'5','18:30','24:00','2021-11-07 04:42:14','2021-11-07 04:42:14'),
(43,1,'5','00:00','03:00','2021-11-07 04:42:33','2021-11-07 04:42:33'),
(44,1,'6','18:30','24:00','2021-11-07 04:42:42','2021-11-07 04:42:42'),
(45,1,'6','00:00','03:00','2021-11-07 04:42:49','2021-11-07 04:42:49'),
(46,1,'7','18:30','24:00','2021-11-07 04:42:59','2021-11-07 04:42:59'),
(47,1,'7','00:00','02:00','2021-11-07 04:43:10','2022-04-06 23:18:36'),
(50,2,'2','19:00','24:00','2021-11-07 20:20:02','2021-11-07 20:20:02'),
(51,2,'3','19:00','24:00','2021-11-07 20:20:06','2021-11-07 20:20:06'),
(52,2,'4','19:00','24:00','2021-11-07 20:20:12','2021-11-07 20:20:12'),
(53,2,'5','19:00','24:00','2021-11-07 20:20:16','2021-11-07 20:20:23'),
(54,2,'6','19:00','24:00','2021-11-07 20:20:28','2021-11-07 20:20:28'),
(55,2,'7','19:00','24:00','2021-11-07 20:20:34','2022-06-21 23:35:52'),
(56,2,'7','00:00','02:00','2021-11-07 20:20:41','2022-06-21 23:36:16'),
(57,2,'6','00:00','03:00','2021-11-07 20:20:47','2021-11-07 20:20:47'),
(58,2,'5','00:00','03:00','2021-11-07 20:20:53','2022-06-21 23:36:25'),
(59,2,'4','00:00','02:00','2021-11-07 20:20:57','2021-11-07 20:20:57'),
(60,2,'3','00:00','02:00','2021-11-07 20:21:01','2021-11-07 20:21:01'),
(61,20,'1','17:00','22:30','2021-11-10 21:43:26','2021-11-10 21:43:26'),
(62,20,'2','16:30','23:00','2021-11-10 21:43:45','2021-11-10 21:43:45'),
(63,20,'3','11:00','15:00','2021-11-10 21:44:13','2021-11-10 21:45:32'),
(66,20,'6','14:30','21:00','2021-11-10 21:44:47','2022-07-02 17:26:03'),
(67,20,'7','11:00','15:00','2021-11-10 21:44:59','2021-11-10 21:46:59'),
(68,20,'3','18:00','23:00','2021-11-10 21:45:48','2021-11-10 21:45:48'),
(69,20,'5','18:30','23:00','2021-11-10 21:46:33','2021-11-10 21:46:33'),
(70,20,'7','18:00','23:00','2021-11-10 21:47:10','2021-11-10 21:47:10'),
(74,30,'2','00:00','24:00','2022-03-25 12:03:36','2022-03-25 12:03:36'),
(75,30,'3','00:00','24:00','2022-03-25 12:03:39','2022-03-25 12:03:39'),
(85,4,'1','10:00','21:30','2022-06-03 14:30:25','2022-06-03 14:30:25'),
(86,4,'2','10:00','21:30','2022-06-03 14:31:17','2022-06-03 14:31:17'),
(87,4,'3','10:00','21:30','2022-06-03 14:31:33','2022-06-03 14:31:33'),
(88,4,'4','10:00','21:30','2022-06-03 14:31:58','2022-06-03 14:31:58'),
(89,4,'5','10:00','21:30','2022-06-03 14:32:45','2022-06-03 14:32:45'),
(92,2,'2','00:00','02:00','2022-06-21 23:36:36','2022-06-21 23:36:36'),
(93,38,'1','18:00','24:00','2022-06-21 23:38:21','2022-06-21 23:38:21'),
(94,38,'1','00:00','05:30','2022-06-21 23:38:37','2022-06-21 23:38:37'),
(95,38,'2','18:00','24:00','2022-06-21 23:38:51','2022-06-21 23:38:51'),
(96,38,'2','00:00','05:30','2022-06-21 23:38:58','2022-06-21 23:38:58'),
(97,38,'3','18:00','24:00','2022-06-21 23:39:09','2022-06-21 23:39:09'),
(98,38,'3','00:00','05:30','2022-06-21 23:39:18','2022-06-21 23:39:18'),
(99,38,'4','18:00','24:00','2022-06-21 23:39:28','2022-06-21 23:39:28'),
(100,40,'1','19:00','24:00','2022-06-21 23:39:30','2022-06-21 23:39:30'),
(101,38,'4','00:00','05:30','2022-06-21 23:39:36','2022-06-21 23:39:36'),
(102,38,'5','18:00','24:00','2022-06-21 23:39:45','2022-06-21 23:39:45'),
(103,38,'5','00:00','05:30','2022-06-21 23:39:54','2022-06-21 23:39:54'),
(104,40,'1','00:00','02:00','2022-06-21 23:39:55','2022-06-21 23:43:55'),
(105,40,'2','19:00','24:00','2022-06-21 23:40:03','2022-06-21 23:40:10'),
(106,38,'6','18:00','24:00','2022-06-21 23:40:04','2022-06-21 23:40:04'),
(107,38,'6','00:00','05:30','2022-06-21 23:40:11','2022-06-21 23:40:11'),
(108,40,'2','00:00','02:00','2022-06-21 23:40:19','2022-06-21 23:40:19'),
(109,38,'7','18:00','24:00','2022-06-21 23:40:24','2022-06-21 23:40:24'),
(110,38,'7','00:00','05:30','2022-06-21 23:40:32','2022-06-21 23:40:32'),
(111,40,'3','19:00','24:00','2022-06-21 23:40:36','2022-06-21 23:40:36'),
(112,40,'3','00:00','02:00','2022-06-21 23:40:49','2022-06-21 23:40:49'),
(113,40,'4','19:00','24:00','2022-06-21 23:40:59','2022-06-21 23:41:05'),
(114,40,'4','00:00','02:00','2022-06-21 23:41:44','2022-06-21 23:41:59'),
(115,40,'5','19:00','24:00','2022-06-21 23:42:12','2022-06-21 23:42:12'),
(116,40,'5','00:00','05:30','2022-06-21 23:42:19','2023-04-23 21:57:01'),
(117,40,'6','19:00','24:00','2022-06-21 23:42:29','2022-06-21 23:42:29'),
(118,40,'6','00:00','05:30','2022-06-21 23:42:36','2023-04-23 21:57:10'),
(119,40,'7','19:00','24:00','2022-06-21 23:42:47','2022-06-21 23:42:47'),
(120,40,'7','00:00','02:00','2022-06-21 23:43:01','2022-06-21 23:43:08'),
(121,22,'1','18:30','20:00','2022-07-02 17:18:54','2022-07-02 17:20:13'),
(122,22,'2','19:30','21:00','2022-07-02 17:19:05','2022-07-02 17:19:05'),
(123,22,'3','20:30','22:00','2022-07-02 17:19:17','2022-07-02 17:19:17'),
(124,22,'4','18:30','20:00','2022-07-02 17:19:37','2022-07-02 17:19:37'),
(125,22,'5','19:00','22:30','2022-07-02 17:19:52','2022-07-02 17:19:52'),
(126,20,'4','14:30','16:00','2022-07-02 17:26:30','2022-07-02 17:28:01'),
(127,20,'4','17:00','23:00','2022-07-02 17:26:43','2022-07-02 17:26:43'),
(128,21,'4','18:00','20:00','2022-07-02 17:27:23','2022-07-02 17:27:23'),
(129,21,'7','15:00','17:00','2022-07-02 17:27:33','2022-07-02 17:27:33'),
(131,11,'1','10:00','23:00','2022-07-08 14:46:29','2022-07-08 14:46:29'),
(132,11,'2','10:00','23:00','2022-07-08 14:46:45','2022-07-08 14:46:45'),
(133,11,'3','10:00','23:00','2022-07-08 14:47:08','2022-07-08 14:47:08'),
(134,11,'4','10:00','23:00','2022-07-08 14:47:22','2022-07-08 14:47:22'),
(135,11,'5','10:00','23:00','2022-07-08 14:47:32','2022-07-08 14:47:32'),
(136,11,'6','10:00','23:00','2022-07-08 14:47:39','2022-07-08 14:47:39'),
(137,11,'7','10:00','23:00','2022-07-08 14:47:49','2022-07-08 14:47:49'),
(138,12,'1','10:00','21:00','2022-07-15 19:50:49','2022-07-15 19:50:49'),
(139,12,'2','10:00','21:00','2022-07-15 19:51:10','2022-07-15 19:51:10'),
(140,12,'3','10:00','21:00','2022-07-15 19:51:31','2022-07-15 19:51:31'),
(141,12,'4','10:00','21:00','2022-07-15 19:51:43','2022-07-15 19:51:43'),
(142,12,'5','10:00','21:00','2022-07-15 19:52:01','2022-07-15 19:52:01'),
(143,12,'6','10:00','21:00','2022-07-15 19:52:14','2022-07-15 19:52:14'),
(144,12,'7','10:00','21:00','2022-07-15 19:52:30','2022-07-15 19:52:30'),
(145,35,'7','18:00','23:00','2022-08-07 02:01:24','2022-08-07 02:01:24'),
(146,35,'1','18:00','23:00','2022-08-07 02:01:38','2022-09-04 02:14:47'),
(148,35,'2','18:00','23:00','2022-08-07 02:02:03','2022-09-04 02:14:55'),
(150,35,'3','18:00','23:00','2022-08-07 02:02:20','2022-09-04 02:15:13'),
(152,35,'4','18:00','23:00','2022-08-07 02:02:42','2022-09-04 02:15:22'),
(154,35,'5','18:00','23:00','2022-08-07 02:03:14','2022-09-04 02:15:42'),
(156,35,'6','18:00','23:00','2022-08-07 02:03:33','2022-09-04 02:15:50'),
(159,39,'1','18:00','24:00','2022-08-10 22:55:16','2022-08-10 22:55:16'),
(160,39,'1','00:00','01:00','2022-08-10 22:55:24','2022-08-10 22:55:24'),
(161,39,'2','18:00','24:00','2022-08-10 22:55:31','2022-08-10 22:55:31'),
(162,39,'2','00:00','01:00','2022-08-10 22:55:39','2022-08-10 22:55:39'),
(163,39,'3','18:00','24:00','2022-08-10 22:55:50','2022-08-10 22:55:50'),
(164,39,'3','00:00','01:00','2022-08-10 22:55:57','2022-08-10 22:55:57'),
(165,39,'4','18:00','24:00','2022-08-10 22:56:04','2022-08-10 22:56:04'),
(167,39,'4','00:00','01:00','2022-08-10 22:56:21','2022-08-10 22:56:21'),
(168,39,'5','18:00','24:00','2022-08-10 22:56:30','2022-08-10 22:56:30'),
(169,39,'5','00:00','01:00','2022-08-10 22:56:37','2022-08-10 22:56:37'),
(170,39,'6','18:00','24:00','2022-08-10 22:56:44','2022-08-10 22:56:44'),
(171,39,'6','00:00','02:00','2022-08-10 22:56:50','2022-08-10 22:56:50'),
(172,39,'7','18:00','23:00','2022-08-10 22:57:02','2022-08-10 22:57:02'),
(174,41,'1','18:00','24:00','2022-08-10 22:59:37','2023-04-23 21:56:01'),
(175,41,'2','18:00','24:00','2022-08-10 22:59:46','2023-04-23 21:56:10'),
(176,41,'3','18:00','24:00','2022-08-10 22:59:57','2023-04-23 21:56:13'),
(177,41,'4','18:00','24:00','2022-08-10 23:00:05','2023-04-23 21:56:18'),
(178,41,'5','19:00','24:00','2022-08-10 23:00:13','2022-08-10 23:00:13'),
(179,41,'5','00:00','05:30','2022-08-10 23:00:20','2023-04-23 21:56:36'),
(180,41,'6','19:00','24:00','2022-08-10 23:00:27','2022-08-10 23:00:27'),
(181,41,'6','00:00','05:30','2022-08-10 23:00:32','2022-08-10 23:00:32'),
(182,41,'7','18:00','24:00','2022-08-10 23:00:50','2023-04-23 21:56:45'),
(183,42,'1','18:00','24:00','2022-08-19 22:46:36','2022-08-19 22:46:36'),
(184,42,'1','00:00','02:00','2022-08-19 22:47:06','2022-08-19 22:47:06'),
(185,42,'2','18:00','24:00','2022-08-19 22:47:14','2022-08-19 22:47:14'),
(186,42,'2','00:00','02:00','2022-08-19 22:47:19','2022-08-19 22:47:19'),
(187,42,'3','18:00','24:00','2022-08-19 22:47:24','2022-08-19 22:47:24'),
(188,42,'3','00:00','02:00','2022-08-19 22:47:33','2022-08-19 22:47:33'),
(189,42,'4','18:00','24:00','2022-08-19 22:47:40','2022-08-19 22:47:40'),
(190,42,'4','00:00','02:00','2022-08-19 22:47:45','2022-08-19 22:47:45'),
(191,42,'5','18:00','24:00','2022-08-19 22:47:51','2022-08-19 22:47:51'),
(192,42,'5','00:00','03:00','2022-08-19 22:48:07','2022-08-19 22:48:07'),
(193,42,'6','18:00','24:00','2022-08-19 22:48:18','2022-08-19 22:48:18'),
(194,42,'6','00:00','03:00','2022-08-19 22:48:22','2022-08-19 22:48:22'),
(195,42,'7','18:00','24:00','2022-08-19 22:48:41','2022-08-19 22:48:41'),
(196,42,'7','00:00','02:00','2022-08-19 22:48:48','2022-08-19 22:48:48'),
(197,37,'1','20:00','24:00','2022-09-04 02:02:43','2022-09-04 02:02:43'),
(198,37,'1','00:00','03:00','2022-09-04 02:03:02','2022-09-04 02:03:02'),
(199,37,'2','20:00','24:00','2022-09-04 02:03:11','2022-09-04 02:03:11'),
(200,37,'2','00:00','03:00','2022-09-04 02:03:16','2022-09-04 02:03:16'),
(201,37,'3','20:00','24:00','2022-09-04 02:03:32','2022-09-04 02:03:32'),
(202,37,'3','00:00','03:00','2022-09-04 02:03:39','2022-09-04 02:03:39'),
(203,37,'4','20:00','24:00','2022-09-04 02:03:51','2022-09-04 02:03:51'),
(204,37,'4','00:00','03:00','2022-09-04 02:03:57','2022-09-04 02:03:57'),
(205,37,'5','20:00','24:00','2022-09-04 02:04:08','2022-09-04 02:04:08'),
(206,37,'5','00:00','03:00','2022-09-04 02:04:23','2022-09-04 02:04:23'),
(207,37,'6','20:00','24:00','2022-09-04 02:04:30','2022-09-04 02:04:30'),
(208,37,'6','00:00','03:00','2022-09-04 02:04:39','2022-09-04 02:04:39'),
(209,37,'7','20:00','24:00','2022-09-04 02:04:51','2022-09-04 02:04:51'),
(210,37,'7','00:00','03:00','2022-09-04 02:04:58','2022-09-04 02:04:58'),
(211,36,'1','00:00','06:00','2022-09-04 02:11:29','2022-09-04 02:11:29'),
(212,36,'2','00:00','06:00','2022-09-04 02:11:37','2022-09-04 02:11:37'),
(213,36,'3','00:00','06:00','2022-09-04 02:11:42','2022-09-04 02:11:42'),
(214,36,'4','00:00','06:00','2022-09-04 02:11:47','2022-09-04 02:11:47'),
(215,36,'5','00:00','06:00','2022-09-04 02:11:53','2022-09-04 02:11:53'),
(217,36,'6','00:00','06:00','2022-09-04 02:12:12','2022-09-04 02:12:12'),
(218,36,'7','00:00','06:00','2022-09-04 02:12:22','2022-09-04 02:12:22'),
(219,43,'1','00:00','24:00','2022-09-23 23:26:08','2022-09-23 23:26:08'),
(220,43,'1','00:00','02:00','2022-09-23 23:26:17','2022-09-23 23:26:17'),
(221,43,'2','00:00','24:00','2022-09-23 23:26:21','2022-09-23 23:26:21'),
(222,43,'2','00:00','02:00','2022-09-23 23:26:26','2022-09-23 23:26:26'),
(223,43,'3','00:00','24:00','2022-09-23 23:26:30','2022-09-23 23:26:30'),
(224,43,'3','00:00','02:00','2022-09-23 23:26:36','2022-09-23 23:26:36'),
(225,43,'4','00:00','24:00','2022-09-23 23:26:39','2022-09-23 23:26:39'),
(226,43,'4','00:00','02:00','2022-09-23 23:26:45','2022-09-23 23:26:45'),
(227,43,'5','00:00','24:00','2022-09-23 23:26:48','2022-09-23 23:26:48'),
(228,43,'5','00:00','02:00','2022-09-23 23:26:55','2022-09-23 23:26:55'),
(229,43,'6','00:00','24:00','2022-09-23 23:26:59','2022-09-23 23:26:59'),
(230,43,'6','00:00','03:00','2022-09-23 23:27:06','2022-09-23 23:27:06'),
(231,43,'7','00:00','24:00','2022-09-23 23:27:09','2022-09-23 23:27:09'),
(232,43,'7','00:00','03:00','2022-09-23 23:27:17','2022-09-23 23:27:17'),
(237,30,'4','00:00','24:00','2023-03-21 23:50:42','2023-03-21 23:50:42'),
(238,30,'5','00:00','24:00','2023-03-21 23:50:48','2023-03-21 23:50:48'),
(239,30,'6','00:00','24:00','2023-03-21 23:50:53','2023-03-21 23:50:53'),
(240,30,'7','00:00','24:00','2023-03-21 23:50:59','2023-03-21 23:50:59'),
(241,30,'1','09:00','24:00','2023-03-22 01:02:43','2023-03-22 01:02:43'),
(242,30,'3','09:00','22:00','2023-03-22 01:03:06','2023-03-22 01:03:06'),
(243,30,'1','00:00','04:30','2023-03-26 19:08:40','2023-03-26 19:08:40'),
(244,4,'6','00:00','24:00','2023-04-22 04:11:39','2023-04-22 04:11:39'),
(245,4,'7','00:00','24:00','2023-04-22 04:11:49','2023-04-22 04:11:49');

/*Table structure for table `organs` */

DROP TABLE IF EXISTS `organs`;

CREATE TABLE `organs` (
  `organ_id` int(6) NOT NULL AUTO_INCREMENT,
  `company_id` int(6) DEFAULT NULL,
  `organ_number` varchar(12) DEFAULT NULL,
  `organ_name` varchar(255) DEFAULT NULL,
  `is_no_reserve` int(1) DEFAULT 0,
  `image` varchar(255) DEFAULT NULL,
  `table_count` int(6) DEFAULT NULL,
  `menu_count` int(6) DEFAULT NULL,
  `is_use_set` varchar(1) DEFAULT NULL,
  `set_number` int(1) DEFAULT NULL,
  `set_time` time DEFAULT NULL,
  `set_amount` double(10,0) DEFAULT NULL,
  `table_amount` double(10,0) DEFAULT NULL,
  `active_start_time` time DEFAULT NULL,
  `active_end_time` time DEFAULT NULL,
  `phone` varchar(255) DEFAULT NULL,
  `zip_code` varchar(255) DEFAULT NULL,
  `address` varchar(255) DEFAULT NULL,
  `comment` varchar(255) DEFAULT NULL,
  `tel_phone` varchar(255) DEFAULT NULL,
  `lat` varchar(255) DEFAULT NULL,
  `lon` varchar(255) DEFAULT NULL,
  `distance` varchar(255) DEFAULT NULL,
  `distance_status` tinyint(1) NOT NULL,
  `open_balance` varchar(10) DEFAULT NULL,
  `business_weight` varchar(255) DEFAULT NULL,
  `divide_point` varchar(255) DEFAULT NULL,
  `promotional_point` varchar(255) DEFAULT NULL,
  `optional_acquisition_point` varchar(255) DEFAULT NULL,
  `next_reservation_point` varchar(255) DEFAULT NULL,
  `extension_point` varchar(255) DEFAULT NULL,
  `open_business_point` varchar(255) DEFAULT NULL,
  `close_business_point` varchar(255) DEFAULT NULL,
  `print_logo_file` varchar(255) DEFAULT NULL,
  `checkin_ticket_consumption` varchar(12) DEFAULT NULL,
  `sns_url` varchar(255) DEFAULT NULL,
  `access` varchar(255) DEFAULT NULL,
  `parking` varchar(255) DEFAULT NULL,
  `reserve_menu_response_1_point` varchar(255) DEFAULT NULL COMMENT '全メニュー未修了',
  `reserve_menu_response_2_point` varchar(255) DEFAULT NULL COMMENT '全メニュー未修了',
  `attend_point` varchar(255) DEFAULT NULL COMMENT '行った業務に対して',
  `grade_1_point` varchar(255) DEFAULT NULL COMMENT '関連国家資格　1件',
  `grade_2_point` varchar(255) DEFAULT NULL COMMENT '協会　1級',
  `grade_3_point` varchar(255) DEFAULT NULL COMMENT '協会　2級',
  `entering_1_point` varchar(255) DEFAULT NULL COMMENT '～1年',
  `entering_2_point` varchar(255) DEFAULT NULL COMMENT '1年～3年',
  `entering_3_point` varchar(255) DEFAULT NULL COMMENT '4年～5年',
  `entering_4_point` varchar(255) DEFAULT NULL COMMENT '6年～10年',
  `entering_5_point` varchar(255) DEFAULT NULL COMMENT '11年～',
  `visible` int(1) DEFAULT NULL,
  `create_date` datetime DEFAULT NULL,
  `update_date` datetime DEFAULT NULL,
  PRIMARY KEY (`organ_id`) USING BTREE
) ENGINE=InnoDB AUTO_INCREMENT=44 DEFAULT CHARSET=utf8 ROW_FORMAT=DYNAMIC;

/*Data for the table `organs` */

insert  into `organs`(`organ_id`,`company_id`,`organ_number`,`organ_name`,`is_no_reserve`,`image`,`table_count`,`menu_count`,`is_use_set`,`set_number`,`set_time`,`set_amount`,`table_amount`,`active_start_time`,`active_end_time`,`phone`,`zip_code`,`address`,`comment`,`tel_phone`,`lat`,`lon`,`distance`,`distance_status`,`open_balance`,`business_weight`,`divide_point`,`promotional_point`,`optional_acquisition_point`,`next_reservation_point`,`extension_point`,`open_business_point`,`close_business_point`,`print_logo_file`,`checkin_ticket_consumption`,`sns_url`,`access`,`parking`,`reserve_menu_response_1_point`,`reserve_menu_response_2_point`,`attend_point`,`grade_1_point`,`grade_2_point`,`grade_3_point`,`entering_1_point`,`entering_2_point`,`entering_3_point`,`entering_4_point`,`entering_5_point`,`visible`,`create_date`,`update_date`) values 
(2,1,'000','Shangri-La 2nd',0,'organs-20220807010133554027.jpg',18,NULL,'1',1,NULL,1300,2400,NULL,NULL,'011-211-1222','0640804','札幌市中央区南4条西3丁目1-1第3グリーンビル6階','アニメコスプレの店です','','43.0554572','147.352257','5000',0,'50000',NULL,NULL,NULL,NULL,NULL,NULL,NULL,NULL,'print-logo-20220517234438362459.png','0','https://twitter.com/Shangri_La_2nd','札幌市中央区南4条西3丁目1-1','なし','','','','','','','','','','','',1,'2021-08-22 01:03:10','2023-04-25 22:04:26'),
(4,2,'001','長久手店',1,'organs-20211107163332837183.jpg',5,NULL,'1',1,NULL,NULL,NULL,NULL,NULL,'4600008-a','4600008','愛知県名古屋市中区5栄1-5-8藤田ビル５Ｆ',NULL,'0522291123','35.1678517','136.8950214','100000',1,'80000',NULL,NULL,NULL,NULL,NULL,NULL,NULL,NULL,'print-logo-20211202140719784500.png','1','http://yahoo.co.jp','アクセス','なし','5','4','4','','','','','','','','',1,'2021-08-23 11:09:27','2023-04-22 04:12:07'),
(9,2,'002','金山店',0,NULL,NULL,NULL,NULL,NULL,NULL,NULL,NULL,NULL,NULL,NULL,NULL,NULL,NULL,NULL,NULL,NULL,NULL,0,NULL,NULL,NULL,NULL,NULL,NULL,NULL,NULL,NULL,NULL,NULL,NULL,NULL,NULL,NULL,NULL,NULL,NULL,NULL,NULL,NULL,NULL,NULL,NULL,NULL,1,'2021-08-25 01:11:25','2021-08-25 01:11:25'),
(10,2,'003','名古屋駅前店',0,NULL,7,NULL,'1',1,NULL,NULL,NULL,NULL,NULL,NULL,NULL,NULL,NULL,'','35.1697756','136.8836164','1500',0,NULL,NULL,NULL,NULL,NULL,NULL,NULL,NULL,NULL,NULL,'0','','','','','','','','','','','','','','',1,'2021-08-25 01:11:36','2023-03-07 18:33:20'),
(11,2,'004','名駅３丁目店',0,NULL,7,NULL,'0',1,NULL,NULL,NULL,NULL,NULL,'052-853-9988','450ｰ0002','名古屋市中村区名駅3ｰ24ｰ8 三立ビル2F',NULL,NULL,NULL,NULL,NULL,0,NULL,NULL,NULL,NULL,NULL,NULL,NULL,NULL,NULL,NULL,'0','',NULL,NULL,NULL,NULL,NULL,NULL,NULL,NULL,NULL,NULL,NULL,NULL,NULL,1,'2021-08-25 01:11:47','2022-07-08 14:56:02'),
(12,2,'005','マーサ店',0,NULL,7,NULL,'0',1,NULL,NULL,NULL,NULL,NULL,'0582952170','5020882','岐阜市正木中1-2-1 マーサ21 2F',NULL,NULL,NULL,NULL,'500000',0,NULL,NULL,NULL,NULL,NULL,NULL,NULL,NULL,NULL,NULL,'0','',NULL,NULL,NULL,NULL,NULL,NULL,NULL,NULL,NULL,NULL,NULL,NULL,NULL,1,'2021-08-25 01:11:56','2022-07-15 19:58:07'),
(14,3,NULL,'アピタ長久手店',0,NULL,NULL,NULL,NULL,NULL,NULL,NULL,NULL,NULL,NULL,NULL,NULL,NULL,NULL,NULL,NULL,NULL,NULL,0,NULL,NULL,NULL,NULL,NULL,NULL,NULL,NULL,NULL,NULL,NULL,NULL,NULL,NULL,NULL,NULL,NULL,NULL,NULL,NULL,NULL,NULL,NULL,NULL,NULL,1,'2021-08-25 01:12:24','2021-08-25 01:12:24'),
(15,3,NULL,'ギャラリエアピタ知立店',0,NULL,NULL,NULL,NULL,NULL,NULL,NULL,NULL,NULL,NULL,NULL,NULL,NULL,NULL,NULL,NULL,NULL,NULL,0,NULL,NULL,NULL,NULL,NULL,NULL,NULL,NULL,NULL,NULL,NULL,NULL,NULL,NULL,NULL,NULL,NULL,NULL,NULL,NULL,NULL,NULL,NULL,NULL,NULL,1,'2021-08-25 01:12:33','2021-08-25 01:12:33'),
(16,3,NULL,'マーサ21店',0,NULL,NULL,NULL,NULL,NULL,NULL,NULL,NULL,NULL,NULL,NULL,NULL,NULL,NULL,NULL,NULL,NULL,NULL,0,NULL,NULL,NULL,NULL,NULL,NULL,NULL,NULL,NULL,NULL,NULL,NULL,NULL,NULL,NULL,NULL,NULL,NULL,NULL,NULL,NULL,NULL,NULL,NULL,NULL,1,'2021-08-25 01:12:44','2021-08-25 01:12:44'),
(17,3,NULL,'JR名古屋駅地下店',0,NULL,NULL,NULL,NULL,NULL,NULL,NULL,NULL,NULL,NULL,NULL,NULL,NULL,NULL,NULL,NULL,NULL,NULL,0,NULL,NULL,NULL,NULL,NULL,NULL,NULL,NULL,NULL,NULL,NULL,NULL,NULL,NULL,NULL,NULL,NULL,NULL,NULL,NULL,NULL,NULL,NULL,NULL,NULL,1,'2021-08-25 01:12:55','2021-08-25 01:12:55'),
(18,3,NULL,'イオンモール木曽川店',0,NULL,NULL,NULL,NULL,NULL,NULL,NULL,NULL,'10:00:00','21:00:00','',NULL,'',NULL,'',NULL,NULL,NULL,0,NULL,NULL,NULL,NULL,NULL,NULL,NULL,'','',NULL,NULL,NULL,NULL,NULL,NULL,NULL,NULL,NULL,NULL,NULL,NULL,NULL,NULL,NULL,NULL,1,'2021-08-25 01:13:04','2021-10-23 18:06:51'),
(19,3,NULL,'モレラ岐阜店',0,NULL,NULL,NULL,NULL,NULL,NULL,NULL,NULL,NULL,NULL,NULL,NULL,NULL,NULL,NULL,NULL,NULL,NULL,0,NULL,NULL,NULL,NULL,NULL,NULL,NULL,NULL,NULL,NULL,NULL,NULL,NULL,NULL,NULL,NULL,NULL,NULL,NULL,NULL,NULL,NULL,NULL,NULL,NULL,1,'2021-08-25 01:13:18','2021-08-25 01:13:18'),
(20,4,'001','名古屋名駅校',1,NULL,13,NULL,'1',1,NULL,NULL,NULL,NULL,NULL,'0527180991','4530016','愛知県名古屋市中村区竹橋町15-16 ジュモール名駅WEST3階',NULL,NULL,'35.1698982','136.8767423','10000',1,NULL,NULL,NULL,NULL,NULL,NULL,NULL,NULL,NULL,NULL,'0','','てｓｔ','１１１１１１','','','','','','','','','','','',1,'2021-08-25 01:13:40','2023-03-07 19:23:53'),
(21,4,'000','津島・愛西校',1,NULL,7,NULL,'0',1,NULL,NULL,NULL,NULL,NULL,'050-3707-7500','4960027','愛知県津島市津島北新開351',NULL,NULL,'35.17543','136.747016',NULL,0,NULL,NULL,NULL,NULL,NULL,NULL,NULL,NULL,NULL,NULL,'0','',NULL,NULL,NULL,NULL,NULL,NULL,NULL,NULL,NULL,NULL,NULL,NULL,NULL,1,'2021-08-25 01:13:52','2022-07-02 17:27:39'),
(22,4,'002','今池校',1,NULL,7,NULL,'0',1,NULL,NULL,NULL,NULL,NULL,'050-3707-7500','464-0074','愛知県名古屋市千種区仲田2丁目10-12',NULL,NULL,'35.1699775','136.9420047',NULL,0,NULL,NULL,NULL,NULL,NULL,NULL,NULL,NULL,NULL,NULL,'0','',NULL,NULL,NULL,NULL,NULL,NULL,NULL,NULL,NULL,NULL,NULL,NULL,NULL,1,'2021-08-25 01:14:00','2022-07-02 17:25:36'),
(30,2,'006','岐阜',0,NULL,7,NULL,'1',1,NULL,NULL,NULL,NULL,NULL,'123456789','530','岐阜',NULL,NULL,'35.38897','136.77093','25',0,'10',NULL,NULL,NULL,NULL,NULL,NULL,NULL,NULL,NULL,'0','','','','','','','','','','','','','','',NULL,'2022-03-25 12:03:19','2023-03-26 19:10:32'),
(35,1,'001','メイドインシャングリラ1部',0,'organs-20220807020949968641.jpg',11,NULL,'1',1,'00:30:00',1200,1200,NULL,NULL,'011-211-8598','064-0804','札幌市中央区南4条西3丁目1-1第3グリーンビル6階',NULL,NULL,'43.0554572','147.352257','5000',0,'50000',NULL,NULL,NULL,NULL,NULL,NULL,NULL,NULL,'print-logo-20220904021640416240.png','0','','','','','','','','','','','','','','',NULL,'2022-04-08 00:53:53','2023-03-07 04:47:08'),
(36,1,'002','メイドインシャングリラ2部',0,'organs-20221009231550315856.jpg',11,NULL,'1',1,NULL,NULL,NULL,NULL,NULL,'0112118598','〒064-0804','北海道札幌市中央区南４条西３丁目1番地1号 第３グリーンビル 6階',NULL,NULL,'43.0554572','147.352257','5000',0,NULL,NULL,NULL,NULL,NULL,NULL,NULL,NULL,NULL,'print-logo-20221009231549382008.png','0','','','',NULL,NULL,NULL,NULL,NULL,NULL,NULL,NULL,NULL,NULL,NULL,NULL,'2022-04-08 00:54:09','2022-10-09 23:15:51'),
(37,1,'003','スナックしゃんぐりら',0,'organs-20220904020945677541.jpg',18,NULL,'1',1,NULL,NULL,NULL,NULL,NULL,'0112118598','〒064-0804','北海道札幌市中央区南４条西３丁目1番地1号 第３グリーンビル 6階',NULL,NULL,'43.0554572','147.352257','5000',0,NULL,NULL,NULL,NULL,NULL,NULL,NULL,NULL,NULL,'print-logo-20230423215625337196.png','0','','','','','','','','','','','','','','',NULL,'2022-04-08 00:54:27','2023-04-23 21:56:25'),
(38,1,'004','セルフィーユ',0,'organs-20220807011741136015.jpg',13,NULL,'0',1,'00:30:00',1000,2000,NULL,NULL,'070-8940-5656','0640804','札幌市中央区南4条西3丁目1-1 第3グリーンビル6階',NULL,NULL,'43.0554572','147.352257','5000',0,NULL,NULL,NULL,NULL,NULL,NULL,NULL,NULL,NULL,'print-logo-20220930215813209039.png','0','','','','','','','','','','','','','','',NULL,'2022-04-08 00:54:48','2023-04-24 01:01:21'),
(39,1,'005','ロゼリータ',0,'organs-20220810230706409509.jpg',15,NULL,'0',1,NULL,NULL,NULL,NULL,NULL,'011-206-0969','0640804','札幌市中央区南4条西3丁目 第3グリーンビル5階',NULL,NULL,'43.0554572','147.352257','5000',0,NULL,NULL,NULL,NULL,NULL,NULL,NULL,NULL,NULL,'print-logo-20220930215339304926.png','0','','','',NULL,NULL,NULL,NULL,NULL,NULL,NULL,NULL,NULL,NULL,NULL,NULL,'2022-04-08 00:54:57','2022-09-30 21:53:40'),
(40,1,'006','マジョリカ',0,'organs-20220807010650141468.jpg',18,NULL,'1',1,NULL,1300,2400,NULL,NULL,'0112069868','0640804','札幌市中央区南4条西3丁目1-1第三グリーンビル4階',NULL,NULL,'43.0554572','147.352257','5000',0,'50000',NULL,NULL,NULL,NULL,NULL,NULL,NULL,NULL,'print-logo-20220930220042532015.png','',' https://twitter.com/majori_ca?t=BYSDJOhvIbx90FfzqeNVaw&s=06','','','','','','','','','','','','','',NULL,'2022-04-08 00:55:04','2023-04-24 01:04:06'),
(41,1,'007','リルカリーナ',0,'organs-20220810230446147320.jpg',15,NULL,'0',1,NULL,1300,2400,NULL,NULL,'011-206-4262','0640805','札幌市中央区南5条西3丁目 第11グリーンビル7階',NULL,NULL,'43.0554572','147.352257','5000',0,NULL,NULL,NULL,NULL,NULL,NULL,NULL,NULL,NULL,'print-logo-20221009230707930084.png','0','','','','','','','','','','','','','','',NULL,'2022-04-08 00:55:51','2023-04-23 21:57:34'),
(42,1,'008','にゃーとぴあ',0,'organs-20220920225152228567.jpg',22,NULL,'1',1,NULL,NULL,NULL,NULL,NULL,'0115968633','0640805','札幌市中央区南5条西3丁目 Nグランデビル5階',NULL,NULL,'43.0554572','147.352257','5000',0,NULL,NULL,NULL,NULL,NULL,NULL,NULL,NULL,NULL,'print-logo-20220819225037227561.png','0','','','',NULL,NULL,NULL,NULL,NULL,NULL,NULL,NULL,NULL,NULL,NULL,NULL,'2022-04-08 00:56:01','2022-09-23 23:25:05'),
(43,1,'009','執事喫茶シャングリラ',0,'organs-20220920225634313536.jpg',10,NULL,'0',1,NULL,NULL,NULL,NULL,NULL,'0115968633','0640805','札幌市中央区南5条西3丁目Nグランデビル5階',NULL,NULL,'43.0554572','147.352257','5000',0,NULL,NULL,NULL,NULL,NULL,NULL,NULL,NULL,NULL,'print-logo-20220920225633739256.png','0','','','','','','','','','','','','','','',NULL,'2022-09-19 18:45:39','2023-04-21 18:21:56');

/*Table structure for table `point_rates` */

DROP TABLE IF EXISTS `point_rates`;

CREATE TABLE `point_rates` (
  `id` int(6) NOT NULL AUTO_INCREMENT,
  `type` int(1) DEFAULT NULL,
  `grade` int(1) DEFAULT NULL,
  `comment` varchar(255) DEFAULT NULL,
  `rate` varchar(255) DEFAULT NULL,
  `create_date` datetime DEFAULT NULL,
  `update_date` datetime DEFAULT NULL,
  PRIMARY KEY (`id`) USING BTREE
) ENGINE=InnoDB DEFAULT CHARSET=utf8 ROW_FORMAT=DYNAMIC;

/*Data for the table `point_rates` */

/*Table structure for table `question_favorites` */

DROP TABLE IF EXISTS `question_favorites`;

CREATE TABLE `question_favorites` (
  `id` int(6) NOT NULL AUTO_INCREMENT,
  `company_id` int(6) DEFAULT NULL,
  `question` varchar(255) DEFAULT NULL,
  `answer` text DEFAULT NULL,
  `visible` int(1) DEFAULT NULL,
  `create_date` datetime DEFAULT NULL,
  `update_date` datetime DEFAULT NULL,
  PRIMARY KEY (`id`) USING BTREE
) ENGINE=InnoDB AUTO_INCREMENT=4 DEFAULT CHARSET=utf8 ROW_FORMAT=DYNAMIC;

/*Data for the table `question_favorites` */

insert  into `question_favorites`(`id`,`company_id`,`question`,`answer`,`visible`,`create_date`,`update_date`) values 
(1,1,'1234','12314\n',1,'2021-09-15 23:08:39','2021-09-15 23:08:39'),
(2,1,'98765432','yt54327654362436236234623464wegtaw3tfgaw\nasdasdfasdfasdfasdfasdfsdfasdf\nasdfasdfasdfasdfasdfasdfasdf',1,'2021-09-15 23:25:19','2021-09-15 23:25:19'),
(3,1,'334','234234\n234',1,'2021-09-15 23:32:06','2021-09-15 23:32:06');

/*Table structure for table `questions` */

DROP TABLE IF EXISTS `questions`;

CREATE TABLE `questions` (
  `question_id` int(6) NOT NULL AUTO_INCREMENT,
  `user_id` int(6) DEFAULT NULL,
  `question_title` varchar(255) DEFAULT NULL,
  `question` text DEFAULT NULL,
  `answer_id` int(6) DEFAULT NULL,
  `answer` text DEFAULT NULL,
  `visible` int(1) DEFAULT NULL,
  `create_date` datetime DEFAULT NULL,
  `update_date` datetime DEFAULT NULL,
  PRIMARY KEY (`question_id`) USING BTREE
) ENGINE=InnoDB AUTO_INCREMENT=16 DEFAULT CHARSET=utf8 ROW_FORMAT=DYNAMIC;

/*Data for the table `questions` */

insert  into `questions`(`question_id`,`user_id`,`question_title`,`question`,`answer_id`,`answer`,`visible`,`create_date`,`update_date`) values 
(1,3,'新規会員登録について','新規会員登録ができません。新規会員登録ができません。\r\n新規会員登録ができません。新規会員登録ができません。\r\n新規会員登録ができません。新規会員登録ができません。\r\n新規会員登録ができません。新規会員登録ができません。',18,'新規会員登録ができません。新規会員登録ができません。\r\n新規会員登録ができません。新規会員登録ができません。\r\n新規会員登録ができません。新規会員登録ができません。\r\n新規会員登録ができません。新規会員登録ができません。',1,'2021-09-30 05:04:32','2021-09-30 05:04:36'),
(2,4,'友達紹介 クーポンについて','新規会員登録ができません。新規会員登録ができません。\r\n新規会員登録ができません。新規会員登録ができません。\r\n新規会員登録ができません。新規会員登録ができません。',NULL,NULL,1,'2021-09-30 05:05:32','2021-09-30 05:05:32'),
(3,30,'新規会員登録について','新規会員登録ができません。新規会員登録ができません。\n新規会員登録ができません。新規会員登録ができません。\n新規会員登録ができません。新規会員登録ができません。\n新規会員登録ができません。新規会員登録ができません。\n',NULL,NULL,1,'2021-10-03 10:43:41','2021-10-03 10:43:41'),
(4,30,'sdddddddddd','dddddddddddddd\ndddddddddddddddddddddddd\nddddddddddddd',NULL,NULL,1,'2021-10-03 10:44:11','2021-10-03 10:44:11'),
(6,30,'sssssss','ssssssssssssssssssss',NULL,NULL,1,'2021-10-03 10:46:05','2021-10-03 10:46:05'),
(7,31,'ssss','ss',NULL,NULL,1,'2021-10-06 18:40:08','2021-10-06 18:40:08'),
(8,59,'大変です','本文です',NULL,NULL,1,'2021-12-08 13:47:50','2021-12-08 13:47:50'),
(9,59,'あ','い',NULL,NULL,1,'2021-12-18 23:26:51','2021-12-18 23:26:51'),
(10,136,'テスト','テスト',NULL,NULL,1,'2022-02-05 17:16:06','2022-02-05 17:16:06'),
(11,136,'TEST','TEST',NULL,NULL,1,'2022-02-14 19:26:49','2022-02-14 19:26:49'),
(12,136,'これは削除','削除予定\nお客様からはメッセージのみにします。',NULL,NULL,1,'2022-02-17 12:20:47','2022-02-17 12:20:47'),
(13,136,'どこへ行く','ここ',NULL,NULL,1,'2022-02-22 16:38:54','2022-02-22 16:38:54'),
(14,136,'テストです。','今から回数券買いに行きます。',NULL,NULL,1,'2022-03-10 19:03:59','2022-03-10 19:03:59'),
(15,201,'山田','テスト',NULL,NULL,1,'2022-03-24 18:52:53','2022-03-24 18:52:53');

/*Table structure for table `rank_prefers` */

DROP TABLE IF EXISTS `rank_prefers`;

CREATE TABLE `rank_prefers` (
  `rank_prefer_id` int(6) NOT NULL AUTO_INCREMENT,
  `rank_id` int(6) DEFAULT NULL,
  `stamp_count` int(6) DEFAULT NULL,
  `type` int(1) DEFAULT NULL COMMENT '1: menu, 2: coupon',
  `menu_id` int(6) DEFAULT NULL,
  `coupon_id` int(6) DEFAULT NULL,
  `create_date` datetime DEFAULT NULL,
  `update_date` datetime DEFAULT NULL,
  PRIMARY KEY (`rank_prefer_id`) USING BTREE
) ENGINE=InnoDB AUTO_INCREMENT=29 DEFAULT CHARSET=utf8 ROW_FORMAT=DYNAMIC;

/*Data for the table `rank_prefers` */

insert  into `rank_prefers`(`rank_prefer_id`,`rank_id`,`stamp_count`,`type`,`menu_id`,`coupon_id`,`create_date`,`update_date`) values 
(20,22,5,2,NULL,17,'2022-11-28 23:59:50','2022-11-29 00:26:45'),
(21,22,8,1,77,NULL,'2022-11-28 23:59:50','2022-11-29 00:26:45'),
(22,22,10,1,75,NULL,'2022-11-29 00:19:14','2022-11-29 00:26:45'),
(23,15,5,2,NULL,16,'2022-11-30 01:28:02','2023-04-26 11:22:04'),
(24,16,30,2,NULL,33,'2023-04-24 02:20:58','2023-04-26 11:26:10'),
(25,17,30,2,NULL,29,'2023-04-26 10:26:10','2023-04-26 11:33:29'),
(26,19,30,2,NULL,30,'2023-04-26 10:26:52','2023-04-26 11:33:37'),
(27,20,30,2,NULL,31,'2023-04-26 11:31:45','2023-04-26 11:33:41'),
(28,21,30,2,NULL,32,'2023-04-26 11:32:08','2023-04-26 11:32:08');

/*Table structure for table `ranks` */

DROP TABLE IF EXISTS `ranks`;

CREATE TABLE `ranks` (
  `rank_id` int(6) NOT NULL AUTO_INCREMENT,
  `company_id` int(6) DEFAULT NULL,
  `rank_level` int(6) DEFAULT NULL,
  `rank_name` varchar(255) DEFAULT NULL,
  `max_stamp` int(10) DEFAULT NULL,
  `create_date` datetime DEFAULT NULL,
  `update_date` datetime DEFAULT NULL,
  PRIMARY KEY (`rank_id`) USING BTREE
) ENGINE=InnoDB AUTO_INCREMENT=24 DEFAULT CHARSET=utf8 ROW_FORMAT=DYNAMIC;

/*Data for the table `ranks` */

insert  into `ranks`(`rank_id`,`company_id`,`rank_level`,`rank_name`,`max_stamp`,`create_date`,`update_date`) values 
(15,1,1,'序の口',5,'2022-05-17 23:27:26','2023-04-26 11:22:04'),
(16,1,2,'幕下',30,'2022-05-17 23:28:14','2023-04-26 11:26:10'),
(17,1,3,'前頭',30,'2022-05-17 23:28:47','2023-04-26 11:33:29'),
(19,1,4,'小結',30,'2022-05-17 23:29:36','2023-04-26 11:33:37'),
(20,1,5,'大関',30,'2022-05-17 23:46:47','2023-04-26 11:33:41'),
(21,1,6,'横綱',30,'2022-05-17 23:47:12','2023-04-26 11:32:08'),
(22,2,1,'Advanced',5,'2022-09-19 12:12:17','2022-11-29 00:26:45'),
(23,4,1,'Advanced',5,'2022-09-19 12:12:53','2022-09-19 12:12:53');

/*Table structure for table `reserve_menus` */

DROP TABLE IF EXISTS `reserve_menus`;

CREATE TABLE `reserve_menus` (
  `id` int(6) NOT NULL AUTO_INCREMENT,
  `reserve_id` int(6) DEFAULT NULL,
  `menu_id` int(6) DEFAULT NULL,
  `menu_variation_id` int(6) DEFAULT NULL,
  `menu_price` int(10) DEFAULT NULL,
  `multi_number` int(1) DEFAULT NULL,
  `create_date` datetime DEFAULT NULL,
  `update_date` datetime DEFAULT NULL,
  PRIMARY KEY (`id`) USING BTREE
) ENGINE=InnoDB DEFAULT CHARSET=utf8 ROW_FORMAT=DYNAMIC;

/*Data for the table `reserve_menus` */

/*Table structure for table `reserve_tickets` */

DROP TABLE IF EXISTS `reserve_tickets`;

CREATE TABLE `reserve_tickets` (
  `reserve_ticket_id` int(6) NOT NULL AUTO_INCREMENT,
  `reserve_id` int(6) DEFAULT NULL,
  `ticket_id` int(6) DEFAULT NULL,
  `use_count` int(6) DEFAULT NULL,
  `create_date` datetime DEFAULT NULL,
  `update_date` datetime DEFAULT NULL,
  PRIMARY KEY (`reserve_ticket_id`) USING BTREE
) ENGINE=InnoDB AUTO_INCREMENT=12 DEFAULT CHARSET=utf8 ROW_FORMAT=DYNAMIC;

/*Data for the table `reserve_tickets` */

/*Table structure for table `reserves` */

DROP TABLE IF EXISTS `reserves`;

CREATE TABLE `reserves` (
  `reserve_id` int(6) NOT NULL AUTO_INCREMENT,
  `user_id` int(6) DEFAULT NULL,
  `organ_id` int(6) DEFAULT NULL,
  `staff_id` int(6) DEFAULT NULL,
  `sel_staff_type` int(1) DEFAULT NULL COMMENT '0:no, 1:man, 2:woman, 3:yes',
  `reserve_time` datetime DEFAULT NULL,
  `reserve_exit_time` datetime DEFAULT NULL,
  `reserve_status` int(1) DEFAULT NULL COMMENT '1:reserve 2:complete',
  `visit_time` datetime DEFAULT NULL,
  `sum_interval` int(10) DEFAULT 0,
  `visible` int(11) DEFAULT NULL,
  `coupon_id` int(6) DEFAULT NULL,
  `coupon_use_amount` int(6) DEFAULT NULL,
  `ticket_amount` int(6) DEFAULT NULL,
  `amount` int(6) DEFAULT NULL,
  `pay_method` int(1) DEFAULT NULL COMMENT '1:credit, 2:shop pay',
  `update_user_name` varchar(255) DEFAULT NULL,
  `reserve_name_2` varchar(255) DEFAULT NULL,
  `reserve_name_3` varchar(255) DEFAULT NULL,
  `reserve_name_4` varchar(255) DEFAULT NULL,
  `create_date` datetime DEFAULT NULL,
  `update_date` datetime DEFAULT NULL,
  PRIMARY KEY (`reserve_id`) USING BTREE
) ENGINE=InnoDB DEFAULT CHARSET=utf8 ROW_FORMAT=DYNAMIC;

/*Data for the table `reserves` */

/*Table structure for table `setting_count_shifts` */

DROP TABLE IF EXISTS `setting_count_shifts`;

CREATE TABLE `setting_count_shifts` (
  `id` int(6) NOT NULL AUTO_INCREMENT,
  `organ_id` int(6) DEFAULT NULL,
  `from_time` datetime DEFAULT NULL,
  `to_time` datetime DEFAULT NULL,
  `count` int(11) DEFAULT NULL,
  `create_date` datetime DEFAULT NULL,
  `update_date` datetime DEFAULT NULL,
  PRIMARY KEY (`id`) USING BTREE
) ENGINE=InnoDB AUTO_INCREMENT=8 DEFAULT CHARSET=utf8 ROW_FORMAT=DYNAMIC;

/*Data for the table `setting_count_shifts` */

insert  into `setting_count_shifts`(`id`,`organ_id`,`from_time`,`to_time`,`count`,`create_date`,`update_date`) values 
(1,4,'2023-04-23 03:30:00','2023-04-23 12:30:00',1,'2023-04-23 04:54:40','2023-04-23 04:54:40'),
(2,4,'2023-04-24 09:30:00','2023-04-24 22:00:00',1,'2023-04-26 10:05:41','2023-04-26 10:06:43'),
(3,4,'2023-04-25 09:30:00','2023-04-25 22:00:00',1,'2023-04-26 10:05:56','2023-04-26 10:06:52'),
(4,4,'2023-04-26 09:30:00','2023-04-26 22:00:00',1,'2023-04-26 10:06:05','2023-04-26 10:07:01'),
(5,4,'2023-05-01 09:30:00','2023-05-01 22:00:00',1,'2023-04-26 10:08:00','2023-04-26 10:08:00'),
(6,4,'2023-05-02 09:30:00','2023-05-02 22:00:00',1,'2023-04-26 10:08:11','2023-04-26 10:08:11'),
(7,4,'2023-05-03 09:30:00','2023-05-03 22:00:00',1,'2023-04-26 10:08:21','2023-04-26 10:08:46');

/*Table structure for table `setting_init_shifts` */

DROP TABLE IF EXISTS `setting_init_shifts`;

CREATE TABLE `setting_init_shifts` (
  `id` int(6) NOT NULL AUTO_INCREMENT,
  `organ_id` int(6) DEFAULT NULL,
  `staff_id` int(6) DEFAULT NULL,
  `weekday` varchar(10) DEFAULT NULL COMMENT 'monday:1~sunday:7',
  `from_time` time DEFAULT NULL,
  `to_time` time DEFAULT NULL,
  `shift_type` int(1) DEFAULT NULL,
  `pattern` int(1) DEFAULT NULL,
  `create_date` datetime DEFAULT NULL,
  `update_date` datetime DEFAULT NULL,
  PRIMARY KEY (`id`) USING BTREE
) ENGINE=InnoDB AUTO_INCREMENT=2 DEFAULT CHARSET=utf8 ROW_FORMAT=DYNAMIC;

/*Data for the table `setting_init_shifts` */

insert  into `setting_init_shifts`(`id`,`organ_id`,`staff_id`,`weekday`,`from_time`,`to_time`,`shift_type`,`pattern`,`create_date`,`update_date`) values 
(1,4,3,'1','14:00:00','21:00:00',1,1,'2023-04-26 10:04:54','2023-04-26 10:04:54');

/*Table structure for table `shift_locks` */

DROP TABLE IF EXISTS `shift_locks`;

CREATE TABLE `shift_locks` (
  `shift_lock_id` int(6) NOT NULL AUTO_INCREMENT,
  `organ_id` int(6) DEFAULT NULL,
  `from_time` datetime DEFAULT NULL,
  `to_time` datetime DEFAULT NULL,
  `lock_status` int(1) DEFAULT 0 COMMENT '1:lock,0:unlock',
  `create_date` datetime DEFAULT NULL,
  `update_date` datetime DEFAULT NULL,
  PRIMARY KEY (`shift_lock_id`)
) ENGINE=InnoDB DEFAULT CHARSET=utf8;

/*Data for the table `shift_locks` */

/*Table structure for table `shifts` */

DROP TABLE IF EXISTS `shifts`;

CREATE TABLE `shifts` (
  `shift_id` int(6) NOT NULL AUTO_INCREMENT,
  `staff_id` int(6) DEFAULT NULL,
  `organ_id` int(6) DEFAULT NULL,
  `from_time` datetime DEFAULT NULL,
  `to_time` datetime DEFAULT NULL,
  `old_shift` int(1) DEFAULT NULL,
  `shift_type` int(1) DEFAULT NULL,
  `visible` int(1) DEFAULT NULL,
  `create_date` datetime DEFAULT NULL,
  `update_date` datetime DEFAULT NULL,
  PRIMARY KEY (`shift_id`) USING BTREE
) ENGINE=InnoDB AUTO_INCREMENT=17 DEFAULT CHARSET=utf8 ROW_FORMAT=DYNAMIC;

/*Data for the table `shifts` */

insert  into `shifts`(`shift_id`,`staff_id`,`organ_id`,`from_time`,`to_time`,`old_shift`,`shift_type`,`visible`,`create_date`,`update_date`) values 
(1,77,4,'2023-04-23 03:30:00','2023-04-23 12:30:00',NULL,1,1,'2023-04-23 06:31:39','2023-04-23 06:31:39'),
(2,3,4,'2023-05-01 09:30:00','2023-05-01 15:00:00',NULL,1,1,'2023-04-26 10:09:58','2023-04-26 10:09:58'),
(3,31,4,'2023-05-01 09:30:00','2023-05-01 13:00:00',NULL,1,1,'2023-04-26 10:10:10','2023-04-26 10:10:10'),
(4,3,4,'2023-05-02 16:00:00','2023-05-02 22:00:00',NULL,3,1,'2023-04-26 10:10:21','2023-04-26 10:10:21'),
(5,3,4,'2023-05-03 00:00:00','2023-05-03 23:59:59',NULL,4,1,'2023-04-26 10:10:30','2023-04-26 10:10:30'),
(6,31,4,'2023-05-02 17:30:00','2023-05-02 09:30:00',NULL,1,1,'2023-04-26 10:11:31','2023-04-26 10:13:40'),
(7,31,4,'2023-05-03 15:30:00','2023-05-03 09:30:00',NULL,1,1,'2023-04-26 10:12:04','2023-04-26 10:13:40'),
(8,25,4,'2023-05-01 15:00:00','2023-05-01 20:00:00',NULL,3,1,'2023-04-26 10:12:08','2023-04-26 10:12:08'),
(9,75,4,'2023-04-24 09:30:00','2023-04-24 19:00:00',NULL,1,1,'2023-04-26 10:12:27','2023-04-26 10:14:56'),
(10,25,4,'2023-05-02 22:00:00','2023-05-02 17:00:00',NULL,1,1,'2023-04-26 10:12:27','2023-04-26 10:13:40'),
(11,25,4,'2023-05-03 13:00:00','2023-05-03 09:30:00',NULL,1,1,'2023-04-26 10:13:01','2023-04-26 10:13:40'),
(12,31,4,'2023-05-02 09:30:00','2023-05-02 22:00:00',1,10,1,'2023-04-26 10:13:40','2023-04-26 10:13:40'),
(13,25,4,'2023-05-02 09:30:00','2023-05-02 22:00:00',1,2,1,'2023-04-26 10:13:40','2023-04-26 10:13:40'),
(14,31,4,'2023-05-03 09:30:00','2023-05-03 22:00:00',1,10,1,'2023-04-26 10:13:40','2023-04-26 10:13:40'),
(15,25,4,'2023-05-03 09:30:00','2023-05-03 22:00:00',1,2,1,'2023-04-26 10:13:40','2023-04-26 10:13:40'),
(16,25,4,'2023-05-03 22:00:00','2023-05-03 20:00:00',NULL,1,1,'2023-04-26 10:13:40','2023-04-26 10:13:40');

/*Table structure for table `staff_attends` */

DROP TABLE IF EXISTS `staff_attends`;

CREATE TABLE `staff_attends` (
  `id` int(6) NOT NULL AUTO_INCREMENT,
  `organ_id` int(6) NOT NULL,
  `staff_id` int(6) NOT NULL,
  `from_time` datetime NOT NULL,
  `to_time` datetime DEFAULT NULL,
  `create_date` datetime DEFAULT NULL,
  `update_date` datetime DEFAULT NULL,
  PRIMARY KEY (`id`) USING BTREE
) ENGINE=InnoDB AUTO_INCREMENT=4 DEFAULT CHARSET=utf8 ROW_FORMAT=DYNAMIC;

/*Data for the table `staff_attends` */

insert  into `staff_attends`(`id`,`organ_id`,`staff_id`,`from_time`,`to_time`,`create_date`,`update_date`) values 
(1,30,75,'2023-04-23 08:27:58','2023-04-27 14:44:48','2023-04-23 08:27:58','2023-04-27 14:44:48'),
(2,2,1,'2023-04-26 11:02:42','2023-04-26 11:02:45','2023-04-26 11:02:42','2023-04-26 11:02:45'),
(3,2,2,'2023-04-26 21:28:17',NULL,'2023-04-26 21:28:17','2023-04-26 21:28:17');

/*Table structure for table `staff_enable_menus` */

DROP TABLE IF EXISTS `staff_enable_menus`;

CREATE TABLE `staff_enable_menus` (
  `staff_enable_menu_id` int(6) NOT NULL AUTO_INCREMENT,
  `staff_id` int(6) DEFAULT NULL,
  `menu_id` int(6) DEFAULT NULL,
  `create_date` datetime DEFAULT NULL,
  `update_date` datetime DEFAULT NULL,
  PRIMARY KEY (`staff_enable_menu_id`) USING BTREE
) ENGINE=InnoDB AUTO_INCREMENT=106 DEFAULT CHARSET=utf8 ROW_FORMAT=DYNAMIC;

/*Data for the table `staff_enable_menus` */

insert  into `staff_enable_menus`(`staff_enable_menu_id`,`staff_id`,`menu_id`,`create_date`,`update_date`) values 
(34,44,46,'2022-04-17 14:00:43','2022-04-17 14:00:43'),
(35,44,47,'2022-04-17 14:00:45','2022-04-17 14:00:45'),
(38,40,73,'2022-04-17 14:02:07','2022-04-17 14:02:07'),
(39,40,72,'2022-04-17 14:02:09','2022-04-17 14:02:09'),
(59,54,70,'2022-04-19 17:27:41','2022-04-19 17:27:41'),
(69,50,70,'2022-05-10 11:11:51','2022-05-10 11:11:51'),
(71,54,46,'2022-05-13 16:23:39','2022-05-13 16:23:39'),
(72,40,70,'2022-06-03 11:31:15','2022-06-03 11:31:15'),
(74,40,47,'2022-06-03 11:31:17','2022-06-03 11:31:17'),
(76,40,71,'2022-06-03 11:31:20','2022-06-03 11:31:20'),
(77,40,46,'2022-06-03 11:31:21','2022-06-03 11:31:21'),
(78,40,74,'2022-06-03 11:31:23','2022-06-03 11:31:23'),
(79,40,75,'2022-06-03 11:31:25','2022-06-03 11:31:25'),
(80,40,76,'2022-06-03 11:31:26','2022-06-03 11:31:26'),
(81,40,78,'2022-06-03 11:31:26','2022-06-03 11:31:26'),
(82,40,77,'2022-06-03 11:31:28','2022-06-03 11:31:28'),
(83,40,79,'2022-06-03 11:31:29','2022-06-03 11:31:29'),
(84,40,80,'2022-06-03 11:31:30','2022-06-03 11:31:30'),
(86,3,70,'2022-06-05 11:30:16','2022-06-05 11:30:16'),
(87,3,46,'2022-06-05 11:30:20','2022-06-05 11:30:20'),
(88,3,47,'2022-06-05 11:30:21','2022-06-05 11:30:21'),
(89,3,71,'2022-06-05 11:30:23','2022-06-05 11:30:23'),
(90,3,72,'2022-06-05 11:30:24','2022-06-05 11:30:24'),
(91,3,73,'2022-06-05 11:30:25','2022-06-05 11:30:25'),
(92,3,74,'2022-06-05 11:30:26','2022-06-05 11:30:26'),
(93,3,75,'2022-06-05 11:30:29','2022-06-05 11:30:29'),
(94,3,76,'2022-06-05 11:30:30','2022-06-05 11:30:30'),
(95,3,78,'2022-06-05 11:30:31','2022-06-05 11:30:31'),
(96,3,77,'2022-06-05 11:30:33','2022-06-05 11:30:33'),
(97,3,79,'2022-06-05 11:30:34','2022-06-05 11:30:34'),
(98,3,80,'2022-06-05 11:30:36','2022-06-05 11:30:36'),
(101,41,70,'2022-08-25 14:14:29','2022-08-25 14:14:29'),
(102,41,46,'2022-08-25 14:14:31','2022-08-25 14:14:31'),
(103,41,47,'2022-08-25 14:14:32','2022-08-25 14:14:32'),
(104,41,71,'2022-08-25 14:14:33','2022-08-25 14:14:33'),
(105,41,72,'2022-08-25 14:14:34','2022-08-25 14:14:34');

/*Table structure for table `staff_organs` */

DROP TABLE IF EXISTS `staff_organs`;

CREATE TABLE `staff_organs` (
  `id` int(6) NOT NULL AUTO_INCREMENT,
  `staff_id` int(6) DEFAULT NULL,
  `organ_id` int(6) DEFAULT NULL,
  `auth` int(1) DEFAULT NULL COMMENT '1:staff,4:admin',
  PRIMARY KEY (`id`)
) ENGINE=InnoDB AUTO_INCREMENT=286 DEFAULT CHARSET=utf8 ROW_FORMAT=DYNAMIC;

/*Data for the table `staff_organs` */

insert  into `staff_organs`(`id`,`staff_id`,`organ_id`,`auth`) values 
(2,2,2,1),
(4,3,4,1),
(5,3,9,1),
(6,3,10,1),
(7,3,11,1),
(9,4,14,1),
(10,4,15,1),
(11,4,16,1),
(12,4,17,1),
(13,4,18,1),
(14,4,19,1),
(15,5,22,1),
(16,5,20,1),
(17,5,21,1),
(18,6,1,1),
(21,8,1,1),
(22,9,2,1),
(23,10,3,1),
(24,11,1,1),
(25,12,1,1),
(26,13,1,1),
(27,14,1,1),
(28,15,1,1),
(29,16,1,1),
(30,17,1,1),
(31,18,1,1),
(32,19,20,1),
(33,19,22,1),
(34,20,20,1),
(35,20,22,1),
(36,21,20,1),
(37,21,21,1),
(38,21,22,1),
(39,22,20,1),
(40,22,21,1),
(41,22,22,1),
(44,25,4,1),
(48,26,16,1),
(49,26,18,1),
(52,29,17,1),
(53,30,19,1),
(54,30,18,1),
(55,30,15,1),
(56,30,17,1),
(57,30,16,1),
(58,30,14,1),
(59,31,12,1),
(60,31,11,1),
(61,31,9,1),
(62,31,4,1),
(63,31,10,1),
(64,32,17,1),
(65,33,17,1),
(66,34,17,1),
(67,35,17,1),
(68,36,17,1),
(69,37,17,1),
(70,38,17,1),
(71,39,17,1),
(73,40,4,1),
(74,27,4,1),
(75,28,4,1),
(76,23,18,1),
(77,29,18,1),
(79,41,4,1),
(80,42,12,1),
(81,42,4,1),
(82,42,10,1),
(83,42,9,1),
(84,42,11,1),
(86,58,42,1),
(87,9,37,1),
(159,60,41,2),
(160,62,4,1),
(169,63,40,1),
(170,61,2,1),
(171,61,35,1),
(172,61,36,1),
(173,61,37,1),
(174,61,38,1),
(175,61,39,1),
(176,61,40,1),
(178,61,42,1),
(179,59,2,1),
(180,59,35,1),
(181,59,36,1),
(182,59,37,1),
(183,59,38,1),
(184,59,39,1),
(185,59,40,1),
(186,59,41,1),
(187,59,42,1),
(188,25,11,1),
(189,25,9,1),
(190,25,10,1),
(191,25,12,1),
(192,64,11,1),
(193,65,11,1),
(194,66,11,1),
(195,67,11,1),
(196,68,11,1),
(197,69,11,1),
(198,27,11,1),
(200,71,12,1),
(201,72,12,1),
(202,73,12,1),
(203,9,36,1),
(204,9,35,1),
(205,63,38,1),
(206,60,39,1),
(207,31,30,1),
(208,74,4,1),
(209,48,2,1),
(210,48,35,1),
(211,48,36,1),
(212,48,37,1),
(213,48,38,1),
(214,48,39,1),
(215,48,40,1),
(216,48,41,1),
(217,48,42,1),
(218,48,43,1),
(219,59,43,1),
(222,74,9,1),
(223,74,10,1),
(224,74,11,1),
(226,74,12,1),
(227,77,4,1),
(228,77,9,1),
(229,78,4,1),
(230,78,9,1),
(232,79,4,1),
(233,76,30,1),
(234,75,11,1),
(235,75,30,1),
(236,75,4,1),
(237,75,9,1),
(238,75,10,1),
(239,75,12,1),
(240,19,21,1),
(244,76,12,1),
(245,70,10,1),
(246,77,30,1),
(247,63,2,1),
(248,63,35,1),
(249,63,36,1),
(250,63,37,1),
(251,63,39,1),
(252,63,41,1),
(253,63,42,1),
(254,63,43,1),
(255,9,38,1),
(256,9,39,1),
(257,9,40,1),
(258,9,41,1),
(259,9,42,1),
(260,9,43,1),
(261,1,2,1),
(262,1,35,1),
(263,1,36,1),
(264,1,37,1),
(265,1,38,1),
(266,1,39,1),
(267,1,40,1),
(268,1,41,1),
(269,1,42,1),
(270,1,43,1),
(271,1,4,1),
(272,1,9,1),
(273,1,10,1),
(274,1,11,1),
(275,1,12,1),
(276,1,30,1),
(277,1,14,1),
(278,1,15,1),
(279,1,16,1),
(280,1,17,1),
(281,1,18,1),
(282,1,19,1),
(283,1,20,1),
(284,1,21,1),
(285,1,22,1);

/*Table structure for table `staff_point_adds` */

DROP TABLE IF EXISTS `staff_point_adds`;

CREATE TABLE `staff_point_adds` (
  `id` int(6) NOT NULL AUTO_INCREMENT,
  `staff_id` int(6) DEFAULT NULL,
  `point_date` date DEFAULT NULL,
  `point_setting_id` int(6) DEFAULT NULL,
  `organ_id` int(6) DEFAULT NULL,
  `comment` varchar(255) DEFAULT NULL,
  `point_weight` int(10) DEFAULT NULL,
  `value` int(6) DEFAULT NULL,
  `type` int(1) DEFAULT NULL,
  `status` int(255) DEFAULT NULL COMMENT '1:submit, 2:confirm',
  `create_date` datetime DEFAULT NULL,
  `update_date` datetime DEFAULT NULL,
  PRIMARY KEY (`id`) USING BTREE
) ENGINE=InnoDB AUTO_INCREMENT=161 DEFAULT CHARSET=utf8 ROW_FORMAT=DYNAMIC;

/*Data for the table `staff_point_adds` */

insert  into `staff_point_adds`(`id`,`staff_id`,`point_date`,`point_setting_id`,`organ_id`,`comment`,`point_weight`,`value`,`type`,`status`,`create_date`,`update_date`) values 
(5,NULL,NULL,7,NULL,'12',NULL,3,NULL,NULL,'2021-11-08 23:28:47','2021-11-08 23:28:47'),
(7,NULL,NULL,10,NULL,'100',NULL,100,NULL,NULL,'2021-11-10 13:48:02','2021-11-10 13:48:02'),
(8,NULL,NULL,15,NULL,'理由',NULL,1,NULL,NULL,'2021-11-17 10:32:21','2021-11-17 10:32:21'),
(10,NULL,NULL,16,NULL,'研修',NULL,100,NULL,NULL,'2021-11-17 12:17:14','2021-11-17 12:17:14'),
(11,NULL,NULL,16,NULL,'店長',NULL,200,NULL,NULL,'2021-11-17 12:17:22','2021-11-17 12:17:22'),
(14,NULL,NULL,20,4,'飛び込み',NULL,200,0,2,'2021-12-02 18:43:32','2021-12-02 18:43:32'),
(15,NULL,NULL,20,4,'飛び込み 1分',NULL,100,1,2,'2021-12-02 18:43:43','2021-12-02 18:43:50'),
(16,NULL,NULL,17,4,'指名 60分',NULL,120,6,1,'2021-12-04 11:46:18','2021-12-04 11:46:18'),
(17,NULL,NULL,20,4,'指名 60分',NULL,120,6,1,'2021-12-04 12:42:50','2021-12-04 12:42:50'),
(18,NULL,NULL,20,4,'指名 60分',NULL,120,6,1,'2021-12-04 12:43:13','2021-12-04 12:43:13'),
(19,NULL,NULL,20,4,'飛び込み',NULL,90,1,2,'2021-12-04 17:32:29','2021-12-04 17:33:00'),
(20,NULL,NULL,21,4,'延長',NULL,0,4,1,'2021-12-10 21:02:16','2021-12-10 21:02:16'),
(21,NULL,NULL,21,4,'次回予約',NULL,0,3,1,'2021-12-10 21:02:21','2021-12-10 21:02:21'),
(22,NULL,NULL,21,4,'オプション',NULL,1500,5,1,'2021-12-10 21:02:24','2021-12-10 21:02:24'),
(24,NULL,NULL,20,4,'指名 0分',NULL,0,6,1,'2021-12-18 10:58:15','2021-12-18 10:58:15'),
(25,NULL,NULL,17,4,'飛び込み',NULL,90,1,1,'2021-12-21 14:46:29','2021-12-21 14:46:29'),
(27,NULL,NULL,24,4,'次回予約',NULL,0,3,1,'2022-01-03 14:23:50','2022-01-03 14:23:50'),
(28,NULL,NULL,24,4,'飛び込み',NULL,90,1,2,'2022-01-03 14:23:55','2022-01-03 14:25:01'),
(29,NULL,NULL,24,4,'販促 50分',NULL,10000,2,1,'2022-01-03 14:24:11','2022-01-03 14:24:11'),
(31,NULL,NULL,30,4,'指名 45分',NULL,90,6,1,'2022-02-04 10:24:40','2022-02-04 10:24:40'),
(32,NULL,NULL,30,4,'指名 45分',NULL,90,6,1,'2022-02-04 10:25:14','2022-02-04 10:25:14'),
(33,NULL,NULL,30,4,'指名 45分',NULL,90,6,1,'2022-02-04 16:54:14','2022-02-04 16:54:14'),
(34,NULL,NULL,30,4,'指名 75分',NULL,150,6,1,'2022-02-04 17:41:09','2022-02-04 17:41:09'),
(35,NULL,NULL,30,4,'指名 75分',NULL,150,6,1,'2022-02-04 18:36:49','2022-02-04 18:36:49'),
(36,NULL,NULL,30,4,'指名 90分',NULL,180,6,1,'2022-02-05 10:31:04','2022-02-05 10:31:04'),
(37,NULL,NULL,30,4,'指名 65分',NULL,130,6,1,'2022-02-05 10:46:08','2022-02-05 10:46:08'),
(38,NULL,NULL,30,4,'指名 75分',NULL,180,6,1,'2022-02-05 14:57:24','2022-02-05 14:57:24'),
(39,NULL,NULL,30,4,'指名 30分',NULL,72,6,1,'2022-02-05 16:14:33','2022-02-05 16:14:33'),
(40,NULL,NULL,31,4,'指名 60分',NULL,120,6,1,'2022-02-05 17:14:15','2022-02-05 17:14:15'),
(41,NULL,NULL,13,4,'指名 60分',NULL,120,6,1,'2022-02-05 18:12:54','2022-02-05 18:12:54'),
(42,NULL,NULL,13,4,'指名 60分',NULL,120,6,1,'2022-02-06 15:29:26','2022-02-06 15:29:26'),
(43,NULL,NULL,13,4,'指名 50分',NULL,100,6,1,'2022-02-06 15:29:52','2022-02-06 15:29:52'),
(44,NULL,NULL,32,4,'指名 60分',NULL,120,6,1,'2022-02-06 15:31:17','2022-02-06 15:31:17'),
(45,NULL,NULL,31,4,'指名 60分',NULL,120,6,1,'2022-02-06 15:31:38','2022-02-06 15:31:38'),
(46,NULL,NULL,25,4,'指名 60分',NULL,120,6,1,'2022-02-06 15:32:49','2022-02-06 15:32:49'),
(47,NULL,NULL,25,4,'指名 90分',NULL,180,6,1,'2022-02-06 15:33:45','2022-02-06 15:33:45'),
(48,NULL,NULL,25,4,'指名 60分',NULL,120,6,1,'2022-02-06 16:30:50','2022-02-06 16:30:50'),
(49,NULL,NULL,31,4,'指名 75分',NULL,150,6,1,'2022-02-06 16:32:48','2022-02-06 16:32:48'),
(50,NULL,NULL,13,4,'指名 60分',NULL,120,6,1,'2022-02-07 12:26:13','2022-02-07 12:26:13'),
(51,NULL,NULL,31,4,'指名 60分',NULL,120,6,1,'2022-02-09 18:54:09','2022-02-09 18:54:09'),
(52,NULL,NULL,13,4,'指名 60分',NULL,120,6,1,'2022-02-10 07:58:38','2022-02-10 07:58:38'),
(53,NULL,NULL,13,4,'指名 50分',NULL,100,6,1,'2022-02-10 08:47:11','2022-02-10 08:47:11'),
(54,NULL,NULL,31,4,'指名 30分',NULL,60,6,1,'2022-02-10 09:02:16','2022-02-10 09:02:16'),
(55,NULL,NULL,31,4,'指名 60分',NULL,120,6,1,'2022-02-10 09:36:01','2022-02-10 09:36:01'),
(56,NULL,NULL,32,4,'指名 30分',NULL,60,6,1,'2022-02-10 09:36:56','2022-02-10 09:36:56'),
(57,NULL,NULL,33,4,'指名 60分',NULL,120,6,1,'2022-02-10 09:59:06','2022-02-10 09:59:06'),
(58,NULL,NULL,31,4,'指名 60分',NULL,120,6,1,'2022-02-10 11:13:57','2022-02-10 11:13:57'),
(59,NULL,NULL,31,4,'指名 60分',NULL,120,6,1,'2022-02-10 11:43:38','2022-02-10 11:43:38'),
(60,NULL,NULL,13,4,'指名 90分',NULL,180,6,1,'2022-02-10 11:43:45','2022-02-10 11:43:45'),
(61,NULL,NULL,31,4,'指名 30分',NULL,60,6,1,'2022-02-10 11:43:52','2022-02-10 11:43:52'),
(62,NULL,NULL,31,4,'指名 30分',NULL,72,6,1,'2022-02-10 11:59:43','2022-02-10 11:59:43'),
(63,NULL,NULL,32,4,'指名 30分',NULL,60,6,1,'2022-02-12 22:39:19','2022-02-12 22:39:19'),
(64,NULL,NULL,36,4,'指名 30分',NULL,60,6,1,'2022-02-12 22:50:48','2022-02-12 22:50:48'),
(65,NULL,NULL,37,4,'指名 30分',NULL,60,6,1,'2022-02-12 23:08:00','2022-02-12 23:08:00'),
(66,NULL,NULL,37,4,'指名 50分',NULL,100,6,1,'2022-02-12 23:11:20','2022-02-12 23:11:20'),
(67,NULL,NULL,37,4,'指名 30分',NULL,60,6,1,'2022-02-12 23:16:34','2022-02-12 23:16:34'),
(68,NULL,NULL,37,4,'指名 30分',NULL,60,6,1,'2022-02-12 23:18:30','2022-02-12 23:18:30'),
(69,NULL,NULL,33,4,'指名 30分',NULL,60,6,1,'2022-02-12 23:21:33','2022-02-12 23:21:33'),
(70,NULL,NULL,25,4,'指名 30分',NULL,60,6,1,'2022-02-12 23:38:53','2022-02-12 23:38:53'),
(71,NULL,NULL,32,4,'指名 30分',NULL,60,6,1,'2022-02-13 00:16:13','2022-02-13 00:16:13'),
(72,NULL,NULL,32,4,'指名 30分',NULL,60,6,1,'2022-02-13 00:17:44','2022-02-13 00:17:44'),
(73,NULL,NULL,37,4,'指名 30分',NULL,60,6,1,'2022-02-13 11:51:01','2022-02-13 11:51:01'),
(74,NULL,NULL,37,4,'指名 170分',NULL,340,6,1,'2022-02-13 12:20:01','2022-02-13 12:20:01'),
(75,NULL,NULL,38,4,'指名 30分',NULL,60,6,1,'2022-02-13 14:48:07','2022-02-13 14:48:07'),
(76,NULL,NULL,38,4,'指名 75分',NULL,150,6,1,'2022-02-13 14:52:16','2022-02-13 14:52:16'),
(77,NULL,NULL,38,4,'指名 30分',NULL,60,6,1,'2022-02-13 14:54:35','2022-02-13 14:54:35'),
(78,NULL,NULL,38,4,'指名 60分',NULL,120,6,1,'2022-02-14 10:17:35','2022-02-14 10:17:35'),
(79,NULL,NULL,38,4,'指名 60分',NULL,120,6,1,'2022-02-14 16:25:18','2022-02-14 16:25:18'),
(80,NULL,NULL,38,4,'指名 60分',NULL,120,6,1,'2022-02-14 19:17:09','2022-02-14 19:17:09'),
(81,NULL,NULL,38,4,'指名 30分',NULL,60,6,1,'2022-02-14 19:17:49','2022-02-14 19:17:49'),
(82,NULL,NULL,38,4,'指名 60分',NULL,120,6,1,'2022-02-15 19:22:31','2022-02-15 19:22:31'),
(83,NULL,NULL,37,4,'指名 30分',NULL,60,6,1,'2022-02-17 14:24:01','2022-02-17 14:24:01'),
(84,NULL,NULL,13,4,'指名 30分',NULL,60,6,1,'2022-02-17 15:05:45','2022-02-17 15:05:45'),
(85,NULL,NULL,13,4,'指名 30分',NULL,60,6,1,'2022-02-18 17:01:32','2022-02-18 17:01:32'),
(86,NULL,NULL,25,4,'指名 60分',NULL,120,6,1,'2022-02-20 09:42:29','2022-02-20 09:42:29'),
(87,NULL,NULL,36,4,'指名 30分',NULL,60,6,1,'2022-02-20 17:31:29','2022-02-20 17:31:29'),
(88,NULL,NULL,36,4,'指名 30分',NULL,60,6,1,'2022-02-23 13:44:54','2022-02-23 13:44:54'),
(91,NULL,NULL,43,4,'飛び込み',NULL,90,1,1,'2022-03-24 16:05:58','2022-03-24 16:05:58'),
(94,NULL,NULL,44,4,'飛び込み',NULL,90,1,2,'2022-03-24 16:06:18','2022-03-24 16:23:26'),
(95,NULL,NULL,43,4,'販促 20分',NULL,1600,2,1,'2022-03-24 16:06:46','2022-03-24 16:06:46'),
(96,NULL,NULL,45,4,'飛び込み',NULL,90,1,1,'2022-03-24 16:07:08','2022-03-24 16:07:08'),
(97,NULL,NULL,44,4,'販促 20分',NULL,1600,2,2,'2022-03-24 16:07:17','2022-03-24 16:23:28'),
(99,NULL,NULL,43,4,'飛び込み',NULL,90,1,1,'2022-03-24 16:11:24','2022-03-24 16:11:24'),
(105,NULL,NULL,43,4,'ミーティング',NULL,100,0,2,'2022-03-24 16:24:37','2022-03-24 16:24:37'),
(109,44,'2022-04-17',9,4,'タイトル１',10,5,NULL,2,'2022-04-17 16:36:14','2022-04-17 16:36:44'),
(110,50,'2022-04-18',9,4,'タイトル１',10,1,NULL,2,'2022-04-18 17:09:46','2022-04-18 17:10:27'),
(111,50,'2022-04-18',9,4,'タイトル１',10,10,NULL,2,'2022-04-18 17:09:54','2022-04-18 17:10:29'),
(112,50,'2022-04-18',9,4,'タイトル１',10,5,NULL,2,'2022-04-18 17:10:00','2022-04-18 17:10:31'),
(113,50,'2022-04-23',14,4,'お迎え',90,1,NULL,1,'2022-04-23 20:35:40','2022-04-23 20:35:40'),
(114,50,'2022-04-26',14,4,'お迎え',90,3,NULL,2,'2022-04-26 12:02:55','2022-04-26 12:03:26'),
(115,50,'2022-04-26',18,4,'販促',4,10,NULL,2,'2022-04-26 12:03:04','2022-04-26 12:03:29'),
(116,50,'2022-04-26',19,4,'次回予約件数',15,2,NULL,2,'2022-04-26 12:03:12','2022-04-26 12:03:31'),
(117,50,'2022-04-25',14,4,'お迎え',90,2,NULL,2,'2022-04-26 12:03:46','2022-04-26 12:04:19'),
(118,50,'2022-04-25',17,4,'研修講師',99,1,NULL,2,'2022-04-26 12:03:50','2022-04-26 12:04:16'),
(119,50,'2022-04-25',19,4,'次回予約件数',15,4,NULL,2,'2022-04-26 12:03:58','2022-04-26 12:04:15'),
(120,50,'2022-04-25',20,4,'延長獲得件数',15,2,NULL,2,'2022-04-26 12:04:05','2022-04-26 12:04:13'),
(122,3,'2022-05-01',17,4,'研修講師',99,1,NULL,2,'2022-05-02 00:02:44','2022-05-02 00:02:55'),
(127,50,'2022-05-10',14,4,'お迎え',90,2,NULL,2,'2022-05-10 14:25:41','2022-05-10 14:26:40'),
(128,50,'2022-05-10',18,4,'販促',4,30,NULL,2,'2022-05-10 14:25:52','2022-05-10 14:26:43'),
(131,54,'2022-05-09',14,4,'お迎え',90,1,NULL,2,'2022-05-13 11:10:45','2022-05-13 11:12:26'),
(132,54,'2022-05-09',18,4,'販促',4,10,NULL,2,'2022-05-13 11:10:52','2022-05-13 11:12:28'),
(133,54,'2022-05-13',14,4,'お迎え',90,2,NULL,2,'2022-05-13 17:26:56','2022-05-13 17:30:16'),
(134,54,'2022-05-13',18,4,'販促',4,40,NULL,2,'2022-05-13 17:27:12','2022-05-13 17:30:22'),
(135,54,'2022-05-12',14,4,'お迎え',90,1,NULL,3,'2022-05-13 17:32:11','2022-05-13 17:32:39'),
(136,54,'2022-05-12',18,4,'販促',4,10,NULL,2,'2022-05-13 17:34:29','2022-05-18 11:00:33'),
(137,25,'2022-05-13',17,4,'研修講師',99,1,NULL,3,'2022-05-13 17:45:37','2022-05-18 11:00:37'),
(139,3,'2022-05-18',17,4,'研修講師',99,1,NULL,1,'2022-05-18 00:48:14','2022-05-18 00:48:14'),
(140,3,'2022-05-18',19,4,'次回予約件数',15,9,NULL,1,'2022-05-18 00:49:48','2022-05-18 00:49:48'),
(141,3,'2022-05-18',18,4,'販促',4,1,NULL,1,'2022-05-18 00:50:47','2022-05-18 00:50:47'),
(142,3,'2022-05-18',18,4,'販促',4,9,2,1,'2022-05-18 01:01:24','2022-05-18 01:01:24'),
(144,40,'2022-06-02',19,4,'次回予約件数',15,1,1,2,'2022-06-02 22:45:04','2022-06-03 11:34:54'),
(145,42,'2022-06-03',19,4,'次回予約件数',15,4,1,2,'2022-06-03 11:23:50','2022-06-03 11:35:26'),
(148,42,'2022-06-03',17,4,'研修講師',99,4,1,2,'2022-06-03 11:24:01','2022-06-03 11:35:09'),
(149,42,'2022-06-03',14,4,'お迎え',90,2,1,2,'2022-06-03 11:24:13','2022-06-03 11:35:02'),
(152,42,'2022-06-03',21,4,'MT.研修参加',16,3,1,2,'2022-06-03 11:27:31','2022-06-03 11:34:58'),
(153,42,'2022-06-03',20,4,'延長獲得件数',15,10,1,2,'2022-06-03 11:28:02','2022-06-03 11:35:06'),
(154,3,'2022-10-14',18,4,'販促',4,10,2,3,'2022-10-14 17:39:09','2022-10-14 17:45:56'),
(155,3,'2022-10-14',19,4,'次回予約件数',15,1,1,2,'2022-10-14 17:39:20','2022-10-14 17:46:04'),
(156,3,'2022-10-14',28,4,'お迎え',90,1,1,2,'2022-10-14 17:45:35','2022-10-14 17:46:00'),
(157,3,'2022-10-17',18,4,'販促',4,60,2,2,'2022-10-17 10:37:39','2022-10-17 10:39:07'),
(158,62,'2022-10-17',18,4,'販促',4,60,2,2,'2022-10-17 10:37:44','2022-10-17 10:39:23'),
(159,62,'2022-10-17',18,4,'販促',4,40,2,3,'2022-10-17 10:38:14','2022-10-17 10:39:16');

/*Table structure for table `staff_point_settings` */

DROP TABLE IF EXISTS `staff_point_settings`;

CREATE TABLE `staff_point_settings` (
  `id` int(6) NOT NULL AUTO_INCREMENT,
  `staff_id` int(6) DEFAULT NULL,
  `setting_year` varchar(6) DEFAULT NULL,
  `setting_month` varchar(6) DEFAULT NULL,
  `menu_response` int(1) DEFAULT NULL,
  `add_rate` varchar(32) DEFAULT NULL,
  `test_rate` varchar(32) DEFAULT NULL,
  `quality_rate` varchar(32) DEFAULT NULL,
  `create_date` datetime DEFAULT NULL,
  `update_date` datetime DEFAULT NULL,
  PRIMARY KEY (`id`) USING BTREE
) ENGINE=InnoDB AUTO_INCREMENT=52 DEFAULT CHARSET=utf8 ROW_FORMAT=DYNAMIC;

/*Data for the table `staff_point_settings` */

insert  into `staff_point_settings`(`id`,`staff_id`,`setting_year`,`setting_month`,`menu_response`,`add_rate`,`test_rate`,`quality_rate`,`create_date`,`update_date`) values 
(7,13,'2021','11',2,NULL,'12','23','2021-11-08 23:25:33','2021-11-08 23:26:36'),
(8,28,'2021','11',1,NULL,'1','1','2021-11-09 15:06:21','2021-11-09 15:06:21'),
(9,40,'2021','11',1,NULL,'1','1','2021-11-09 15:24:59','2021-11-09 15:24:59'),
(10,41,'2021','11',1,NULL,NULL,'1','2021-11-10 13:47:50','2021-11-10 13:50:01'),
(11,41,'2021','12',1,NULL,NULL,NULL,'2021-11-10 13:48:05','2021-11-10 13:48:05'),
(12,41,'2022','01',1,NULL,NULL,NULL,'2021-11-10 13:48:06','2021-11-10 13:48:06'),
(13,41,'2022','02',1,NULL,NULL,NULL,'2021-11-10 13:48:07','2021-11-10 13:48:07'),
(14,41,'2022','03',1,NULL,NULL,NULL,'2021-11-10 13:48:07','2021-11-10 13:48:07'),
(15,27,'2021','11',1,NULL,NULL,NULL,'2021-11-17 10:31:59','2021-11-17 10:31:59'),
(16,42,'2021','11',1,NULL,'1','1','2021-11-17 12:16:01','2021-11-17 12:16:01'),
(17,42,'2021','12',1,NULL,'0.1',NULL,'2021-11-17 12:16:22','2021-12-02 18:38:10'),
(18,2,'2021','12',1,NULL,'0','0','2021-12-01 08:45:33','2021-12-01 08:45:33'),
(19,13,'2021','12',2,'1234','11.2','23','2021-12-02 14:55:19','2021-12-02 23:52:11'),
(20,44,'2021','12',1,NULL,'0','0','2021-12-02 18:38:46','2021-12-02 18:38:46'),
(21,40,'2021','12',1,NULL,'1','1','2021-12-04 17:51:11','2021-12-04 17:51:11'),
(22,28,'2021','12',1,'1','0.1','1','2021-12-07 17:09:28','2021-12-07 17:09:38'),
(23,40,'2022','01',1,NULL,'1','1','2021-12-10 21:02:28','2021-12-10 21:02:28'),
(24,42,'2022','01',1,NULL,'0.1',NULL,'2022-01-03 14:23:40','2022-01-03 14:23:40'),
(25,42,'2022','02',1,NULL,'0.1',NULL,'2022-01-03 14:24:13','2022-01-03 14:24:13'),
(26,44,'2022','01',1,NULL,'0','0','2022-01-07 08:44:17','2022-01-07 08:44:17'),
(27,13,'2022','01',2,'1234','11.2','23','2022-01-09 21:41:32','2022-01-09 21:41:32'),
(28,27,'2022','01',1,NULL,NULL,NULL,'2022-01-29 09:35:37','2022-01-29 09:35:37'),
(29,13,'2022','02',2,'1234','11.2','23','2022-02-02 08:38:58','2022-02-02 08:38:58'),
(30,50,'2022','02',1,'1.25','0.02',NULL,'2022-02-03 16:13:06','2022-02-03 16:16:46'),
(31,25,'2022','02',1,'0','0','0','2022-02-05 17:14:15','2022-02-05 17:14:15'),
(32,51,'2022','02',1,'0','0','0','2022-02-06 15:31:17','2022-02-06 15:31:17'),
(33,40,'2022','02',1,NULL,'1','1','2022-02-07 13:30:13','2022-02-07 13:30:13'),
(34,40,'2022','03',1,NULL,'1','1','2022-02-07 13:30:24','2022-02-07 13:30:24'),
(35,2,'2022','02',1,NULL,'0','0','2022-02-10 19:21:27','2022-02-10 19:21:27'),
(36,28,'2022','02',1,'1','0.1','1','2022-02-12 22:50:48','2022-02-12 22:50:48'),
(37,27,'2022','02',1,NULL,NULL,NULL,'2022-02-12 23:08:00','2022-02-12 23:08:00'),
(38,3,'2022','02',1,'0','0','0','2022-02-13 14:48:07','2022-02-13 14:48:07'),
(39,3,'2022','03',1,'0','0','0','2022-03-24 15:24:07','2022-03-24 15:24:07'),
(40,27,'2022','03',1,NULL,NULL,NULL,'2022-03-24 15:24:39','2022-03-24 15:24:39'),
(41,25,'2022','03',1,'0','0','0','2022-03-24 15:44:39','2022-03-24 15:44:39'),
(42,50,'2022','03',1,'1.25','0.02',NULL,'2022-03-24 16:04:42','2022-03-24 16:04:42'),
(43,44,'2022','03',1,NULL,'0','0','2022-03-24 16:04:48','2022-03-24 16:04:48'),
(44,31,'2022','03',1,'0','0','0','2022-03-24 16:06:18','2022-03-24 16:06:18'),
(45,54,'2022','03',1,'0','0','0','2022-03-24 16:07:08','2022-03-24 16:07:08'),
(46,50,'2022','04',1,'1.25','0.02',NULL,'2022-03-24 16:22:40','2022-03-24 16:22:40'),
(47,25,'2022','04',1,'0','0','0','2022-03-24 16:23:59','2022-03-24 16:23:59'),
(48,44,'2022','02',1,NULL,'0','0','2022-03-24 16:28:47','2022-03-24 16:28:47'),
(49,44,'2022','04',1,NULL,'0','0','2022-03-24 16:29:12','2022-03-24 16:29:12'),
(50,3,'2022','04',1,'0','0','0','2022-03-24 16:31:06','2022-03-24 16:31:06'),
(51,28,'2022','03',1,'1','0.1','1','2022-03-26 10:30:12','2022-03-26 10:30:12');

/*Table structure for table `staff_settings` */

DROP TABLE IF EXISTS `staff_settings`;

CREATE TABLE `staff_settings` (
  `setting_id` int(6) NOT NULL AUTO_INCREMENT,
  `staff_id` int(6) DEFAULT NULL,
  `push` int(1) DEFAULT NULL,
  `face` int(1) DEFAULT NULL,
  `position` int(1) DEFAULT NULL,
  `camera` int(1) DEFAULT NULL,
  PRIMARY KEY (`setting_id`) USING BTREE
) ENGINE=InnoDB AUTO_INCREMENT=30 DEFAULT CHARSET=utf8 ROW_FORMAT=DYNAMIC;

/*Data for the table `staff_settings` */

insert  into `staff_settings`(`setting_id`,`staff_id`,`push`,`face`,`position`,`camera`) values 
(5,2,1,1,0,0),
(6,1,1,1,NULL,NULL),
(7,5,1,1,NULL,NULL),
(8,20,1,1,NULL,NULL),
(9,22,1,1,NULL,NULL),
(10,21,1,1,NULL,NULL),
(11,19,1,1,NULL,NULL),
(12,12,1,1,NULL,NULL),
(13,14,1,1,NULL,NULL),
(14,6,1,1,NULL,NULL),
(15,7,1,1,1,1),
(16,41,1,1,0,NULL),
(17,25,1,1,NULL,NULL),
(18,26,1,1,NULL,NULL),
(19,3,1,1,0,NULL),
(20,24,1,1,NULL,NULL),
(21,31,1,1,NULL,NULL),
(22,29,1,1,NULL,NULL),
(23,42,1,1,NULL,NULL),
(24,40,1,1,NULL,NULL),
(25,28,1,1,NULL,NULL),
(26,44,1,1,NULL,NULL),
(27,11,1,1,NULL,NULL),
(28,23,1,1,NULL,NULL),
(29,8,1,1,NULL,NULL);

/*Table structure for table `staff_shift_sorts` */

DROP TABLE IF EXISTS `staff_shift_sorts`;

CREATE TABLE `staff_shift_sorts` (
  `id` bigint(6) NOT NULL AUTO_INCREMENT,
  `staff_id` bigint(6) DEFAULT NULL,
  `show_staff_id` bigint(6) DEFAULT NULL,
  `sort` int(6) DEFAULT NULL,
  `create_date` datetime DEFAULT NULL,
  `update_date` datetime DEFAULT NULL,
  PRIMARY KEY (`id`) USING BTREE
) ENGINE=InnoDB AUTO_INCREMENT=190 DEFAULT CHARSET=utf8 ROW_FORMAT=DYNAMIC;

/*Data for the table `staff_shift_sorts` */

insert  into `staff_shift_sorts`(`id`,`staff_id`,`show_staff_id`,`sort`,`create_date`,`update_date`) values 
(34,31,25,1,'2022-02-19 22:11:18','2022-05-13 18:49:14'),
(35,31,50,2,'2022-02-19 22:11:18','2022-05-13 18:49:14'),
(36,31,41,4,'2022-02-19 22:11:18','2022-05-13 18:49:14'),
(37,31,3,3,'2022-02-19 22:11:18','2022-05-13 18:49:14'),
(38,31,42,5,'2022-02-19 22:11:30','2022-05-13 18:49:14'),
(39,31,44,6,'2022-02-19 22:11:49','2022-05-13 18:49:14'),
(40,31,31,7,'2022-02-19 22:38:58','2022-05-13 18:49:14'),
(41,1,25,1,'2022-02-20 13:28:43','2022-06-20 13:03:54'),
(42,1,42,2,'2022-02-20 13:28:43','2022-06-20 13:03:54'),
(43,1,50,3,'2022-02-20 13:28:43','2022-06-20 13:03:54'),
(44,50,25,5,'2022-02-20 16:28:18','2022-12-02 13:08:41'),
(45,50,42,2,'2022-02-20 16:28:18','2022-12-02 13:08:41'),
(46,50,50,4,'2022-02-20 16:28:18','2022-05-18 11:27:07'),
(47,52,25,1,'2022-02-20 20:59:50','2022-05-20 03:02:22'),
(48,52,42,2,'2022-02-20 20:59:50','2022-05-20 03:02:22'),
(49,52,50,3,'2022-02-20 20:59:50','2022-05-20 03:02:22'),
(50,3,25,1,'2022-02-20 21:49:03','2022-06-03 17:57:03'),
(51,3,42,3,'2022-02-20 21:49:03','2022-06-03 17:57:03'),
(52,3,50,2,'2022-02-20 21:49:03','2022-06-03 17:57:03'),
(53,3,41,4,'2022-02-20 21:49:11','2022-06-03 17:57:03'),
(54,3,3,5,'2022-02-20 21:49:11','2022-06-03 17:57:03'),
(55,50,41,18,'2022-02-21 00:09:12','2022-11-22 12:22:46'),
(56,50,3,3,'2022-02-21 00:09:12','2022-12-02 12:52:09'),
(57,52,41,4,'2022-02-23 13:06:43','2022-05-20 03:02:22'),
(58,52,3,5,'2022-02-23 13:06:43','2022-05-20 03:02:22'),
(59,3,28,6,'2022-02-25 05:42:07','2022-06-03 17:57:03'),
(60,1,3,5,'2022-02-25 17:17:20','2022-06-20 13:03:54'),
(61,1,28,4,'2022-02-25 17:17:20','2022-06-20 13:03:54'),
(62,44,3,1,'2022-02-25 21:04:50','2022-04-24 14:18:10'),
(63,44,25,2,'2022-02-25 21:04:50','2022-04-24 14:18:10'),
(64,44,28,3,'2022-02-25 21:04:50','2022-04-24 14:18:10'),
(65,44,42,4,'2022-02-27 12:12:56','2022-04-24 14:18:10'),
(66,0,41,1,'2022-02-27 12:13:37','2022-02-27 12:13:37'),
(67,0,42,2,'2022-02-27 12:13:37','2022-03-04 16:14:25'),
(68,0,3,3,'2022-02-27 12:13:37','2022-02-27 12:13:37'),
(69,0,50,3,'2022-02-27 12:13:37','2022-03-04 16:14:25'),
(70,0,25,1,'2022-02-27 12:13:37','2022-03-04 16:14:25'),
(71,31,27,8,'2022-03-03 18:58:48','2022-05-13 18:49:14'),
(72,31,28,9,'2022-03-03 18:58:48','2022-05-13 18:49:14'),
(73,0,53,4,'2022-03-04 16:14:25','2022-03-04 16:14:25'),
(74,0,51,5,'2022-03-04 16:14:25','2022-03-04 16:14:25'),
(75,0,40,6,'2022-03-04 16:14:25','2022-03-04 16:14:25'),
(76,3,44,7,'2022-03-11 11:13:39','2022-06-03 17:57:03'),
(77,3,31,8,'2022-03-11 11:13:39','2022-06-03 17:57:03'),
(78,31,40,10,'2022-03-11 11:46:26','2022-05-13 18:49:14'),
(79,25,44,1,'2022-03-11 11:49:56','2022-06-03 10:45:41'),
(80,25,50,2,'2022-03-11 11:49:56','2022-06-03 10:45:41'),
(81,25,31,3,'2022-03-11 11:49:56','2022-06-03 10:45:42'),
(82,25,25,4,'2022-03-11 11:49:56','2022-06-03 10:45:42'),
(83,25,40,5,'2022-03-11 11:49:56','2022-06-03 10:45:42'),
(84,25,3,6,'2022-03-11 11:50:23','2022-06-03 10:45:42'),
(85,25,28,7,'2022-03-11 11:50:23','2022-06-03 10:45:42'),
(86,50,44,6,'2022-03-11 11:52:35','2022-05-18 11:27:07'),
(87,50,31,10,'2022-03-11 11:52:35','2022-12-02 12:52:19'),
(88,50,40,8,'2022-03-11 11:52:35','2022-05-18 11:27:07'),
(89,50,28,9,'2022-03-11 11:52:46','2022-05-18 11:27:07'),
(90,44,41,5,'2022-03-11 11:52:52','2022-04-24 14:18:10'),
(91,44,44,6,'2022-03-11 11:52:54','2022-04-24 14:18:10'),
(92,44,50,7,'2022-03-11 11:52:54','2022-04-24 14:18:10'),
(93,44,31,8,'2022-03-11 11:52:54','2022-04-24 14:18:10'),
(94,44,40,9,'2022-03-11 11:54:37','2022-04-24 14:18:10'),
(95,3,40,9,'2022-03-11 12:03:00','2022-06-03 17:57:03'),
(96,3,27,10,'2022-03-11 12:06:10','2022-06-03 17:57:03'),
(97,25,41,8,'2022-03-11 12:07:20','2022-06-03 10:45:42'),
(98,25,27,9,'2022-03-11 13:00:39','2022-06-03 10:45:42'),
(99,31,0,11,'2022-03-11 13:46:40','2022-05-13 18:49:14'),
(100,50,0,7,'2022-03-11 13:49:01','2022-05-18 11:27:07'),
(101,25,0,10,'2022-03-11 13:49:41','2022-06-03 10:45:42'),
(102,44,0,13,'2022-03-11 13:50:19','2022-04-24 14:18:10'),
(103,50,27,13,'2022-03-11 19:16:34','2022-12-02 12:52:19'),
(104,50,51,14,'2022-03-12 17:52:32','2022-05-18 11:27:07'),
(105,50,53,12,'2022-03-12 17:52:36','2022-05-18 11:27:07'),
(106,1,44,6,'2022-03-13 17:14:09','2022-06-20 13:03:54'),
(107,1,31,7,'2022-03-13 17:14:09','2022-06-20 13:03:54'),
(108,1,40,8,'2022-03-13 17:14:09','2022-06-20 13:03:54'),
(109,1,0,19,'2022-03-13 17:14:09','2023-03-23 14:49:05'),
(110,54,44,3,'2022-03-14 12:37:46','2022-04-26 20:31:25'),
(111,54,50,4,'2022-03-14 12:37:46','2022-04-26 20:31:25'),
(112,54,31,1,'2022-03-14 12:37:46','2022-04-26 20:31:25'),
(113,54,3,2,'2022-03-14 12:37:46','2022-04-26 20:31:25'),
(114,54,25,5,'2022-03-14 12:37:46','2022-04-26 20:31:25'),
(115,54,27,6,'2022-03-14 12:37:46','2022-04-26 20:31:25'),
(116,54,28,7,'2022-03-14 12:37:46','2022-04-26 20:31:25'),
(117,54,0,8,'2022-03-14 12:37:46','2022-04-26 20:31:25'),
(118,28,44,1,'2022-03-16 11:37:41','2022-03-16 11:37:41'),
(119,28,3,2,'2022-03-16 11:37:41','2022-03-16 11:37:41'),
(120,28,31,3,'2022-03-16 11:37:41','2022-03-16 11:37:41'),
(121,28,28,4,'2022-03-16 11:37:41','2022-03-16 11:37:41'),
(122,28,54,5,'2022-03-16 11:37:41','2022-03-16 11:37:41'),
(123,28,0,6,'2022-03-16 11:37:41','2022-03-16 11:37:41'),
(124,50,54,11,'2022-03-16 19:13:18','2022-05-18 11:27:07'),
(125,3,0,12,'2022-03-17 10:03:58','2022-06-03 17:57:03'),
(126,3,54,11,'2022-03-17 10:04:41','2022-06-03 17:57:03'),
(127,44,27,11,'2022-03-20 05:33:05','2022-04-24 14:18:10'),
(128,44,54,12,'2022-03-20 05:33:05','2022-04-24 14:18:10'),
(129,44,52,10,'2022-03-20 05:33:40','2022-04-24 14:18:10'),
(130,25,54,11,'2022-03-24 15:13:42','2022-06-03 10:45:42'),
(131,25,42,12,'2022-03-24 17:15:04','2022-06-03 10:45:42'),
(132,3,51,13,'2022-03-24 19:15:43','2022-06-03 17:57:03'),
(133,25,51,13,'2022-03-24 19:15:43','2022-06-03 10:45:42'),
(134,44,51,14,'2022-03-24 19:19:27','2022-04-24 14:18:10'),
(135,41,50,1,'2022-03-26 19:36:00','2022-06-04 17:06:47'),
(136,41,54,2,'2022-03-26 19:36:00','2022-06-04 17:06:47'),
(137,41,3,3,'2022-03-26 19:36:00','2022-06-04 17:06:47'),
(138,41,25,4,'2022-03-26 19:36:00','2022-06-04 17:06:47'),
(139,41,31,5,'2022-03-26 19:36:00','2022-06-04 17:06:47'),
(140,41,44,6,'2022-03-26 19:36:00','2022-06-04 17:06:47'),
(141,41,0,7,'2022-03-26 19:36:00','2022-06-04 17:06:47'),
(142,41,51,8,'2022-03-29 19:03:17','2022-06-04 17:06:47'),
(143,41,41,9,'2022-03-29 19:03:17','2022-06-04 17:06:47'),
(144,1,51,10,'2022-04-05 11:36:46','2022-06-20 13:03:54'),
(145,44,53,15,'2022-04-24 14:17:55','2022-04-24 14:18:10'),
(146,54,54,9,'2022-04-26 20:31:25','2022-04-26 20:31:25'),
(147,1,41,11,'2022-05-04 12:34:17','2022-06-20 13:03:54'),
(148,1,27,12,'2022-05-04 12:34:25','2022-06-20 13:03:54'),
(149,1,54,13,'2022-05-04 12:34:33','2022-06-20 13:03:54'),
(150,25,53,14,'2022-05-08 17:55:41','2022-06-03 10:45:42'),
(151,41,27,10,'2022-05-08 18:08:15','2022-06-04 17:06:47'),
(152,41,53,11,'2022-05-08 18:08:23','2022-06-04 17:06:47'),
(153,3,53,14,'2022-05-11 20:47:46','2022-06-03 17:57:03'),
(154,1,53,14,'2022-05-14 10:35:45','2022-06-20 13:03:54'),
(155,41,40,12,'2022-06-03 10:45:09','2022-06-04 17:06:47'),
(156,41,62,13,'2022-06-03 10:45:52','2022-06-04 17:06:47'),
(157,40,40,1,'2022-06-03 11:34:13','2022-06-03 11:35:37'),
(158,40,25,2,'2022-06-03 11:34:13','2022-06-03 11:35:37'),
(159,62,40,1,'2022-06-03 11:46:20','2022-06-03 17:52:02'),
(160,62,25,2,'2022-06-03 11:46:20','2022-06-03 17:52:02'),
(161,27,40,1,'2022-06-03 11:48:00','2022-06-03 11:52:04'),
(162,27,25,2,'2022-06-03 11:48:00','2022-06-03 11:52:04'),
(163,27,62,3,'2022-06-03 11:48:11','2022-06-03 11:52:04'),
(164,3,62,15,'2022-06-03 11:51:51','2022-06-03 17:57:03'),
(165,27,3,4,'2022-06-03 11:52:00','2022-06-03 11:52:04'),
(166,27,41,5,'2022-06-03 11:52:00','2022-06-03 11:52:04'),
(167,27,27,6,'2022-06-03 11:52:00','2022-06-03 11:52:04'),
(168,27,0,7,'2022-06-03 11:52:00','2022-06-03 11:52:04'),
(169,62,41,3,'2022-06-03 15:10:40','2022-06-03 17:52:02'),
(170,62,27,4,'2022-06-03 15:10:40','2022-06-03 17:52:02'),
(171,62,3,5,'2022-06-03 15:10:40','2022-06-03 17:52:02'),
(172,62,62,6,'2022-06-03 17:38:12','2022-06-03 17:52:02'),
(173,50,65,15,'2022-07-19 14:59:16','2022-07-19 14:59:16'),
(174,50,66,16,'2022-07-19 14:59:16','2022-07-19 14:59:16'),
(175,50,64,17,'2022-07-19 14:59:16','2022-07-19 14:59:16'),
(176,50,62,1,'2022-08-30 12:58:50','2022-11-22 12:22:46'),
(177,50,74,19,'2022-09-06 13:01:28','2022-09-06 13:01:28'),
(178,1,62,15,'2022-09-15 10:30:24','2022-09-15 10:30:24'),
(179,50,1,20,'2022-10-14 20:36:34','2022-10-14 20:36:34'),
(180,1,74,16,'2022-10-20 16:39:44','2022-10-20 16:39:44'),
(181,1,75,17,'2022-12-09 15:26:29','2022-12-09 15:26:29'),
(182,50,75,21,'2022-12-13 12:04:51','2022-12-13 12:04:51'),
(183,1,76,18,'2022-12-17 22:43:14','2022-12-17 22:43:14'),
(184,50,76,22,'2022-12-20 10:55:06','2022-12-20 10:55:06'),
(185,1,77,9,'2023-03-21 00:47:31','2023-03-23 14:49:05'),
(186,75,76,1,'2023-03-21 17:37:10','2023-03-21 17:37:10'),
(187,75,77,2,'2023-03-21 17:37:10','2023-03-21 17:37:10'),
(188,75,75,3,'2023-03-21 17:37:20','2023-03-21 17:37:20'),
(189,75,0,4,'2023-03-23 11:20:35','2023-03-23 11:20:35');

/*Table structure for table `staffs` */

DROP TABLE IF EXISTS `staffs`;

CREATE TABLE `staffs` (
  `staff_id` int(6) NOT NULL AUTO_INCREMENT,
  `company_id` int(6) DEFAULT NULL,
  `staff_qrcode` varchar(255) DEFAULT NULL,
  `staff_auth` int(1) DEFAULT NULL COMMENT '1:staff,2:boss,3,system_manager',
  `staff_nick` varchar(128) DEFAULT NULL,
  `staff_first_name` varchar(32) DEFAULT NULL,
  `staff_last_name` varchar(32) DEFAULT NULL,
  `staff_tel` varchar(32) DEFAULT NULL,
  `staff_mail` varchar(64) DEFAULT NULL,
  `staff_sex` int(1) DEFAULT NULL,
  `staff_password` varchar(255) DEFAULT NULL,
  `staff_entering_date` varchar(10) DEFAULT NULL,
  `staff_grade_level` varchar(1) DEFAULT NULL,
  `staff_national_level` varchar(1) DEFAULT NULL,
  `staff_birthday` date DEFAULT NULL,
  `staff_belongs` varchar(32) DEFAULT NULL,
  `staff_salary_months` varchar(32) DEFAULT NULL,
  `staff_salary_days` varchar(32) DEFAULT NULL,
  `staff_salary_minutes` varchar(32) DEFAULT NULL,
  `staff_salary_times` varchar(32) DEFAULT NULL,
  `staff_image` varchar(255) DEFAULT NULL,
  `staff_test_additional_rate` varchar(10) DEFAULT NULL,
  `staff_quality_additional_rate` varchar(10) DEFAULT NULL,
  `staff_shift` varchar(255) DEFAULT NULL,
  `staff_comment` blob DEFAULT NULL,
  `table_position` int(5) DEFAULT NULL,
  `is_push` int(1) DEFAULT NULL,
  `menu_response` varchar(1) DEFAULT NULL,
  `add_rate` varchar(10) DEFAULT NULL,
  `test_rate` varchar(10) DEFAULT NULL,
  `quality_rate` varchar(10) DEFAULT NULL,
  `visible` int(1) DEFAULT NULL,
  `sort_no` bigint(6) DEFAULT NULL,
  `create_date` datetime DEFAULT NULL,
  `update_date` datetime DEFAULT NULL,
  PRIMARY KEY (`staff_id`)
) ENGINE=InnoDB AUTO_INCREMENT=81 DEFAULT CHARSET=utf8 ROW_FORMAT=DYNAMIC;

/*Data for the table `staffs` */

insert  into `staffs`(`staff_id`,`company_id`,`staff_qrcode`,`staff_auth`,`staff_nick`,`staff_first_name`,`staff_last_name`,`staff_tel`,`staff_mail`,`staff_sex`,`staff_password`,`staff_entering_date`,`staff_grade_level`,`staff_national_level`,`staff_birthday`,`staff_belongs`,`staff_salary_months`,`staff_salary_days`,`staff_salary_minutes`,`staff_salary_times`,`staff_image`,`staff_test_additional_rate`,`staff_quality_additional_rate`,`staff_shift`,`staff_comment`,`table_position`,`is_push`,`menu_response`,`add_rate`,`test_rate`,`quality_rate`,`visible`,`sort_no`,`create_date`,`update_date`) values 
(1,NULL,NULL,5,'システム管理者','勝本','秀夫','000','admin@example.com',1,'2b7b330653a3237310fc19ac0229d80e1cd863a5','2023-04',NULL,NULL,'1990-10-17',NULL,NULL,NULL,NULL,NULL,'avatar-20210816230838.jpg',NULL,NULL,'9999','',NULL,1,NULL,NULL,NULL,NULL,1,1,'2021-08-16 23:06:59','2023-04-25 14:38:00'),
(2,1,NULL,4,'こーた','粕谷','洸太','09059880327','1031kota0327@gmail.com',1,'8cb2237d0679ca88db6464eac60da96345513964','2022-05',NULL,NULL,'1989-03-27',NULL,NULL,NULL,NULL,NULL,NULL,NULL,NULL,'0','',NULL,NULL,NULL,NULL,NULL,NULL,1,2,'2021-08-25 01:16:27','2022-05-28 17:10:42'),
(3,2,NULL,3,NULL,'後藤','店長','111','ystg510@gmail.com',1,'8cb2237d0679ca88db6464eac60da96345513964','2021-12',NULL,NULL,'1980-07-22',NULL,NULL,NULL,NULL,NULL,'avator-20211213223709043834.jpg',NULL,NULL,'60','',NULL,NULL,NULL,NULL,NULL,NULL,1,3,'2021-08-25 01:17:42','2023-03-22 12:28:01'),
(4,3,NULL,4,'藤岡','藤岡','室長','1111','fujioka2@ascente.co.jp',1,'8cb2237d0679ca88db6464eac60da96345513964',NULL,NULL,NULL,'2021-08-25',NULL,NULL,NULL,NULL,NULL,NULL,NULL,NULL,NULL,NULL,NULL,NULL,NULL,NULL,NULL,NULL,1,30,'2021-08-25 01:18:52','2023-03-22 11:38:42'),
(5,4,NULL,4,'Ryo','山下','亮','222','company3@example.com',1,'8cb2237d0679ca88db6464eac60da96345513964','2022-03',NULL,NULL,'2021-08-25',NULL,NULL,NULL,NULL,NULL,NULL,NULL,NULL,'0','',NULL,NULL,NULL,NULL,NULL,NULL,1,5,'2021-08-25 01:19:55','2023-03-22 11:12:28'),
(8,1,NULL,1,'めい','めい','めい','09022222222','bunbukutyagama0116@gmail.com',2,'8cb2237d0679ca88db6464eac60da96345513964',NULL,NULL,NULL,'1997-01-26',NULL,NULL,NULL,NULL,NULL,NULL,NULL,NULL,' 25',NULL,NULL,NULL,NULL,NULL,NULL,NULL,1,8,'2021-08-25 16:03:55','2022-02-25 16:40:35'),
(9,1,NULL,4,'しょうへい','鳴海','翔平','08060919970','nrm_212@icloud.com',1,'8cb2237d0679ca88db6464eac60da96345513964','2022-05',NULL,NULL,'2001-08-01',NULL,NULL,NULL,NULL,NULL,NULL,NULL,NULL,'0','',NULL,NULL,NULL,NULL,NULL,NULL,1,61,'2021-08-30 02:06:08','2023-04-23 21:55:27'),
(11,1,NULL,1,'しゅう','田辺','りな','09016470586','shu@gmail.com',2,'8cb2237d0679ca88db6464eac60da96345513964',NULL,NULL,NULL,'1992-12-26',NULL,NULL,NULL,NULL,NULL,NULL,NULL,NULL,NULL,NULL,NULL,NULL,NULL,NULL,NULL,NULL,1,11,'2021-08-30 09:45:27','2021-11-08 19:06:33'),
(12,1,NULL,1,'りなてぃ','伊深','里菜','09068762263','a@gmail.com',2,'8cb2237d0679ca88db6464eac60da96345513964',NULL,NULL,NULL,'1996-09-21',NULL,NULL,NULL,NULL,NULL,NULL,NULL,NULL,NULL,NULL,NULL,NULL,NULL,NULL,NULL,NULL,1,12,'2021-08-31 19:47:45','2021-11-08 19:07:01'),
(13,1,NULL,1,'ありお','加藤','亜衣梨','08055877458','newsnewsnews_0704xx@ezweb.ne.jp',2,'8cb2237d0679ca88db6464eac60da96345513964',NULL,NULL,NULL,'1995-05-08',NULL,NULL,NULL,NULL,NULL,NULL,NULL,NULL,'37',NULL,NULL,NULL,NULL,NULL,NULL,NULL,1,13,'2021-08-31 19:49:03','2021-11-27 23:22:51'),
(14,1,NULL,1,'はる','池田','遥香','09050775554','ab@gmail.com',2,'8cb2237d0679ca88db6464eac60da96345513964',NULL,NULL,NULL,'1997-03-22',NULL,NULL,NULL,NULL,NULL,NULL,NULL,NULL,'46',NULL,NULL,NULL,NULL,NULL,NULL,NULL,1,14,'2021-08-31 19:50:28','2021-11-15 14:17:09'),
(15,1,NULL,1,'やもり','家守','柚奈','09086316379','d@gmail.com',2,'8cb2237d0679ca88db6464eac60da96345513964',NULL,NULL,NULL,'1994-06-03',NULL,NULL,NULL,NULL,NULL,NULL,NULL,NULL,NULL,NULL,NULL,NULL,NULL,NULL,NULL,NULL,1,15,'2021-08-31 19:51:23','2021-11-08 19:06:51'),
(16,1,NULL,1,'ゆとり','中村','琴美','09076420805','ade@gmail.com',1,'8cb2237d0679ca88db6464eac60da96345513964',NULL,NULL,NULL,'2000-08-05',NULL,NULL,NULL,NULL,NULL,NULL,NULL,NULL,NULL,NULL,NULL,NULL,NULL,NULL,NULL,NULL,1,16,'2021-08-31 19:52:04','2021-11-08 19:06:56'),
(17,1,NULL,1,'えま','近藤','優希','08040400105','dm@gmail.com',2,'8cb2237d0679ca88db6464eac60da96345513964',NULL,NULL,NULL,'1999-10-23',NULL,NULL,NULL,NULL,NULL,NULL,NULL,NULL,NULL,NULL,NULL,NULL,NULL,NULL,NULL,NULL,1,17,'2021-08-31 19:52:53','2021-11-08 19:06:28'),
(18,1,NULL,1,'りん','福井','杏奈','07020056804','jm@gmail.com',2,'8cb2237d0679ca88db6464eac60da96345513964',NULL,NULL,NULL,'1996-08-25',NULL,NULL,NULL,NULL,NULL,NULL,NULL,NULL,NULL,NULL,NULL,NULL,NULL,NULL,NULL,NULL,1,18,'2021-08-31 19:53:31','2021-11-08 19:07:08'),
(19,4,NULL,2,'SAYAKA','宮嶋','さやか','09029462769','sayacmluvpoyoxoxo@gmail.com',2,'8cb2237d0679ca88db6464eac60da96345513964','2022-08',NULL,NULL,'1995-10-01',NULL,'150000',NULL,NULL,NULL,NULL,NULL,NULL,'0','',NULL,NULL,NULL,NULL,NULL,NULL,1,19,'2021-09-03 23:26:26','2023-03-22 12:26:30'),
(20,4,NULL,1,'Yuya','北川','雄也','09039328150','fancyboy-yuya0815@i.softbank.jp',1,'a57ba5a8d0e3fd848b27b285f0cc8bb827dba3b1',NULL,NULL,NULL,'1995-08-15',NULL,'150000',NULL,NULL,NULL,NULL,NULL,NULL,NULL,NULL,NULL,NULL,NULL,NULL,NULL,NULL,1,20,'2021-09-03 23:42:36','2021-09-04 01:11:06'),
(21,4,NULL,3,'AI','山下','藍','09066448021','aichapi1208@gmail.com',2,'8cb2237d0679ca88db6464eac60da96345513964','2022-03',NULL,NULL,'1996-02-01',NULL,NULL,NULL,NULL,NULL,NULL,NULL,NULL,'0','',NULL,NULL,NULL,NULL,NULL,NULL,1,21,'2021-09-03 23:53:36','2022-08-01 22:19:42'),
(22,4,NULL,2,'AKIRA','山下','昭','09034454173','aki020311ra@ezweb.ne.jp',1,'03908a0dd6f47a8fbde31d69cac9b870d05b9583','2022-08',NULL,NULL,'1970-06-07',NULL,NULL,NULL,NULL,NULL,NULL,NULL,NULL,'40','',NULL,NULL,NULL,NULL,NULL,NULL,1,22,'2021-09-03 23:55:41','2023-03-22 12:26:55'),
(23,3,NULL,1,NULL,'高橋','店長','000','jirowyjirowy@gmail.com',1,'8cb2237d0679ca88db6464eac60da96345513964',NULL,NULL,NULL,'2021-09-17',NULL,NULL,NULL,NULL,NULL,NULL,NULL,NULL,NULL,NULL,NULL,NULL,NULL,NULL,NULL,NULL,1,23,'2021-09-17 10:53:57','2021-09-23 15:16:24'),
(24,3,NULL,2,'竹中','竹中','店長','000','harunoharutan@gmail.com',1,'8cb2237d0679ca88db6464eac60da96345513964','2021-12',NULL,NULL,'2021-09-17',NULL,NULL,NULL,NULL,NULL,NULL,NULL,NULL,NULL,NULL,NULL,NULL,NULL,NULL,NULL,NULL,1,24,'2021-09-17 10:55:50','2021-12-11 12:12:47'),
(25,2,NULL,3,NULL,'斎藤','統轄','000','whitevenus_healing_1206@Yahoo.co.jp',1,'8cb2237d0679ca88db6464eac60da96345513964','2022-01',NULL,NULL,'1982-10-15',NULL,NULL,NULL,NULL,NULL,NULL,NULL,NULL,'50','',NULL,NULL,'1',NULL,NULL,NULL,1,79,'2021-09-17 11:05:44','2023-03-22 11:17:04'),
(26,3,NULL,2,NULL,'後藤','マネージャ','000','ashp5833@gmail.com',1,'8cb2237d0679ca88db6464eac60da96345513964',NULL,NULL,NULL,'1980-07-22',NULL,NULL,NULL,NULL,NULL,NULL,NULL,NULL,NULL,NULL,NULL,NULL,NULL,NULL,NULL,NULL,1,26,'2021-09-17 11:07:03','2021-09-23 16:51:47'),
(27,2,NULL,2,NULL,'久保田','店長','09070238622','ychuantian59@gmail.com',1,'8cb2237d0679ca88db6464eac60da96345513964','2022-02',NULL,NULL,'1984-06-03',NULL,NULL,NULL,NULL,NULL,NULL,NULL,NULL,'50','',NULL,NULL,NULL,NULL,NULL,NULL,1,27,'2021-09-17 11:07:42','2022-07-04 16:28:58'),
(28,2,NULL,2,NULL,'五島','店長','00021330080','mg5p.rin@gmail.com',1,'8cb2237d0679ca88db6464eac60da96345513964','2022-02','2',NULL,'1974-01-28',NULL,NULL,NULL,NULL,NULL,NULL,NULL,NULL,'70','',NULL,NULL,NULL,NULL,NULL,NULL,1,28,'2021-09-17 11:08:58','2022-08-25 13:13:31'),
(29,3,NULL,2,NULL,'瀧下','店長','000','rice10gohan@gmail.com',2,'8cb2237d0679ca88db6464eac60da96345513964',NULL,NULL,NULL,'1987-01-11',NULL,NULL,NULL,NULL,NULL,NULL,NULL,NULL,NULL,NULL,NULL,NULL,NULL,NULL,NULL,NULL,1,29,'2021-09-17 11:11:44','2021-09-23 15:17:06'),
(30,3,NULL,4,NULL,'関根','社長','000','sekine.ascente2@i.softbank.jp',1,'8cb2237d0679ca88db6464eac60da96345513964',NULL,NULL,NULL,'2021-09-19',NULL,NULL,NULL,NULL,NULL,NULL,NULL,NULL,NULL,NULL,NULL,NULL,NULL,NULL,NULL,NULL,1,4,'2021-09-19 12:51:51','2023-03-22 11:38:30'),
(31,2,NULL,4,'藤岡','藤岡','室長','000','fujioka@ascente.co.jp',1,'8cb2237d0679ca88db6464eac60da96345513964','2022-01',NULL,NULL,'2021-09-19',NULL,NULL,NULL,NULL,NULL,NULL,NULL,NULL,'60','アピールアピールアピールアピールアピールアピールアピールアピールアピールアピールアピールアピール',NULL,1,NULL,NULL,NULL,NULL,1,31,'2021-09-19 12:54:45','2022-12-13 12:23:58'),
(32,3,NULL,1,'しのぶ','伊佐地','しのぶ','09063329305','double-joker.0704@ezweb.ne.jp',2,'8cb2237d0679ca88db6464eac60da96345513964',NULL,NULL,NULL,'1985-07-04',NULL,NULL,NULL,NULL,NULL,NULL,NULL,NULL,NULL,NULL,NULL,NULL,NULL,NULL,NULL,NULL,1,32,'2021-09-22 20:47:34','2021-09-23 16:15:56'),
(33,3,NULL,1,'やまだい','山野','大輔','080','@ezweb.co.jp',1,'8cb2237d0679ca88db6464eac60da96345513964',NULL,NULL,NULL,'1972-09-08',NULL,NULL,NULL,NULL,NULL,NULL,NULL,NULL,NULL,NULL,NULL,NULL,NULL,NULL,NULL,NULL,1,33,'2021-09-22 20:55:13','2021-09-22 20:55:13'),
(34,3,NULL,1,'asm','池田','あさみ','090','asm@gmail.com',2,'8cb2237d0679ca88db6464eac60da96345513964',NULL,NULL,NULL,'1975-03-23',NULL,NULL,NULL,NULL,NULL,NULL,NULL,NULL,NULL,NULL,NULL,NULL,NULL,NULL,NULL,NULL,1,34,'2021-09-22 20:56:52','2021-09-22 20:56:52'),
(35,3,NULL,1,'たにしげ','谷田','繁','090','shige@gmail.com',1,'8cb2237d0679ca88db6464eac60da96345513964',NULL,NULL,NULL,'1970-07-29',NULL,NULL,NULL,NULL,NULL,NULL,NULL,NULL,NULL,NULL,NULL,NULL,NULL,NULL,NULL,NULL,1,35,'2021-09-22 20:58:55','2021-09-22 20:58:55'),
(36,3,NULL,1,'まちこ','小林','眞智子','090','@ezweb.ne.jp',2,'8cb2237d0679ca88db6464eac60da96345513964',NULL,NULL,NULL,'1970-05-31',NULL,NULL,NULL,NULL,NULL,NULL,NULL,NULL,NULL,NULL,NULL,NULL,NULL,NULL,NULL,NULL,1,36,'2021-09-22 21:00:17','2021-09-23 15:16:34'),
(37,3,NULL,1,'さきの','杉野','早紀','080','s@gmail.com',2,'8cb2237d0679ca88db6464eac60da96345513964',NULL,NULL,NULL,'1991-05-27',NULL,NULL,NULL,NULL,NULL,NULL,NULL,NULL,NULL,NULL,NULL,NULL,NULL,NULL,NULL,NULL,1,37,'2021-09-22 21:02:32','2021-09-22 21:02:32'),
(38,3,NULL,1,'さとう','佐藤','隼人','080','sh@gmail.com',1,'8cb2237d0679ca88db6464eac60da96345513964',NULL,NULL,NULL,'1997-02-07',NULL,NULL,NULL,NULL,NULL,NULL,NULL,NULL,NULL,NULL,NULL,NULL,NULL,NULL,NULL,NULL,1,38,'2021-09-22 21:03:53','2021-09-22 21:04:04'),
(39,3,NULL,1,'ゆりえ','中村','百合枝','080','yn@gmail.com',2,'8cb2237d0679ca88db6464eac60da96345513964',NULL,NULL,NULL,'1972-02-04',NULL,NULL,NULL,NULL,NULL,NULL,NULL,NULL,NULL,NULL,NULL,NULL,NULL,NULL,NULL,NULL,1,39,'2021-09-22 21:05:45','2021-09-23 15:16:53'),
(40,2,NULL,2,'たき☆','瀧下','店長','08039818790','takishita@ascreate.jp',2,'8cb2237d0679ca88db6464eac60da96345513964','2013-08',NULL,NULL,'1987-01-11',NULL,NULL,NULL,NULL,NULL,'avator-20211210210528705720.jpg',NULL,NULL,'50','',NULL,NULL,NULL,NULL,NULL,NULL,1,40,'2021-09-23 02:56:34','2022-08-30 12:43:17'),
(41,2,NULL,2,'安井','安井','店長','000','k49angelo@docomo.ne.jp',2,'8cb2237d0679ca88db6464eac60da96345513964','2021-12',NULL,NULL,'1981-04-09',NULL,NULL,NULL,NULL,NULL,'avator-20211217101321809731.jpg',NULL,NULL,'50','',NULL,NULL,NULL,NULL,NULL,NULL,1,41,'2021-09-25 15:10:25','2022-08-30 12:38:51'),
(42,2,NULL,2,'たけなか','竹中','店長','000','takenaka@ascreate.jp',1,'8cb2237d0679ca88db6464eac60da96345513964','2021-12',NULL,NULL,'2021-10-08',NULL,NULL,NULL,NULL,NULL,NULL,NULL,NULL,'50','',NULL,NULL,NULL,NULL,NULL,NULL,1,42,'2021-10-08 11:51:21','2022-09-06 12:20:47'),
(43,1,NULL,1,'test','test','test','000','test@test.com',1,'8cb2237d0679ca88db6464eac60da96345513964',NULL,NULL,NULL,'2021-10-28',NULL,NULL,NULL,NULL,NULL,NULL,NULL,NULL,NULL,NULL,NULL,NULL,NULL,NULL,NULL,NULL,1,43,'2021-10-28 16:01:25','2021-10-28 16:01:25'),
(44,2,NULL,4,'せきね','関根','社長','000','sekine.ascente@i.softbank.jp',1,'8cb2237d0679ca88db6464eac60da96345513964','2021-12',NULL,NULL,'2021-11-07',NULL,'100000',NULL,NULL,NULL,NULL,NULL,NULL,'55','',NULL,NULL,NULL,NULL,NULL,NULL,1,44,'2021-11-07 16:23:50','2022-04-17 14:00:56'),
(45,0,NULL,1,NULL,NULL,NULL,NULL,NULL,NULL,'8cb2237d0679ca88db6464eac60da96345513964',NULL,NULL,NULL,NULL,NULL,NULL,NULL,NULL,NULL,NULL,NULL,NULL,NULL,NULL,NULL,NULL,NULL,NULL,NULL,NULL,1,45,'2021-11-08 13:22:42','2021-11-08 13:22:42'),
(46,1,NULL,0,'Guest','123','123','123456','guest01@sample.com',1,'8cb2237d0679ca88db6464eac60da96345513964',NULL,NULL,NULL,'2021-11-13',NULL,NULL,NULL,NULL,NULL,NULL,NULL,NULL,'40',NULL,5,NULL,NULL,NULL,NULL,NULL,1,46,'2021-11-13 19:18:33','2021-11-13 19:18:33'),
(47,1,NULL,1,'はむち','？？','かほ','000','hamuchi@hamuchi.com',2,'8cb2237d0679ca88db6464eac60da96345513964',NULL,NULL,NULL,'2021-11-29',NULL,NULL,NULL,NULL,NULL,NULL,NULL,NULL,'1',NULL,NULL,NULL,NULL,NULL,NULL,NULL,1,47,'2021-11-29 18:52:21','2021-11-29 18:52:21'),
(48,1,NULL,4,'ケビン','佐藤','オーナー','000','kevin0700@icloud.com',1,'8cb2237d0679ca88db6464eac60da96345513964','2021-12',NULL,NULL,'1988-05-09',NULL,NULL,NULL,NULL,NULL,'avator-20220924003824033037.jpg',NULL,NULL,'0','',NULL,NULL,NULL,NULL,NULL,NULL,1,48,'2021-12-01 21:52:44','2022-09-24 00:38:29'),
(49,3,NULL,2,'たけなか','竹中','店長','000','takenaka2@ascente.co.jp',1,'8cb2237d0679ca88db6464eac60da96345513964','2021-12',NULL,NULL,'2021-12-11',NULL,NULL,NULL,NULL,NULL,NULL,NULL,NULL,NULL,NULL,NULL,NULL,NULL,NULL,NULL,NULL,1,49,'2021-12-11 12:10:16','2021-12-11 12:20:51'),
(50,2,NULL,4,'専務','山田','晃義','000','yamada@ascente.co.jp',1,'8cb2237d0679ca88db6464eac60da96345513964','2022-01',NULL,NULL,'1971-02-03',NULL,NULL,NULL,NULL,NULL,NULL,NULL,NULL,'45','う',NULL,1,'2',NULL,NULL,NULL,1,50,'2022-01-28 12:39:08','2022-05-13 16:27:20'),
(51,2,NULL,1,'うだか','宇高','さん','000','udaka@ascente.co.jp',1,'8cb2237d0679ca88db6464eac60da96345513964','2022-01',NULL,NULL,'2022-01-31',NULL,NULL,NULL,NULL,NULL,NULL,NULL,NULL,'50','',NULL,NULL,NULL,NULL,NULL,NULL,1,51,'2022-01-31 22:12:06','2022-04-19 17:27:26'),
(52,2,NULL,3,'デキタ','渡邉','友啓','000','nyaos@hotmail.com',1,'8cb2237d0679ca88db6464eac60da96345513964','2022-02',NULL,NULL,'2022-02-20',NULL,NULL,NULL,NULL,NULL,NULL,NULL,NULL,'0',NULL,NULL,NULL,NULL,NULL,NULL,NULL,1,52,'2022-02-20 20:50:31','2022-02-20 20:50:31'),
(53,2,NULL,3,NULL,'鶴喰','亜実','09090440439','a3244@i.SoftBank.jp',2,'8cb2237d0679ca88db6464eac60da96345513964','2022-02',NULL,NULL,'1989-11-29',NULL,NULL,'4775',NULL,NULL,NULL,NULL,NULL,'20','私は天才です',NULL,NULL,NULL,NULL,NULL,NULL,1,53,'2022-02-24 14:53:23','2022-03-08 23:29:13'),
(54,2,NULL,1,NULL,'山田','スタッフ','1111','yamada2@ascente.co.jp',1,'8cb2237d0679ca88db6464eac60da96345513964','2022-03',NULL,NULL,'2022-03-14',NULL,'100000',NULL,NULL,NULL,NULL,NULL,NULL,'35','スタッフの山田です。51歳。年齢だけで経験はありません。でもやる気だけは誰にも負けません。力で行きます。強く押して欲しい方は是非指名ください。',NULL,NULL,'3','5',NULL,NULL,1,54,'2022-03-14 12:04:25','2022-05-14 09:17:04'),
(55,4,NULL,1,'ゆきち','坂本','裕美','09065930855','aceyukichi.ao@i.softbank.jp',2,'8cb2237d0679ca88db6464eac60da96345513964','2022-02',NULL,NULL,'1993-06-12',NULL,NULL,NULL,'5','3500',NULL,NULL,NULL,'3','',NULL,NULL,NULL,NULL,NULL,NULL,1,55,'2022-04-09 13:48:40','2022-04-09 13:51:32'),
(56,4,NULL,1,'azusa','三輪','梓咲','09017281058','azunchu-58@i.softbank.jp',2,'8cb2237d0679ca88db6464eac60da96345513964','2020-03',NULL,NULL,'1998-05-08',NULL,NULL,NULL,'5','1500',NULL,NULL,NULL,'75','',NULL,NULL,NULL,NULL,NULL,NULL,1,56,'2022-04-09 13:57:46','2022-04-09 13:57:46'),
(58,1,NULL,2,'ゆーや','ゆ','や','000','y.n07210612@gmail.com',1,'8cb2237d0679ca88db6464eac60da96345513964','2022-05',NULL,NULL,'2022-05-22',NULL,NULL,NULL,NULL,NULL,NULL,NULL,NULL,'0','',NULL,NULL,NULL,NULL,NULL,NULL,1,58,'2022-05-22 12:40:47','2022-05-29 20:25:37'),
(59,1,NULL,4,'なお','野口','直哉','000','tptptptptptptp0628@gmail.com',1,'8cb2237d0679ca88db6464eac60da96345513964','2022-05',NULL,NULL,'2022-06-28',NULL,NULL,NULL,NULL,NULL,NULL,NULL,NULL,'0','',NULL,NULL,NULL,NULL,NULL,NULL,1,59,'2022-05-28 10:21:59','2022-10-09 23:10:20'),
(60,1,NULL,4,'ヒロノリ','近藤','広徳','000','eureka.7@hotmail.co.jp',1,'8cb2237d0679ca88db6464eac60da96345513964','2022-05',NULL,NULL,'2022-05-28',NULL,NULL,NULL,NULL,NULL,NULL,NULL,NULL,'0','',NULL,NULL,NULL,NULL,NULL,NULL,1,60,'2022-05-28 10:25:07','2022-10-09 23:26:54'),
(61,1,NULL,4,'あかお','赤尾','貴大','000','kesigomunokado1101@gmail.com',1,'8cb2237d0679ca88db6464eac60da96345513964','2022-05',NULL,NULL,'2022-05-28',NULL,NULL,NULL,NULL,NULL,NULL,NULL,NULL,'0','',NULL,NULL,NULL,NULL,NULL,NULL,1,9,'2022-05-28 10:27:01','2023-03-22 11:43:11'),
(62,2,NULL,2,NULL,'高橋','ジロー','09012345678','takahashi@ascreate.jp',1,'8cb2237d0679ca88db6464eac60da96345513964','2022-05',NULL,NULL,'2022-05-31',NULL,NULL,NULL,NULL,NULL,NULL,NULL,NULL,'50','',NULL,NULL,NULL,NULL,NULL,NULL,1,62,'2022-05-31 14:26:40','2022-06-03 11:29:29'),
(63,1,NULL,4,'けんさく','たかはし','ひろゆき','08018744422','noid.1001@icloud.com',1,'8cb2237d0679ca88db6464eac60da96345513964','2022-06',NULL,NULL,'1983-04-19',NULL,NULL,NULL,NULL,NULL,'avator-20220903232646718018.jpg',NULL,NULL,'0','',NULL,NULL,NULL,NULL,NULL,NULL,1,63,'2022-06-05 21:14:04','2023-04-23 21:45:53'),
(64,2,NULL,1,'川野','川野','哲史','090 2137 6033','s31040701@gmail.com',1,'8cb2237d0679ca88db6464eac60da96345513964','2022-07',NULL,NULL,'2022-07-04',NULL,NULL,NULL,NULL,NULL,NULL,NULL,NULL,'50','',NULL,NULL,NULL,NULL,NULL,NULL,1,64,'2022-07-04 15:24:23','2022-07-04 15:24:23'),
(65,2,NULL,2,'三井','三井','紀子','08033339999','nino3-tego3.mino517@ezweb.ne.jp',2,'8cb2237d0679ca88db6464eac60da96345513964','2022-07',NULL,NULL,'2022-07-04',NULL,NULL,NULL,NULL,NULL,NULL,NULL,NULL,'40','',NULL,NULL,NULL,NULL,NULL,NULL,1,65,'2022-07-04 15:25:56','2022-07-04 15:25:56'),
(66,2,NULL,1,'橋本','橋本','大志','09011112222','hasitai19991231@gmail.com',1,'8cb2237d0679ca88db6464eac60da96345513964','2022-07',NULL,NULL,'2022-07-04',NULL,NULL,NULL,NULL,NULL,NULL,NULL,NULL,'60','',NULL,NULL,NULL,NULL,NULL,NULL,1,66,'2022-07-04 15:27:30','2022-07-04 15:27:30'),
(67,2,NULL,1,'外山','外山','哲也','08022223333','te1970@ezweb.ne.jp',1,'8cb2237d0679ca88db6464eac60da96345513964','2022-07',NULL,NULL,'2022-07-04',NULL,NULL,NULL,NULL,NULL,NULL,NULL,NULL,'40','',NULL,NULL,NULL,NULL,NULL,NULL,1,67,'2022-07-04 15:28:28','2022-07-04 15:28:28'),
(68,2,NULL,1,'西村','西村','浩介','09011113333','tooo2too@yahoo.co.jp',1,'8cb2237d0679ca88db6464eac60da96345513964','2022-07',NULL,NULL,'2022-07-04',NULL,NULL,NULL,NULL,NULL,NULL,NULL,NULL,'30','',NULL,NULL,NULL,NULL,NULL,NULL,1,68,'2022-07-04 15:29:35','2022-07-04 15:29:35'),
(69,2,NULL,1,'谷口','谷口','雄基','08066667777','gottsu.52@docomo.ne.jp',1,'8cb2237d0679ca88db6464eac60da96345513964','2022-07',NULL,NULL,'2022-07-04',NULL,NULL,NULL,NULL,NULL,NULL,NULL,NULL,'40','',NULL,NULL,NULL,NULL,NULL,NULL,1,69,'2022-07-04 15:31:45','2022-07-04 15:31:45'),
(70,2,NULL,1,'齋藤智子','齋藤','智子','09060909069','dolce_g0@yahoo.co.jp',2,'8cb2237d0679ca88db6464eac60da96345513964','2022-07',NULL,NULL,'1986-11-24',NULL,NULL,NULL,NULL,NULL,NULL,NULL,NULL,'28','',NULL,NULL,NULL,NULL,NULL,NULL,1,70,'2022-07-15 19:43:29','2023-03-22 12:28:10'),
(71,2,NULL,1,'佐藤','佐藤','美菜','08051049494','sato37.929@icloud.com',2,'8cb2237d0679ca88db6464eac60da96345513964','2022-07',NULL,NULL,'2022-07-17',NULL,NULL,NULL,NULL,NULL,NULL,NULL,NULL,'20','',NULL,NULL,NULL,NULL,NULL,NULL,1,71,'2022-07-17 11:50:33','2022-07-17 11:50:33'),
(72,2,NULL,1,'宮部','宮部','有里子','09064676345','yuriko.mail@i.softbank.jp',2,'870f1bf229da5eb26e5e5a7c1d69d9451fa7906a','2022-07',NULL,NULL,'1981-11-14',NULL,NULL,NULL,NULL,NULL,NULL,NULL,NULL,'45','',NULL,NULL,NULL,NULL,NULL,NULL,1,72,'2022-07-17 11:55:48','2022-07-17 12:24:10'),
(73,2,NULL,1,'鈴木','鈴木','智子','09012337160','tomokaturyo9260@gmail.com',2,'8cb2237d0679ca88db6464eac60da96345513964','2022-07',NULL,NULL,'1974-07-16',NULL,NULL,NULL,NULL,NULL,NULL,NULL,NULL,'20','',NULL,NULL,NULL,NULL,NULL,NULL,1,73,'2022-07-19 11:37:39','2022-07-19 14:55:21'),
(74,2,NULL,1,'Tester','Test','Developer','0000000000','playbody2021@gmail.com',1,'8cb2237d0679ca88db6464eac60da96345513964','2022-09',NULL,NULL,'1990-12-06',NULL,NULL,NULL,NULL,NULL,NULL,NULL,NULL,'40','',NULL,NULL,NULL,NULL,NULL,NULL,1,74,'2022-09-02 01:29:03','2022-12-19 11:43:48'),
(75,2,NULL,4,NULL,'西尾','マネ','000','a@a.com',1,'6216f8a75fd5bb3d5f22b6f9958cdede3fc086c2','2022-12',NULL,NULL,'2022-12-03',NULL,NULL,NULL,NULL,NULL,NULL,NULL,NULL,'11','',NULL,NULL,NULL,NULL,NULL,NULL,1,75,'2022-12-03 00:19:21','2023-03-25 12:29:24'),
(76,2,NULL,1,NULL,'西尾','スタッフ','00000','b@a.com',1,'8cb2237d0679ca88db6464eac60da96345513964','2022-12',NULL,NULL,'2022-12-17',NULL,NULL,NULL,NULL,NULL,NULL,NULL,NULL,'160','',NULL,NULL,'1',NULL,NULL,NULL,1,76,'2022-12-17 13:28:35','2023-04-26 10:28:02'),
(77,2,NULL,1,'foxsoft0703','Fox','Tester','123456789','foxsoft1019@gmail.com',2,'ada88d28b98a462abc07e0eda5e087838d6dc954','2023-02',NULL,'1','1989-07-03',NULL,NULL,NULL,'10','500',NULL,NULL,NULL,'8','This is test staff.',NULL,NULL,'3',NULL,NULL,NULL,1,77,'2023-03-18 03:39:24','2023-03-23 14:22:53'),
(78,2,NULL,1,'foxtester2','Fox','Teter 2','1234546789','foxsoft1006@gmail.com',2,'6216f8a75fd5bb3d5f22b6f9958cdede3fc086c2','2023-03',NULL,NULL,'2000-10-06',NULL,NULL,NULL,NULL,NULL,NULL,NULL,NULL,'8','',NULL,NULL,NULL,NULL,NULL,NULL,1,78,'2023-03-18 05:00:27','2023-03-18 05:00:27'),
(79,2,NULL,4,'BossForFox','Shop','Boss','0000','testboss@gmail.com',1,'6216f8a75fd5bb3d5f22b6f9958cdede3fc086c2','2020-03',NULL,'1','1986-03-20',NULL,NULL,NULL,'10','10000',NULL,NULL,NULL,'40','',NULL,NULL,NULL,NULL,NULL,NULL,1,25,'2023-03-20 21:59:26','2023-03-22 11:17:04'),
(80,NULL,NULL,5,'システム管理者','Sheng','Ben','000','foxsoft@example.com',1,'6216f8a75fd5bb3d5f22b6f9958cdede3fc086c2',NULL,NULL,NULL,'1990-10-17',NULL,NULL,NULL,NULL,NULL,'avatar-20210816230838.jpg',NULL,NULL,NULL,NULL,NULL,1,NULL,NULL,NULL,NULL,1,1,'2021-08-16 23:06:59','2022-03-03 18:46:35');

/*Table structure for table `stamps` */

DROP TABLE IF EXISTS `stamps`;

CREATE TABLE `stamps` (
  `stamp_id` int(6) NOT NULL AUTO_INCREMENT,
  `date` date DEFAULT NULL,
  `user_id` int(6) DEFAULT NULL,
  `company_id` int(6) DEFAULT NULL,
  `organ_id` int(6) DEFAULT NULL,
  `staff_id` int(6) DEFAULT NULL,
  `use_flag` int(1) DEFAULT NULL COMMENT '1: noUse, 2:use',
  `stamp_count` int(6) DEFAULT NULL,
  `create_date` datetime DEFAULT NULL,
  `update_date` datetime DEFAULT NULL,
  PRIMARY KEY (`stamp_id`) USING BTREE
) ENGINE=InnoDB AUTO_INCREMENT=107 DEFAULT CHARSET=utf8 ROW_FORMAT=DYNAMIC;

/*Data for the table `stamps` */

insert  into `stamps`(`stamp_id`,`date`,`user_id`,`company_id`,`organ_id`,`staff_id`,`use_flag`,`stamp_count`,`create_date`,`update_date`) values 
(6,'2022-09-23',310,1,2,NULL,1,1,'2022-09-23 23:36:21','2022-09-23 23:40:49'),
(7,'2022-09-23',310,1,36,NULL,1,1,'2022-09-23 23:37:18','2022-09-23 23:40:49'),
(8,'2022-09-23',310,1,41,NULL,1,1,'2022-09-23 23:39:38','2022-09-23 23:40:49'),
(9,'2022-09-23',310,1,35,NULL,1,1,'2022-09-23 23:39:56','2022-09-23 23:40:49'),
(10,'2022-09-23',310,1,37,NULL,1,1,'2022-09-23 23:40:49','2022-09-23 23:40:49'),
(11,'2022-09-23',310,1,40,NULL,0,1,'2022-09-23 23:41:47','2022-09-23 23:41:47'),
(12,'2022-09-24',310,1,39,NULL,0,1,'2022-09-24 00:00:40','2022-09-24 00:00:40'),
(13,'2022-09-28',447,1,2,NULL,0,1,'2022-09-28 20:07:53','2022-09-28 20:07:53'),
(14,'2022-09-28',446,1,2,NULL,0,1,'2022-09-28 20:07:53','2022-09-28 20:07:53'),
(15,'2022-09-28',444,1,2,NULL,0,1,'2022-09-28 20:08:07','2022-09-28 20:08:07'),
(16,'2022-09-28',445,1,2,NULL,0,1,'2022-09-28 20:08:21','2022-09-28 20:08:21'),
(17,'2022-09-28',239,1,2,NULL,0,1,'2022-09-28 20:08:21','2022-09-28 20:08:21'),
(18,'2022-09-30',213,1,2,NULL,1,1,'2022-09-30 21:43:43','2022-10-07 00:00:47'),
(19,'2022-09-30',213,1,37,NULL,1,1,'2022-09-30 21:45:05','2022-10-07 00:00:47'),
(20,'2022-09-30',213,1,39,NULL,1,1,'2022-09-30 21:45:32','2022-10-07 00:00:47'),
(21,'2022-09-30',213,1,40,NULL,1,1,'2022-09-30 21:50:23','2022-10-07 00:00:47'),
(23,'2022-10-07',173,1,40,NULL,1,1,'2022-10-07 00:00:44','2022-11-30 21:19:44'),
(24,'2022-10-07',213,1,40,NULL,1,1,'2022-10-07 00:00:47','2022-10-07 00:00:47'),
(25,'2022-10-07',207,1,40,NULL,1,1,'2022-10-07 01:06:42','2022-10-09 22:58:05'),
(26,'2022-10-07',207,1,2,NULL,1,1,'2022-10-07 01:10:27','2022-10-09 22:58:05'),
(27,'2022-10-09',310,1,39,NULL,0,1,'2022-10-09 22:56:53','2022-10-09 22:56:53'),
(28,'2022-10-09',207,1,40,NULL,1,1,'2022-10-09 22:56:59','2022-10-09 22:58:05'),
(29,'2022-10-09',310,1,35,NULL,0,1,'2022-10-09 22:57:11','2022-10-09 22:57:11'),
(30,'2022-10-09',197,1,35,NULL,0,1,'2022-10-09 22:57:20','2022-10-09 22:57:20'),
(31,'2022-10-09',196,1,36,NULL,0,1,'2022-10-09 22:57:21','2022-10-09 22:57:21'),
(32,'2022-10-09',213,1,40,NULL,0,1,'2022-10-09 22:57:30','2022-10-09 22:57:30'),
(33,'2022-10-09',207,1,35,NULL,1,1,'2022-10-09 22:57:43','2022-10-09 22:58:05'),
(34,'2022-10-09',207,1,41,NULL,1,1,'2022-10-09 22:58:05','2022-10-09 22:58:05'),
(35,'2022-10-09',207,1,39,NULL,0,1,'2022-10-09 22:59:00','2022-10-09 22:59:00'),
(36,'2022-10-09',207,1,2,NULL,0,1,'2022-10-09 22:59:43','2022-10-09 22:59:43'),
(37,'2022-10-09',207,1,36,NULL,0,1,'2022-10-09 22:59:59','2022-10-09 22:59:59'),
(38,'2022-10-09',207,1,37,NULL,0,1,'2022-10-09 23:00:46','2022-10-09 23:00:46'),
(39,'2022-11-29',207,1,37,NULL,0,1,'2022-11-29 23:34:50','2022-11-29 23:34:50'),
(40,'2022-11-29',207,1,38,NULL,0,1,'2022-11-29 23:35:00','2022-11-29 23:35:00'),
(41,'2022-11-29',207,1,40,NULL,0,1,'2022-11-29 23:35:08','2022-11-29 23:35:08'),
(42,'2022-11-29',207,1,41,NULL,0,1,'2022-11-29 23:35:16','2022-11-29 23:35:16'),
(43,'2022-11-29',207,1,35,NULL,0,1,'2022-11-29 23:35:24','2022-11-29 23:35:24'),
(44,'2022-11-29',207,1,2,NULL,0,1,'2022-11-29 23:35:34','2022-11-29 23:35:34'),
(45,'2022-11-29',207,1,39,NULL,0,1,'2022-11-29 23:35:44','2022-11-29 23:35:44'),
(46,'2022-11-30',173,1,37,NULL,1,1,'2022-11-30 21:18:49','2022-11-30 21:19:44'),
(47,'2022-11-30',173,1,35,NULL,1,1,'2022-11-30 21:19:00','2022-11-30 21:19:44'),
(48,'2022-11-30',173,1,39,NULL,1,1,'2022-11-30 21:19:12','2022-11-30 21:19:44'),
(49,'2022-11-30',173,1,41,NULL,1,1,'2022-11-30 21:19:44','2022-11-30 21:19:44'),
(50,'2022-11-30',173,1,2,NULL,0,1,'2022-11-30 21:19:50','2022-11-30 21:19:50'),
(51,'2022-11-30',173,1,38,NULL,0,1,'2022-11-30 21:19:59','2022-11-30 21:19:59'),
(52,'2022-11-30',173,1,40,NULL,0,1,'2022-11-30 21:20:08','2022-11-30 21:20:08'),
(64,'2022-12-01',355,1,37,NULL,0,1,'2022-12-01 22:03:43','2022-12-01 22:03:43'),
(65,'2022-12-01',355,1,40,NULL,0,1,'2022-12-01 23:37:15','2022-12-01 23:37:15'),
(66,'2022-12-03',417,1,41,NULL,0,1,'2022-12-03 01:13:40','2022-12-03 01:13:40'),
(67,'2023-01-26',310,1,40,NULL,0,1,'2023-01-26 22:50:55','2023-01-26 22:50:55'),
(68,'2023-01-26',310,1,39,NULL,0,1,'2023-01-26 22:51:13','2023-01-26 22:51:13'),
(69,'2023-01-26',310,1,2,NULL,0,1,'2023-01-26 22:51:38','2023-01-26 22:51:38'),
(70,'2023-01-26',310,1,35,NULL,0,1,'2023-01-26 22:51:59','2023-01-26 22:51:59'),
(71,'2023-01-26',310,1,36,NULL,0,1,'2023-01-26 22:52:17','2023-01-26 22:52:17'),
(72,'2023-01-26',310,1,41,NULL,0,1,'2023-01-26 22:53:00','2023-01-26 22:53:00'),
(73,'2023-01-26',310,1,37,NULL,0,1,'2023-01-26 22:53:09','2023-01-26 22:53:09'),
(74,'2023-01-26',491,1,37,NULL,1,1,'2023-01-26 22:53:36','2023-01-26 22:56:58'),
(75,'2023-01-26',491,1,2,NULL,1,1,'2023-01-26 22:53:46','2023-01-26 22:56:58'),
(76,'2023-01-26',491,1,39,NULL,1,1,'2023-01-26 22:55:24','2023-01-26 22:56:58'),
(77,'2023-01-26',491,1,40,NULL,1,1,'2023-01-26 22:56:32','2023-01-26 22:56:58'),
(78,'2023-01-26',491,1,36,NULL,1,1,'2023-01-26 22:56:58','2023-01-26 22:56:58'),
(79,'2023-01-26',491,1,35,NULL,0,1,'2023-01-26 22:57:09','2023-01-26 22:57:09'),
(80,'2023-01-26',491,1,41,NULL,0,1,'2023-01-26 22:57:19','2023-01-26 22:57:19'),
(81,'2023-04-09',310,1,41,NULL,0,1,'2023-04-09 00:20:26','2023-04-09 00:20:26'),
(82,'2023-04-09',310,1,35,NULL,0,1,'2023-04-09 00:20:38','2023-04-09 00:20:38'),
(83,'2023-04-09',310,1,36,NULL,0,1,'2023-04-09 00:20:47','2023-04-09 00:20:47'),
(84,'2023-04-09',310,1,2,NULL,0,1,'2023-04-09 00:20:58','2023-04-09 00:20:58'),
(85,'2023-04-09',310,1,40,NULL,0,1,'2023-04-09 00:21:09','2023-04-09 00:21:09'),
(86,'2023-04-21',207,1,43,NULL,0,1,'2023-04-21 18:25:34','2023-04-21 18:25:34'),
(87,'2023-04-21',207,1,40,NULL,0,1,'2023-04-21 18:32:55','2023-04-21 18:32:55'),
(88,'2023-04-21',207,1,39,NULL,0,1,'2023-04-21 18:34:37','2023-04-21 18:34:37'),
(89,'2023-04-21',207,1,35,NULL,0,1,'2023-04-21 18:36:19','2023-04-21 18:36:19'),
(90,'2023-04-21',207,1,2,NULL,0,1,'2023-04-21 18:37:16','2023-04-21 18:37:16'),
(91,'2023-04-21',207,1,36,NULL,0,1,'2023-04-21 18:38:59','2023-04-21 18:38:59'),
(92,'2023-04-21',207,1,37,NULL,0,1,'2023-04-21 18:46:16','2023-04-21 18:46:16'),
(93,'2023-04-21',207,1,41,NULL,0,1,'2023-04-21 18:52:33','2023-04-21 18:52:33'),
(94,'2023-04-21',417,1,41,NULL,0,1,'2023-04-21 18:53:07','2023-04-21 18:53:07'),
(95,'2023-04-21',207,1,42,NULL,0,1,'2023-04-21 18:58:14','2023-04-21 18:58:14'),
(96,'2023-04-21',174,1,43,NULL,0,1,'2023-04-21 19:33:33','2023-04-21 19:33:33'),
(97,'2023-04-21',174,1,42,NULL,0,1,'2023-04-21 19:33:47','2023-04-21 19:33:47'),
(98,'2023-04-23',207,1,37,NULL,0,1,'2023-04-23 21:57:13','2023-04-23 21:57:13'),
(99,'2023-04-24',197,1,37,NULL,0,1,'2023-04-24 11:47:45','2023-04-24 11:47:45'),
(100,'2023-04-26',207,1,37,NULL,0,1,'2023-04-26 15:08:31','2023-04-26 15:08:31'),
(101,'2023-04-26',207,1,2,NULL,0,1,'2023-04-26 15:08:42','2023-04-26 15:08:42'),
(102,'2023-04-26',207,1,41,NULL,0,1,'2023-04-26 15:08:52','2023-04-26 15:08:52'),
(103,'2023-04-26',207,1,43,NULL,0,1,'2023-04-26 15:09:02','2023-04-26 15:09:02'),
(104,'2023-04-26',207,1,36,NULL,0,1,'2023-04-26 15:09:27','2023-04-26 15:09:27'),
(105,'2023-04-26',207,1,40,NULL,0,1,'2023-04-26 15:09:35','2023-04-26 15:09:35'),
(106,'2023-04-26',207,1,35,NULL,0,1,'2023-04-26 15:09:42','2023-04-26 15:09:42');

/*Table structure for table `table_menu_tickets` */

DROP TABLE IF EXISTS `table_menu_tickets`;

CREATE TABLE `table_menu_tickets` (
  `id` int(6) NOT NULL AUTO_INCREMENT,
  `table_menu_id` int(6) DEFAULT NULL,
  `ticket_id` int(6) DEFAULT NULL,
  `count` int(10) DEFAULT NULL,
  `create_date` datetime DEFAULT NULL,
  `update_date` datetime DEFAULT NULL,
  PRIMARY KEY (`id`) USING BTREE
) ENGINE=InnoDB AUTO_INCREMENT=4 DEFAULT CHARSET=utf8 ROW_FORMAT=DYNAMIC;

/*Data for the table `table_menu_tickets` */

/*Table structure for table `table_menus` */

DROP TABLE IF EXISTS `table_menus`;

CREATE TABLE `table_menus` (
  `table_menu_id` int(6) NOT NULL AUTO_INCREMENT,
  `table_id` int(6) DEFAULT NULL,
  `menu_id` int(6) DEFAULT NULL,
  `variation_id` int(6) DEFAULT NULL,
  `quantity` varchar(10) DEFAULT NULL,
  `menu_title` varchar(255) DEFAULT NULL,
  `menu_price` varchar(10) DEFAULT NULL,
  `visible` int(1) DEFAULT NULL,
  `create_date` datetime DEFAULT NULL,
  `update_date` datetime DEFAULT NULL,
  PRIMARY KEY (`table_menu_id`) USING BTREE
) ENGINE=InnoDB AUTO_INCREMENT=898 DEFAULT CHARSET=utf8 ROW_FORMAT=DYNAMIC;

/*Data for the table `table_menus` */

/*Table structure for table `table_names` */

DROP TABLE IF EXISTS `table_names`;

CREATE TABLE `table_names` (
  `id` int(6) NOT NULL AUTO_INCREMENT,
  `organ_id` int(6) NOT NULL,
  `table_position` int(3) DEFAULT NULL,
  `table_name` varchar(255) DEFAULT NULL,
  `create_date` datetime DEFAULT NULL,
  `update_date` datetime DEFAULT NULL,
  PRIMARY KEY (`id`) USING BTREE
) ENGINE=InnoDB AUTO_INCREMENT=3 DEFAULT CHARSET=utf8 ROW_FORMAT=DYNAMIC;

/*Data for the table `table_names` */

/*Table structure for table `tables` */

DROP TABLE IF EXISTS `tables`;

CREATE TABLE `tables` (
  `table_id` int(6) NOT NULL AUTO_INCREMENT,
  `organ_id` int(6) NOT NULL,
  `position` int(6) DEFAULT NULL,
  `table_title` varchar(255) DEFAULT NULL,
  `status` int(1) DEFAULT 0,
  `staff_id` int(6) DEFAULT NULL,
  `user_id` int(6) DEFAULT NULL,
  `user_name` varchar(255) DEFAULT NULL,
  `start_time` datetime DEFAULT NULL,
  `end_time` datetime DEFAULT NULL,
  `person_count` varchar(10) DEFAULT NULL,
  `set_num` int(1) DEFAULT NULL,
  `visible` int(1) DEFAULT NULL,
  `create_date` datetime DEFAULT NULL,
  `update_date` datetime DEFAULT NULL,
  PRIMARY KEY (`table_id`) USING BTREE
) ENGINE=InnoDB DEFAULT CHARSET=utf8 ROW_FORMAT=DYNAMIC;

/*Data for the table `tables` */

/*Table structure for table `teachers` */

DROP TABLE IF EXISTS `teachers`;

CREATE TABLE `teachers` (
  `teacher_id` int(6) NOT NULL AUTO_INCREMENT,
  `company_id` int(6) DEFAULT NULL,
  `teacher_name` varchar(255) DEFAULT NULL,
  `visible` int(1) DEFAULT NULL,
  `create_date` datetime DEFAULT NULL,
  `update_date` datetime DEFAULT NULL,
  PRIMARY KEY (`teacher_id`) USING BTREE
) ENGINE=InnoDB AUTO_INCREMENT=4 DEFAULT CHARSET=utf8 ROW_FORMAT=DYNAMIC;

/*Data for the table `teachers` */

insert  into `teachers`(`teacher_id`,`company_id`,`teacher_name`,`visible`,`create_date`,`update_date`) values 
(1,1,'AI先生',1,'2021-09-29 00:01:21','2021-09-29 00:01:21'),
(2,1,'○○先生',1,'2021-09-29 00:01:46','2021-09-29 00:01:46'),
(3,1,'765432',1,'2021-09-29 00:13:38','2021-09-29 00:13:38');

/*Table structure for table `ticket_push_settings` */

DROP TABLE IF EXISTS `ticket_push_settings`;

CREATE TABLE `ticket_push_settings` (
  `id` int(6) NOT NULL AUTO_INCREMENT,
  `ticket_id` int(6) DEFAULT NULL,
  `before_day` int(10) DEFAULT NULL,
  `push_time` varchar(10) DEFAULT NULL,
  `create_date` datetime DEFAULT NULL,
  `update_date` datetime DEFAULT NULL,
  PRIMARY KEY (`id`) USING BTREE
) ENGINE=InnoDB AUTO_INCREMENT=18 DEFAULT CHARSET=utf8 ROW_FORMAT=DYNAMIC;

/*Data for the table `ticket_push_settings` */

insert  into `ticket_push_settings`(`id`,`ticket_id`,`before_day`,`push_time`,`create_date`,`update_date`) values 
(5,24,30,'12:00','2022-04-18 17:00:50','2022-04-18 17:00:50'),
(6,24,10,'12:00','2022-04-18 17:01:18','2022-04-18 17:01:18'),
(7,23,1,'12:00','2022-04-18 17:02:32','2022-04-18 17:02:32'),
(8,23,2,'12:00','2022-04-18 17:03:00','2022-04-18 17:03:00'),
(9,23,3,'12:00','2022-04-18 17:03:07','2022-04-18 17:03:07'),
(10,23,4,'12:00','2022-04-18 17:03:12','2022-04-18 17:03:12'),
(11,25,30,'12:00','2022-04-19 10:16:00','2022-04-19 10:16:00'),
(12,25,10,'12:00','2022-04-19 10:16:05','2022-04-19 10:16:05');

/*Table structure for table `tickets` */

DROP TABLE IF EXISTS `tickets`;

CREATE TABLE `tickets` (
  `id` int(6) NOT NULL AUTO_INCREMENT,
  `ticket_id` int(6) DEFAULT NULL,
  `company_id` int(6) DEFAULT NULL,
  `ticket_title` varchar(255) DEFAULT NULL,
  `ticket_detail` varchar(255) DEFAULT NULL,
  `ticket_image` varchar(255) DEFAULT NULL,
  `ticket_price` varchar(10) DEFAULT NULL,
  `ticket_price02` varchar(10) DEFAULT NULL,
  `ticket_cost` varchar(10) DEFAULT NULL,
  `ticket_disamount` varchar(10) DEFAULT NULL,
  `ticket_tax` varchar(10) DEFAULT NULL,
  `is_period` int(1) DEFAULT NULL,
  `period_month` int(10) DEFAULT NULL,
  `ticket_count` varchar(10) DEFAULT NULL,
  `create_date` datetime DEFAULT NULL,
  `update_date` datetime DEFAULT NULL,
  PRIMARY KEY (`id`) USING BTREE
) ENGINE=InnoDB AUTO_INCREMENT=29 DEFAULT CHARSET=utf8 ROW_FORMAT=DYNAMIC;

/*Data for the table `tickets` */

insert  into `tickets`(`id`,`ticket_id`,`company_id`,`ticket_title`,`ticket_detail`,`ticket_image`,`ticket_price`,`ticket_price02`,`ticket_cost`,`ticket_disamount`,`ticket_tax`,`is_period`,`period_month`,`ticket_count`,`create_date`,`update_date`) values 
(15,2,2,'11回回数券','60分11枚綴り',NULL,'31800','3208','100',NULL,'11',NULL,NULL,'11','2022-02-05 15:50:00','2022-02-05 15:50:00'),
(16,3,2,'朝回回数券','朝割回数\n14時ご来店までの予約でご利用可',NULL,'13800','3036','100',NULL,'10',NULL,NULL,'5','2022-02-05 15:51:43','2022-02-05 15:51:47'),
(17,4,2,'90分回数券','90分コース5枚綴り',NULL,'22382','4924','100',NULL,'10',NULL,NULL,'5','2022-02-05 15:52:29','2022-02-05 15:52:29'),
(19,5,1,'周年回数券','5回回数券',NULL,'15000','5500','0','120','10',0,NULL,'3','2022-02-28 09:50:25','2023-03-23 10:09:24'),
(21,2,4,'11回回数券','11回回数券',NULL,'15000','3300','20',NULL,'10',NULL,NULL,'11','2022-03-09 00:58:06','2022-03-09 00:58:06'),
(22,1,1,'5回回数券','レッスンチケット',NULL,'20000','84000','0',NULL,'2000',NULL,NULL,'5','2022-03-12 23:32:04','2022-03-12 23:32:04'),
(26,3,3,'Test1','test ticket','tickets-20230323101232041849.jpg','120','60','','120','',1,2,'2','2023-03-23 10:15:07','2023-03-23 10:15:07'),
(28,1,1,'5回回数券 test','test',NULL,'124','24','','145','',0,NULL,'5','2023-03-23 10:21:07','2023-03-23 10:21:07');

/*Table structure for table `user_coupons` */

DROP TABLE IF EXISTS `user_coupons`;

CREATE TABLE `user_coupons` (
  `user_coupon_id` int(6) NOT NULL AUTO_INCREMENT,
  `user_id` int(6) DEFAULT NULL,
  `coupon_id` int(6) DEFAULT NULL,
  `use_flag` int(1) DEFAULT NULL COMMENT '1: new : 0:use',
  `staff_id` int(6) DEFAULT NULL,
  `create_date` datetime DEFAULT NULL,
  `update_date` datetime DEFAULT NULL,
  PRIMARY KEY (`user_coupon_id`) USING BTREE
) ENGINE=InnoDB AUTO_INCREMENT=745 DEFAULT CHARSET=utf8 ROW_FORMAT=DYNAMIC;

/*Data for the table `user_coupons` */

insert  into `user_coupons`(`user_coupon_id`,`user_id`,`coupon_id`,`use_flag`,`staff_id`,`create_date`,`update_date`) values 
(19,2,4,1,NULL,'2021-10-10 02:03:21','2021-10-10 02:03:21'),
(20,3,4,1,NULL,'2021-10-10 02:03:21','2021-10-10 02:03:21'),
(21,4,4,1,NULL,'2021-10-10 02:03:21','2021-10-10 02:03:21'),
(22,5,4,1,NULL,'2021-10-10 02:03:22','2021-10-10 02:03:22'),
(23,6,4,1,NULL,'2021-10-10 02:03:22','2021-10-10 02:03:22'),
(24,7,4,1,NULL,'2021-10-10 02:03:22','2021-10-10 02:03:22'),
(25,8,4,1,NULL,'2021-10-10 02:03:22','2021-10-10 02:03:22'),
(26,9,4,1,NULL,'2021-10-10 02:03:22','2021-10-10 02:03:22'),
(27,10,4,1,NULL,'2021-10-10 02:03:22','2021-10-10 02:03:22'),
(28,11,4,1,NULL,'2021-10-10 02:03:22','2021-10-10 02:03:22'),
(29,12,4,1,NULL,'2021-10-10 02:03:22','2021-10-10 02:03:22'),
(30,13,4,1,NULL,'2021-10-10 02:03:22','2021-10-10 02:03:22'),
(31,14,4,1,NULL,'2021-10-10 02:03:22','2021-10-10 02:03:22'),
(32,15,4,1,NULL,'2021-10-10 02:03:22','2021-10-10 02:03:22'),
(33,16,4,1,NULL,'2021-10-10 02:03:22','2021-10-10 02:03:22'),
(34,17,4,1,NULL,'2021-10-10 02:03:22','2021-10-10 02:03:22'),
(35,18,4,1,NULL,'2021-10-10 02:03:22','2021-10-10 02:03:22'),
(36,19,4,1,NULL,'2021-10-10 02:03:22','2021-10-10 02:03:22'),
(37,20,4,1,NULL,'2021-10-10 02:03:22','2021-10-10 02:03:22'),
(38,21,4,1,NULL,'2021-10-10 02:03:22','2021-10-10 02:03:22'),
(39,22,4,1,NULL,'2021-10-10 02:03:22','2021-10-10 02:03:22'),
(40,23,4,1,NULL,'2021-10-10 02:03:22','2021-10-10 02:03:22'),
(41,24,4,1,NULL,'2021-10-10 02:03:22','2021-10-10 02:03:22'),
(42,28,4,1,NULL,'2021-10-10 02:03:22','2021-10-10 02:03:22'),
(43,29,4,1,NULL,'2021-10-10 02:03:22','2021-10-10 02:03:22'),
(44,30,4,1,NULL,'2021-10-10 02:03:22','2021-10-10 02:03:22'),
(45,31,4,1,NULL,'2021-10-10 02:03:22','2021-10-10 02:03:22'),
(46,2,3,1,NULL,'2021-10-10 02:03:22','2021-10-10 02:03:22'),
(47,3,3,1,NULL,'2021-10-10 02:03:22','2021-10-10 02:03:22'),
(48,4,3,1,NULL,'2021-10-10 02:03:22','2021-10-10 02:03:22'),
(49,5,3,1,NULL,'2021-10-10 02:03:22','2021-10-10 02:03:22'),
(50,6,3,1,NULL,'2021-10-10 02:03:22','2021-10-10 02:03:22'),
(51,7,3,1,NULL,'2021-10-10 02:03:22','2021-10-10 02:03:22'),
(52,8,3,1,NULL,'2021-10-10 02:03:22','2021-10-10 02:03:22'),
(53,9,3,1,NULL,'2021-10-10 02:03:23','2021-10-10 02:03:23'),
(54,10,3,1,NULL,'2021-10-10 02:03:23','2021-10-10 02:03:23'),
(55,11,3,1,NULL,'2021-10-10 02:03:23','2021-10-10 02:03:23'),
(56,12,3,1,NULL,'2021-10-10 02:03:23','2021-10-10 02:03:23'),
(57,13,3,1,NULL,'2021-10-10 02:03:23','2021-10-10 02:03:23'),
(58,14,3,1,NULL,'2021-10-10 02:03:23','2021-10-10 02:03:23'),
(59,15,3,1,NULL,'2021-10-10 02:03:23','2021-10-10 02:03:23'),
(60,16,3,1,NULL,'2021-10-10 02:03:23','2021-10-10 02:03:23'),
(61,17,3,1,NULL,'2021-10-10 02:03:23','2021-10-10 02:03:23'),
(62,18,3,1,NULL,'2021-10-10 02:03:23','2021-10-10 02:03:23'),
(63,19,3,1,NULL,'2021-10-10 02:03:23','2021-10-10 02:03:23'),
(64,20,3,1,NULL,'2021-10-10 02:03:23','2021-10-10 02:03:23'),
(65,21,3,1,NULL,'2021-10-10 02:03:23','2021-10-10 02:03:23'),
(66,22,3,1,NULL,'2021-10-10 02:03:23','2021-10-10 02:03:23'),
(67,23,3,1,NULL,'2021-10-10 02:03:23','2021-10-10 02:03:23'),
(68,24,3,1,NULL,'2021-10-10 02:03:23','2021-10-10 02:03:23'),
(69,28,3,1,NULL,'2021-10-10 02:03:23','2021-10-10 02:03:23'),
(70,29,3,1,NULL,'2021-10-10 02:03:23','2021-10-10 02:03:23'),
(71,30,3,1,NULL,'2021-10-10 02:03:23','2021-10-10 02:03:23'),
(72,31,3,1,NULL,'2021-10-10 02:03:23','2021-10-10 02:03:23'),
(73,31,8,1,NULL,'2021-10-20 17:55:01','2021-10-20 17:55:01'),
(74,33,8,1,NULL,'2021-10-20 17:55:01','2021-10-20 17:55:01'),
(75,31,7,1,NULL,'2021-10-20 17:55:01','2021-10-20 17:55:01'),
(76,33,7,1,NULL,'2021-10-20 17:55:01','2021-10-20 17:55:01'),
(77,31,6,1,NULL,'2021-10-20 17:55:01','2021-10-20 17:55:01'),
(78,33,6,1,NULL,'2021-10-20 17:55:01','2021-10-20 17:55:01'),
(79,31,1,1,NULL,'2021-10-20 17:55:01','2021-10-20 17:55:01'),
(80,33,1,1,NULL,'2021-10-20 17:55:01','2021-10-20 17:55:01'),
(81,59,5,1,NULL,'2021-11-07 20:32:23','2021-11-07 20:32:23'),
(82,77,10,1,NULL,'2022-03-10 18:39:24','2022-03-10 18:39:24'),
(83,128,5,1,NULL,'2022-03-11 13:36:36','2022-03-11 13:36:36'),
(84,136,5,1,NULL,'2022-03-11 13:36:36','2022-03-11 13:36:36'),
(85,140,5,1,NULL,'2022-03-11 13:36:36','2022-03-11 13:36:36'),
(86,143,5,1,NULL,'2022-03-11 13:36:36','2022-03-11 13:36:36'),
(87,184,5,1,NULL,'2022-03-11 13:36:36','2022-03-11 13:36:36'),
(88,77,10,1,NULL,'2022-03-17 15:58:11','2022-03-17 15:58:11'),
(89,127,11,1,NULL,'2022-03-18 17:55:33','2022-03-18 17:55:33'),
(90,128,11,1,NULL,'2022-03-18 17:55:33','2022-03-18 17:55:33'),
(91,136,11,1,NULL,'2022-03-18 17:55:33','2022-03-18 17:55:33'),
(92,137,11,1,NULL,'2022-03-18 17:55:33','2022-03-18 17:55:33'),
(93,140,11,1,NULL,'2022-03-18 17:55:33','2022-03-18 17:55:33'),
(94,141,11,1,NULL,'2022-03-18 17:55:33','2022-03-18 17:55:33'),
(95,143,11,1,NULL,'2022-03-18 17:55:33','2022-03-18 17:55:33'),
(96,147,11,1,NULL,'2022-03-18 17:55:33','2022-03-18 17:55:33'),
(97,148,11,1,NULL,'2022-03-18 17:55:33','2022-03-18 17:55:33'),
(98,127,12,1,NULL,'2022-03-18 18:02:47','2022-03-18 18:02:47'),
(99,128,12,1,NULL,'2022-03-18 18:02:47','2022-03-18 18:02:47'),
(100,136,12,1,NULL,'2022-03-18 18:02:47','2022-03-18 18:02:47'),
(101,140,12,1,NULL,'2022-03-18 18:02:47','2022-03-18 18:02:47'),
(102,141,12,1,NULL,'2022-03-18 18:02:47','2022-03-18 18:02:47'),
(103,143,12,1,NULL,'2022-03-18 18:02:47','2022-03-18 18:02:47'),
(104,147,12,1,NULL,'2022-03-18 18:02:47','2022-03-18 18:02:47'),
(105,148,12,1,NULL,'2022-03-18 18:02:47','2022-03-18 18:02:47'),
(106,184,12,1,NULL,'2022-03-18 18:02:47','2022-03-18 18:02:47'),
(107,128,12,1,NULL,'2022-03-24 18:19:44','2022-03-24 18:19:44'),
(108,77,4,1,NULL,'2022-03-24 18:19:53','2022-03-24 18:19:53'),
(109,77,12,1,NULL,'2022-03-24 18:20:20','2022-03-24 18:20:20'),
(110,96,12,1,NULL,'2022-03-24 18:20:20','2022-03-24 18:20:20'),
(111,112,12,1,NULL,'2022-03-24 18:20:20','2022-03-24 18:20:20'),
(112,127,12,1,NULL,'2022-03-24 18:20:20','2022-03-24 18:20:20'),
(113,128,12,1,NULL,'2022-03-24 18:20:20','2022-03-24 18:20:20'),
(114,134,12,1,NULL,'2022-03-24 18:20:20','2022-03-24 18:20:20'),
(115,135,12,1,NULL,'2022-03-24 18:20:20','2022-03-24 18:20:20'),
(116,137,12,1,NULL,'2022-03-24 18:20:20','2022-03-24 18:20:20'),
(117,138,12,1,NULL,'2022-03-24 18:20:20','2022-03-24 18:20:20'),
(118,140,12,1,NULL,'2022-03-24 18:20:20','2022-03-24 18:20:20'),
(119,141,12,1,NULL,'2022-03-24 18:20:20','2022-03-24 18:20:20'),
(120,143,12,1,NULL,'2022-03-24 18:20:20','2022-03-24 18:20:20'),
(121,144,12,1,NULL,'2022-03-24 18:20:20','2022-03-24 18:20:20'),
(122,147,12,1,NULL,'2022-03-24 18:20:20','2022-03-24 18:20:20'),
(123,148,12,1,NULL,'2022-03-24 18:20:20','2022-03-24 18:20:20'),
(124,149,12,1,NULL,'2022-03-24 18:20:20','2022-03-24 18:20:20'),
(125,150,12,1,NULL,'2022-03-24 18:20:20','2022-03-24 18:20:20'),
(126,151,12,1,NULL,'2022-03-24 18:20:20','2022-03-24 18:20:20'),
(127,152,12,1,NULL,'2022-03-24 18:20:20','2022-03-24 18:20:20'),
(128,184,12,1,NULL,'2022-03-24 18:20:20','2022-03-24 18:20:20'),
(129,188,12,1,NULL,'2022-03-24 18:20:20','2022-03-24 18:20:20'),
(130,201,12,1,NULL,'2022-03-24 18:20:20','2022-03-24 18:20:20'),
(131,202,12,1,NULL,'2022-03-24 18:20:20','2022-03-24 18:20:20'),
(132,77,11,1,NULL,'2022-03-24 18:20:23','2022-03-24 18:20:23'),
(133,96,11,1,NULL,'2022-03-24 18:20:23','2022-03-24 18:20:23'),
(134,112,11,1,NULL,'2022-03-24 18:20:23','2022-03-24 18:20:23'),
(135,127,11,1,NULL,'2022-03-24 18:20:23','2022-03-24 18:20:23'),
(136,128,11,1,NULL,'2022-03-24 18:20:23','2022-03-24 18:20:23'),
(137,134,11,1,NULL,'2022-03-24 18:20:23','2022-03-24 18:20:23'),
(138,135,11,1,NULL,'2022-03-24 18:20:23','2022-03-24 18:20:23'),
(139,137,11,1,NULL,'2022-03-24 18:20:23','2022-03-24 18:20:23'),
(140,138,11,1,NULL,'2022-03-24 18:20:23','2022-03-24 18:20:23'),
(141,140,11,1,NULL,'2022-03-24 18:20:23','2022-03-24 18:20:23'),
(142,141,11,1,NULL,'2022-03-24 18:20:23','2022-03-24 18:20:23'),
(143,143,11,1,NULL,'2022-03-24 18:20:23','2022-03-24 18:20:23'),
(144,144,11,1,NULL,'2022-03-24 18:20:23','2022-03-24 18:20:23'),
(145,147,11,1,NULL,'2022-03-24 18:20:23','2022-03-24 18:20:23'),
(146,148,11,1,NULL,'2022-03-24 18:20:23','2022-03-24 18:20:23'),
(147,149,11,1,NULL,'2022-03-24 18:20:23','2022-03-24 18:20:23'),
(148,150,11,1,NULL,'2022-03-24 18:20:23','2022-03-24 18:20:23'),
(149,151,11,1,NULL,'2022-03-24 18:20:23','2022-03-24 18:20:23'),
(150,152,11,1,NULL,'2022-03-24 18:20:23','2022-03-24 18:20:23'),
(151,184,11,1,NULL,'2022-03-24 18:20:23','2022-03-24 18:20:23'),
(152,188,11,0,NULL,'2022-03-24 18:20:23','2022-05-21 19:06:56'),
(153,201,11,1,NULL,'2022-03-24 18:20:23','2022-03-24 18:20:23'),
(154,202,11,1,NULL,'2022-03-24 18:20:23','2022-03-24 18:20:23'),
(155,77,11,1,NULL,'2022-03-24 18:20:29','2022-03-24 18:20:29'),
(156,96,11,1,NULL,'2022-03-24 18:20:29','2022-03-24 18:20:29'),
(157,112,11,1,NULL,'2022-03-24 18:20:29','2022-03-24 18:20:29'),
(158,127,11,1,NULL,'2022-03-24 18:20:29','2022-03-24 18:20:29'),
(159,128,11,1,NULL,'2022-03-24 18:20:29','2022-03-24 18:20:29'),
(160,134,11,1,NULL,'2022-03-24 18:20:29','2022-03-24 18:20:29'),
(161,135,11,1,NULL,'2022-03-24 18:20:29','2022-03-24 18:20:29'),
(162,137,11,1,NULL,'2022-03-24 18:20:29','2022-03-24 18:20:29'),
(163,138,11,1,NULL,'2022-03-24 18:20:29','2022-03-24 18:20:29'),
(164,140,11,1,NULL,'2022-03-24 18:20:29','2022-03-24 18:20:29'),
(165,141,11,1,NULL,'2022-03-24 18:20:29','2022-03-24 18:20:29'),
(166,143,11,1,NULL,'2022-03-24 18:20:29','2022-03-24 18:20:29'),
(167,144,11,1,NULL,'2022-03-24 18:20:29','2022-03-24 18:20:29'),
(168,147,11,1,NULL,'2022-03-24 18:20:29','2022-03-24 18:20:29'),
(169,148,11,1,NULL,'2022-03-24 18:20:29','2022-03-24 18:20:29'),
(170,149,11,1,NULL,'2022-03-24 18:20:29','2022-03-24 18:20:29'),
(171,150,11,1,NULL,'2022-03-24 18:20:29','2022-03-24 18:20:29'),
(172,151,11,1,NULL,'2022-03-24 18:20:29','2022-03-24 18:20:29'),
(173,152,11,1,NULL,'2022-03-24 18:20:29','2022-03-24 18:20:29'),
(174,184,11,1,NULL,'2022-03-24 18:20:29','2022-03-24 18:20:29'),
(175,188,11,1,NULL,'2022-03-24 18:20:29','2022-03-24 18:20:29'),
(176,201,11,1,NULL,'2022-03-24 18:20:29','2022-03-24 18:20:29'),
(177,202,11,1,NULL,'2022-03-24 18:20:29','2022-03-24 18:20:29'),
(178,184,12,1,NULL,'2022-03-24 18:20:50','2022-03-24 18:20:50'),
(179,140,12,1,NULL,'2022-03-24 18:20:54','2022-03-24 18:20:54'),
(180,147,10,1,NULL,'2022-03-24 18:21:02','2022-03-24 18:21:02'),
(181,77,11,1,NULL,'2022-03-24 18:21:43','2022-03-24 18:21:43'),
(182,140,12,1,NULL,'2022-03-24 18:21:53','2022-03-24 18:21:53'),
(183,147,4,1,NULL,'2022-03-24 18:22:19','2022-03-24 18:22:19'),
(184,143,12,1,NULL,'2022-03-24 18:40:11','2022-03-24 18:40:11'),
(185,201,10,1,NULL,'2022-03-25 17:37:05','2022-03-25 17:37:05'),
(186,77,11,1,NULL,'2022-05-04 11:26:18','2022-05-04 11:26:18'),
(187,96,11,1,NULL,'2022-05-04 11:26:18','2022-05-04 11:26:18'),
(188,127,11,1,NULL,'2022-05-04 11:26:18','2022-05-04 11:26:18'),
(189,128,11,1,NULL,'2022-05-04 11:26:18','2022-05-04 11:26:18'),
(190,134,11,1,NULL,'2022-05-04 11:26:18','2022-05-04 11:26:18'),
(191,135,11,1,NULL,'2022-05-04 11:26:18','2022-05-04 11:26:18'),
(192,137,11,1,NULL,'2022-05-04 11:26:18','2022-05-04 11:26:18'),
(193,138,11,1,NULL,'2022-05-04 11:26:18','2022-05-04 11:26:18'),
(194,140,11,1,NULL,'2022-05-04 11:26:18','2022-05-04 11:26:18'),
(195,141,11,1,NULL,'2022-05-04 11:26:18','2022-05-04 11:26:18'),
(196,143,11,1,NULL,'2022-05-04 11:26:18','2022-05-04 11:26:18'),
(197,144,11,1,NULL,'2022-05-04 11:26:18','2022-05-04 11:26:18'),
(198,147,11,1,NULL,'2022-05-04 11:26:18','2022-05-04 11:26:18'),
(199,148,11,1,NULL,'2022-05-04 11:26:18','2022-05-04 11:26:18'),
(200,149,11,1,NULL,'2022-05-04 11:26:18','2022-05-04 11:26:18'),
(201,150,11,1,NULL,'2022-05-04 11:26:18','2022-05-04 11:26:18'),
(202,151,11,1,NULL,'2022-05-04 11:26:18','2022-05-04 11:26:18'),
(203,152,11,1,NULL,'2022-05-04 11:26:18','2022-05-04 11:26:18'),
(204,184,11,1,NULL,'2022-05-04 11:26:18','2022-05-04 11:26:18'),
(205,188,11,1,NULL,'2022-05-04 11:26:18','2022-05-04 11:26:18'),
(206,201,11,1,NULL,'2022-05-04 11:26:18','2022-05-04 11:26:18'),
(207,202,11,1,NULL,'2022-05-04 11:26:18','2022-05-04 11:26:18'),
(208,203,11,1,NULL,'2022-05-04 11:26:18','2022-05-04 11:26:18'),
(209,77,11,1,3,'2022-05-09 16:19:50','2022-05-09 16:19:50'),
(210,96,11,1,3,'2022-05-09 16:19:50','2022-05-09 16:19:50'),
(211,201,17,1,50,'2022-05-10 12:44:51','2022-05-10 12:44:51'),
(212,201,17,1,50,'2022-05-14 09:42:35','2022-05-14 09:42:35'),
(213,201,17,1,50,'2022-05-14 09:43:01','2022-05-14 09:43:01'),
(214,147,17,1,3,'2022-05-15 16:05:14','2022-05-15 16:05:14'),
(215,207,16,0,2,'2022-10-09 23:34:25','2022-10-09 23:34:25'),
(216,55,21,1,1,'2022-10-09 23:55:54','2022-10-09 23:55:54'),
(217,56,21,1,1,'2022-10-09 23:55:54','2022-10-09 23:55:54'),
(218,63,21,1,1,'2022-10-09 23:55:54','2022-10-09 23:55:54'),
(219,64,21,1,1,'2022-10-09 23:55:54','2022-10-09 23:55:54'),
(220,65,21,1,1,'2022-10-09 23:55:54','2022-10-09 23:55:54'),
(221,66,21,1,1,'2022-10-09 23:55:54','2022-10-09 23:55:54'),
(222,69,21,1,1,'2022-10-09 23:55:54','2022-10-09 23:55:54'),
(223,70,21,1,1,'2022-10-09 23:55:54','2022-10-09 23:55:54'),
(224,71,21,1,1,'2022-10-09 23:55:54','2022-10-09 23:55:54'),
(225,72,21,1,1,'2022-10-09 23:55:54','2022-10-09 23:55:54'),
(226,74,21,1,1,'2022-10-09 23:55:54','2022-10-09 23:55:54'),
(227,78,21,1,1,'2022-10-09 23:55:54','2022-10-09 23:55:54'),
(228,126,21,1,1,'2022-10-09 23:55:54','2022-10-09 23:55:54'),
(229,156,21,1,1,'2022-10-09 23:55:54','2022-10-09 23:55:54'),
(230,160,21,1,1,'2022-10-09 23:55:54','2022-10-09 23:55:54'),
(231,164,21,1,1,'2022-10-09 23:55:54','2022-10-09 23:55:54'),
(232,168,21,1,1,'2022-10-09 23:55:54','2022-10-09 23:55:54'),
(233,171,21,1,1,'2022-10-09 23:55:54','2022-10-09 23:55:54'),
(234,172,21,1,1,'2022-10-09 23:55:54','2022-10-09 23:55:54'),
(235,173,21,1,1,'2022-10-09 23:55:54','2022-10-09 23:55:54'),
(236,174,21,1,1,'2022-10-09 23:55:54','2022-10-09 23:55:54'),
(237,196,21,1,1,'2022-10-09 23:55:54','2022-10-09 23:55:54'),
(238,197,21,0,1,'2022-10-09 23:55:54','2022-10-09 23:55:54'),
(239,198,21,1,1,'2022-10-09 23:55:54','2022-10-09 23:55:54'),
(240,199,21,1,1,'2022-10-09 23:55:54','2022-10-09 23:55:54'),
(241,200,21,1,1,'2022-10-09 23:55:54','2022-10-09 23:55:54'),
(242,204,21,1,1,'2022-10-09 23:55:54','2022-10-09 23:55:54'),
(243,207,21,0,1,'2022-10-09 23:55:54','2022-10-09 23:55:54'),
(244,213,21,1,1,'2022-10-09 23:55:54','2022-10-09 23:55:54'),
(245,216,21,1,1,'2022-10-09 23:55:54','2022-10-09 23:55:54'),
(246,239,21,1,1,'2022-10-09 23:55:54','2022-10-09 23:55:54'),
(247,249,21,1,1,'2022-10-09 23:55:54','2022-10-09 23:55:54'),
(248,250,21,1,1,'2022-10-09 23:55:54','2022-10-09 23:55:54'),
(249,252,21,1,1,'2022-10-09 23:55:54','2022-10-09 23:55:54'),
(250,253,21,1,1,'2022-10-09 23:55:54','2022-10-09 23:55:54'),
(251,254,21,1,1,'2022-10-09 23:55:54','2022-10-09 23:55:54'),
(252,255,21,1,1,'2022-10-09 23:55:54','2022-10-09 23:55:54'),
(253,256,21,1,1,'2022-10-09 23:55:54','2022-10-09 23:55:54'),
(254,257,21,1,1,'2022-10-09 23:55:54','2022-10-09 23:55:54'),
(255,258,21,1,1,'2022-10-09 23:55:54','2022-10-09 23:55:54'),
(256,259,21,1,1,'2022-10-09 23:55:54','2022-10-09 23:55:54'),
(257,260,21,1,1,'2022-10-09 23:55:54','2022-10-09 23:55:54'),
(258,262,21,1,1,'2022-10-09 23:55:54','2022-10-09 23:55:54'),
(259,263,21,1,1,'2022-10-09 23:55:54','2022-10-09 23:55:54'),
(260,265,21,1,1,'2022-10-09 23:55:54','2022-10-09 23:55:54'),
(261,266,21,1,1,'2022-10-09 23:55:54','2022-10-09 23:55:54'),
(262,267,21,1,1,'2022-10-09 23:55:54','2022-10-09 23:55:54'),
(263,268,21,1,1,'2022-10-09 23:55:54','2022-10-09 23:55:54'),
(264,269,21,1,1,'2022-10-09 23:55:54','2022-10-09 23:55:54'),
(265,270,21,1,1,'2022-10-09 23:55:54','2022-10-09 23:55:54'),
(266,271,21,1,1,'2022-10-09 23:55:54','2022-10-09 23:55:54'),
(267,272,21,1,1,'2022-10-09 23:55:54','2022-10-09 23:55:54'),
(268,273,21,1,1,'2022-10-09 23:55:54','2022-10-09 23:55:54'),
(269,274,21,1,1,'2022-10-09 23:55:54','2022-10-09 23:55:54'),
(270,275,21,1,1,'2022-10-09 23:55:54','2022-10-09 23:55:54'),
(271,276,21,1,1,'2022-10-09 23:55:54','2022-10-09 23:55:54'),
(272,277,21,1,1,'2022-10-09 23:55:54','2022-10-09 23:55:54'),
(273,278,21,1,1,'2022-10-09 23:55:54','2022-10-09 23:55:54'),
(274,279,21,1,1,'2022-10-09 23:55:54','2022-10-09 23:55:54'),
(275,280,21,1,1,'2022-10-09 23:55:54','2022-10-09 23:55:54'),
(276,281,21,1,1,'2022-10-09 23:55:54','2022-10-09 23:55:54'),
(277,282,21,1,1,'2022-10-09 23:55:54','2022-10-09 23:55:54'),
(278,283,21,1,1,'2022-10-09 23:55:54','2022-10-09 23:55:54'),
(279,285,21,1,1,'2022-10-09 23:55:54','2022-10-09 23:55:54'),
(280,286,21,1,1,'2022-10-09 23:55:54','2022-10-09 23:55:54'),
(281,287,21,1,1,'2022-10-09 23:55:54','2022-10-09 23:55:54'),
(282,288,21,1,1,'2022-10-09 23:55:54','2022-10-09 23:55:54'),
(283,289,21,1,1,'2022-10-09 23:55:54','2022-10-09 23:55:54'),
(284,290,21,1,1,'2022-10-09 23:55:54','2022-10-09 23:55:54'),
(285,291,21,1,1,'2022-10-09 23:55:54','2022-10-09 23:55:54'),
(286,292,21,1,1,'2022-10-09 23:55:54','2022-10-09 23:55:54'),
(287,293,21,1,1,'2022-10-09 23:55:54','2022-10-09 23:55:54'),
(288,294,21,1,1,'2022-10-09 23:55:54','2022-10-09 23:55:54'),
(289,295,21,1,1,'2022-10-09 23:55:54','2022-10-09 23:55:54'),
(290,297,21,1,1,'2022-10-09 23:55:54','2022-10-09 23:55:54'),
(291,298,21,1,1,'2022-10-09 23:55:54','2022-10-09 23:55:54'),
(292,299,21,1,1,'2022-10-09 23:55:54','2022-10-09 23:55:54'),
(293,300,21,1,1,'2022-10-09 23:55:54','2022-10-09 23:55:54'),
(294,302,21,1,1,'2022-10-09 23:55:54','2022-10-09 23:55:54'),
(295,303,21,1,1,'2022-10-09 23:55:54','2022-10-09 23:55:54'),
(296,304,21,1,1,'2022-10-09 23:55:54','2022-10-09 23:55:54'),
(297,305,21,1,1,'2022-10-09 23:55:54','2022-10-09 23:55:54'),
(298,306,21,1,1,'2022-10-09 23:55:54','2022-10-09 23:55:54'),
(299,307,21,1,1,'2022-10-09 23:55:54','2022-10-09 23:55:54'),
(300,308,21,1,1,'2022-10-09 23:55:54','2022-10-09 23:55:54'),
(301,309,21,1,1,'2022-10-09 23:55:54','2022-10-09 23:55:54'),
(302,310,21,1,1,'2022-10-09 23:55:54','2022-10-09 23:55:54'),
(303,311,21,1,1,'2022-10-09 23:55:54','2022-10-09 23:55:54'),
(304,312,21,1,1,'2022-10-09 23:55:54','2022-10-09 23:55:54'),
(305,313,21,1,1,'2022-10-09 23:55:54','2022-10-09 23:55:54'),
(306,314,21,1,1,'2022-10-09 23:55:54','2022-10-09 23:55:54'),
(307,315,21,1,1,'2022-10-09 23:55:54','2022-10-09 23:55:54'),
(308,316,21,1,1,'2022-10-09 23:55:54','2022-10-09 23:55:54'),
(309,319,21,1,1,'2022-10-09 23:55:54','2022-10-09 23:55:54'),
(310,320,21,1,1,'2022-10-09 23:55:54','2022-10-09 23:55:54'),
(311,321,21,1,1,'2022-10-09 23:55:54','2022-10-09 23:55:54'),
(312,322,21,1,1,'2022-10-09 23:55:54','2022-10-09 23:55:54'),
(313,323,21,1,1,'2022-10-09 23:55:54','2022-10-09 23:55:54'),
(314,324,21,1,1,'2022-10-09 23:55:54','2022-10-09 23:55:54'),
(315,325,21,1,1,'2022-10-09 23:55:54','2022-10-09 23:55:54'),
(316,326,21,1,1,'2022-10-09 23:55:54','2022-10-09 23:55:54'),
(317,327,21,1,1,'2022-10-09 23:55:54','2022-10-09 23:55:54'),
(318,328,21,1,1,'2022-10-09 23:55:54','2022-10-09 23:55:54'),
(319,330,21,1,1,'2022-10-09 23:55:54','2022-10-09 23:55:54'),
(320,331,21,1,1,'2022-10-09 23:55:54','2022-10-09 23:55:54'),
(321,332,21,1,1,'2022-10-09 23:55:54','2022-10-09 23:55:54'),
(322,333,21,1,1,'2022-10-09 23:55:54','2022-10-09 23:55:54'),
(323,334,21,1,1,'2022-10-09 23:55:54','2022-10-09 23:55:54'),
(324,335,21,1,1,'2022-10-09 23:55:54','2022-10-09 23:55:54'),
(325,336,21,1,1,'2022-10-09 23:55:54','2022-10-09 23:55:54'),
(326,337,21,1,1,'2022-10-09 23:55:54','2022-10-09 23:55:54'),
(327,338,21,1,1,'2022-10-09 23:55:54','2022-10-09 23:55:54'),
(328,339,21,1,1,'2022-10-09 23:55:54','2022-10-09 23:55:54'),
(329,340,21,1,1,'2022-10-09 23:55:54','2022-10-09 23:55:54'),
(330,341,21,1,1,'2022-10-09 23:55:54','2022-10-09 23:55:54'),
(331,342,21,1,1,'2022-10-09 23:55:54','2022-10-09 23:55:54'),
(332,343,21,1,1,'2022-10-09 23:55:54','2022-10-09 23:55:54'),
(333,344,21,1,1,'2022-10-09 23:55:54','2022-10-09 23:55:54'),
(334,345,21,1,1,'2022-10-09 23:55:54','2022-10-09 23:55:54'),
(335,346,21,1,1,'2022-10-09 23:55:55','2022-10-09 23:55:55'),
(336,347,21,1,1,'2022-10-09 23:55:55','2022-10-09 23:55:55'),
(337,348,21,1,1,'2022-10-09 23:55:55','2022-10-09 23:55:55'),
(338,349,21,1,1,'2022-10-09 23:55:55','2022-10-09 23:55:55'),
(339,350,21,1,1,'2022-10-09 23:55:55','2022-10-09 23:55:55'),
(340,351,21,1,1,'2022-10-09 23:55:55','2022-10-09 23:55:55'),
(341,352,21,1,1,'2022-10-09 23:55:55','2022-10-09 23:55:55'),
(342,353,21,1,1,'2022-10-09 23:55:55','2022-10-09 23:55:55'),
(343,354,21,1,1,'2022-10-09 23:55:55','2022-10-09 23:55:55'),
(345,356,21,1,1,'2022-10-09 23:55:55','2022-10-09 23:55:55'),
(346,357,21,1,1,'2022-10-09 23:55:55','2022-10-09 23:55:55'),
(347,358,21,1,1,'2022-10-09 23:55:55','2022-10-09 23:55:55'),
(348,360,21,1,1,'2022-10-09 23:55:55','2022-10-09 23:55:55'),
(349,361,21,1,1,'2022-10-09 23:55:55','2022-10-09 23:55:55'),
(350,362,21,1,1,'2022-10-09 23:55:55','2022-10-09 23:55:55'),
(351,363,21,1,1,'2022-10-09 23:55:55','2022-10-09 23:55:55'),
(352,364,21,1,1,'2022-10-09 23:55:55','2022-10-09 23:55:55'),
(353,365,21,1,1,'2022-10-09 23:55:55','2022-10-09 23:55:55'),
(354,366,21,1,1,'2022-10-09 23:55:55','2022-10-09 23:55:55'),
(355,367,21,1,1,'2022-10-09 23:55:55','2022-10-09 23:55:55'),
(356,368,21,1,1,'2022-10-09 23:55:55','2022-10-09 23:55:55'),
(357,369,21,1,1,'2022-10-09 23:55:55','2022-10-09 23:55:55'),
(358,370,21,1,1,'2022-10-09 23:55:55','2022-10-09 23:55:55'),
(359,371,21,1,1,'2022-10-09 23:55:55','2022-10-09 23:55:55'),
(360,372,21,1,1,'2022-10-09 23:55:55','2022-10-09 23:55:55'),
(361,373,21,1,1,'2022-10-09 23:55:55','2022-10-09 23:55:55'),
(362,374,21,1,1,'2022-10-09 23:55:55','2022-10-09 23:55:55'),
(363,375,21,1,1,'2022-10-09 23:55:55','2022-10-09 23:55:55'),
(364,376,21,1,1,'2022-10-09 23:55:55','2022-10-09 23:55:55'),
(365,377,21,1,1,'2022-10-09 23:55:55','2022-10-09 23:55:55'),
(366,378,21,1,1,'2022-10-09 23:55:55','2022-10-09 23:55:55'),
(367,379,21,1,1,'2022-10-09 23:55:55','2022-10-09 23:55:55'),
(368,380,21,1,1,'2022-10-09 23:55:55','2022-10-09 23:55:55'),
(369,381,21,1,1,'2022-10-09 23:55:55','2022-10-09 23:55:55'),
(370,382,21,1,1,'2022-10-09 23:55:55','2022-10-09 23:55:55'),
(371,384,21,1,1,'2022-10-09 23:55:55','2022-10-09 23:55:55'),
(372,385,21,1,1,'2022-10-09 23:55:55','2022-10-09 23:55:55'),
(373,386,21,1,1,'2022-10-09 23:55:55','2022-10-09 23:55:55'),
(374,387,21,1,1,'2022-10-09 23:55:55','2022-10-09 23:55:55'),
(375,388,21,1,1,'2022-10-09 23:55:55','2022-10-09 23:55:55'),
(376,389,21,1,1,'2022-10-09 23:55:55','2022-10-09 23:55:55'),
(377,390,21,1,1,'2022-10-09 23:55:55','2022-10-09 23:55:55'),
(378,391,21,1,1,'2022-10-09 23:55:55','2022-10-09 23:55:55'),
(379,392,21,1,1,'2022-10-09 23:55:55','2022-10-09 23:55:55'),
(380,393,21,1,1,'2022-10-09 23:55:55','2022-10-09 23:55:55'),
(381,394,21,1,1,'2022-10-09 23:55:55','2022-10-09 23:55:55'),
(382,395,21,1,1,'2022-10-09 23:55:55','2022-10-09 23:55:55'),
(383,396,21,1,1,'2022-10-09 23:55:55','2022-10-09 23:55:55'),
(384,397,21,1,1,'2022-10-09 23:55:55','2022-10-09 23:55:55'),
(385,398,21,1,1,'2022-10-09 23:55:55','2022-10-09 23:55:55'),
(386,399,21,1,1,'2022-10-09 23:55:55','2022-10-09 23:55:55'),
(387,401,21,1,1,'2022-10-09 23:55:55','2022-10-09 23:55:55'),
(388,402,21,1,1,'2022-10-09 23:55:55','2022-10-09 23:55:55'),
(389,403,21,1,1,'2022-10-09 23:55:55','2022-10-09 23:55:55'),
(390,405,21,1,1,'2022-10-09 23:55:55','2022-10-09 23:55:55'),
(391,406,21,1,1,'2022-10-09 23:55:55','2022-10-09 23:55:55'),
(392,407,21,1,1,'2022-10-09 23:55:55','2022-10-09 23:55:55'),
(393,408,21,1,1,'2022-10-09 23:55:55','2022-10-09 23:55:55'),
(394,409,21,1,1,'2022-10-09 23:55:55','2022-10-09 23:55:55'),
(395,410,21,1,1,'2022-10-09 23:55:55','2022-10-09 23:55:55'),
(396,411,21,1,1,'2022-10-09 23:55:55','2022-10-09 23:55:55'),
(397,412,21,1,1,'2022-10-09 23:55:55','2022-10-09 23:55:55'),
(398,413,21,1,1,'2022-10-09 23:55:55','2022-10-09 23:55:55'),
(399,414,21,1,1,'2022-10-09 23:55:55','2022-10-09 23:55:55'),
(400,415,21,1,1,'2022-10-09 23:55:55','2022-10-09 23:55:55'),
(401,416,21,1,1,'2022-10-09 23:55:55','2022-10-09 23:55:55'),
(402,417,21,1,1,'2022-10-09 23:55:55','2022-10-09 23:55:55'),
(403,418,21,1,1,'2022-10-09 23:55:55','2022-10-09 23:55:55'),
(404,419,21,1,1,'2022-10-09 23:55:55','2022-10-09 23:55:55'),
(405,420,21,1,1,'2022-10-09 23:55:55','2022-10-09 23:55:55'),
(406,421,21,1,1,'2022-10-09 23:55:55','2022-10-09 23:55:55'),
(407,422,21,1,1,'2022-10-09 23:55:55','2022-10-09 23:55:55'),
(408,423,21,1,1,'2022-10-09 23:55:55','2022-10-09 23:55:55'),
(409,424,21,1,1,'2022-10-09 23:55:55','2022-10-09 23:55:55'),
(410,425,21,1,1,'2022-10-09 23:55:55','2022-10-09 23:55:55'),
(411,426,21,1,1,'2022-10-09 23:55:55','2022-10-09 23:55:55'),
(412,427,21,1,1,'2022-10-09 23:55:55','2022-10-09 23:55:55'),
(413,428,21,1,1,'2022-10-09 23:55:55','2022-10-09 23:55:55'),
(414,429,21,1,1,'2022-10-09 23:55:55','2022-10-09 23:55:55'),
(415,430,21,1,1,'2022-10-09 23:55:55','2022-10-09 23:55:55'),
(416,431,21,1,1,'2022-10-09 23:55:55','2022-10-09 23:55:55'),
(417,432,21,1,1,'2022-10-09 23:55:55','2022-10-09 23:55:55'),
(418,433,21,1,1,'2022-10-09 23:55:55','2022-10-09 23:55:55'),
(419,434,21,1,1,'2022-10-09 23:55:55','2022-10-09 23:55:55'),
(420,435,21,1,1,'2022-10-09 23:55:55','2022-10-09 23:55:55'),
(421,436,21,1,1,'2022-10-09 23:55:55','2022-10-09 23:55:55'),
(422,437,21,1,1,'2022-10-09 23:55:55','2022-10-09 23:55:55'),
(423,438,21,1,1,'2022-10-09 23:55:55','2022-10-09 23:55:55'),
(424,439,21,1,1,'2022-10-09 23:55:55','2022-10-09 23:55:55'),
(425,440,21,1,1,'2022-10-09 23:55:55','2022-10-09 23:55:55'),
(426,441,21,1,1,'2022-10-09 23:55:55','2022-10-09 23:55:55'),
(427,442,21,1,1,'2022-10-09 23:55:55','2022-10-09 23:55:55'),
(428,444,21,1,1,'2022-10-09 23:55:55','2022-10-09 23:55:55'),
(429,445,21,1,1,'2022-10-09 23:55:55','2022-10-09 23:55:55'),
(430,446,21,1,1,'2022-10-09 23:55:55','2022-10-09 23:55:55'),
(431,447,21,1,1,'2022-10-09 23:55:55','2022-10-09 23:55:55'),
(432,448,21,1,1,'2022-10-09 23:55:55','2022-10-09 23:55:55'),
(433,449,21,1,1,'2022-10-09 23:55:55','2022-10-09 23:55:55'),
(434,450,21,1,1,'2022-10-09 23:55:55','2022-10-09 23:55:55'),
(435,451,21,1,1,'2022-10-09 23:55:55','2022-10-09 23:55:55'),
(436,452,21,1,1,'2022-10-09 23:55:55','2022-10-09 23:55:55'),
(437,453,21,1,1,'2022-10-09 23:55:55','2022-10-09 23:55:55'),
(438,454,21,1,1,'2022-10-09 23:55:55','2022-10-09 23:55:55'),
(439,455,21,1,1,'2022-10-09 23:55:55','2022-10-09 23:55:55'),
(440,456,21,1,1,'2022-10-09 23:55:55','2022-10-09 23:55:55'),
(441,457,21,1,1,'2022-10-09 23:55:55','2022-10-09 23:55:55'),
(442,458,21,1,1,'2022-10-09 23:55:55','2022-10-09 23:55:55'),
(443,459,21,1,1,'2022-10-09 23:55:55','2022-10-09 23:55:55'),
(444,460,21,1,1,'2022-10-09 23:55:55','2022-10-09 23:55:55'),
(445,461,21,1,1,'2022-10-09 23:55:55','2022-10-09 23:55:55'),
(446,55,21,1,1,'2022-10-09 23:56:26','2022-10-09 23:56:26'),
(447,56,21,1,1,'2022-10-09 23:56:26','2022-10-09 23:56:26'),
(448,63,21,1,1,'2022-10-09 23:56:26','2022-10-09 23:56:26'),
(449,64,21,1,1,'2022-10-09 23:56:26','2022-10-09 23:56:26'),
(450,65,21,1,1,'2022-10-09 23:56:26','2022-10-09 23:56:26'),
(451,66,21,1,1,'2022-10-09 23:56:26','2022-10-09 23:56:26'),
(452,69,21,1,1,'2022-10-09 23:56:26','2022-10-09 23:56:26'),
(453,70,21,1,1,'2022-10-09 23:56:26','2022-10-09 23:56:26'),
(454,71,21,1,1,'2022-10-09 23:56:26','2022-10-09 23:56:26'),
(455,72,21,1,1,'2022-10-09 23:56:26','2022-10-09 23:56:26'),
(456,74,21,1,1,'2022-10-09 23:56:26','2022-10-09 23:56:26'),
(457,78,21,1,1,'2022-10-09 23:56:26','2022-10-09 23:56:26'),
(458,126,21,1,1,'2022-10-09 23:56:26','2022-10-09 23:56:26'),
(459,156,21,1,1,'2022-10-09 23:56:26','2022-10-09 23:56:26'),
(460,160,21,1,1,'2022-10-09 23:56:26','2022-10-09 23:56:26'),
(461,164,21,1,1,'2022-10-09 23:56:26','2022-10-09 23:56:26'),
(462,168,21,1,1,'2022-10-09 23:56:26','2022-10-09 23:56:26'),
(463,171,21,1,1,'2022-10-09 23:56:26','2022-10-09 23:56:26'),
(464,172,21,1,1,'2022-10-09 23:56:26','2022-10-09 23:56:26'),
(465,173,21,1,1,'2022-10-09 23:56:26','2022-10-09 23:56:26'),
(466,174,21,1,1,'2022-10-09 23:56:26','2022-10-09 23:56:26'),
(467,196,21,1,1,'2022-10-09 23:56:26','2022-10-09 23:56:26'),
(468,197,21,1,1,'2022-10-09 23:56:26','2022-10-09 23:56:26'),
(469,198,21,1,1,'2022-10-09 23:56:26','2022-10-09 23:56:26'),
(470,199,21,1,1,'2022-10-09 23:56:26','2022-10-09 23:56:26'),
(471,200,21,1,1,'2022-10-09 23:56:26','2022-10-09 23:56:26'),
(472,204,21,1,1,'2022-10-09 23:56:26','2022-10-09 23:56:26'),
(473,207,21,0,1,'2022-10-09 23:56:26','2022-10-09 23:56:26'),
(474,213,21,1,1,'2022-10-09 23:56:26','2022-10-09 23:56:26'),
(475,216,21,1,1,'2022-10-09 23:56:26','2022-10-09 23:56:26'),
(476,239,21,1,1,'2022-10-09 23:56:26','2022-10-09 23:56:26'),
(477,249,21,1,1,'2022-10-09 23:56:26','2022-10-09 23:56:26'),
(478,250,21,1,1,'2022-10-09 23:56:26','2022-10-09 23:56:26'),
(479,252,21,1,1,'2022-10-09 23:56:26','2022-10-09 23:56:26'),
(480,253,21,1,1,'2022-10-09 23:56:26','2022-10-09 23:56:26'),
(481,254,21,1,1,'2022-10-09 23:56:26','2022-10-09 23:56:26'),
(482,255,21,1,1,'2022-10-09 23:56:26','2022-10-09 23:56:26'),
(483,256,21,1,1,'2022-10-09 23:56:26','2022-10-09 23:56:26'),
(484,257,21,1,1,'2022-10-09 23:56:26','2022-10-09 23:56:26'),
(485,258,21,1,1,'2022-10-09 23:56:26','2022-10-09 23:56:26'),
(486,259,21,1,1,'2022-10-09 23:56:26','2022-10-09 23:56:26'),
(487,260,21,1,1,'2022-10-09 23:56:26','2022-10-09 23:56:26'),
(488,262,21,1,1,'2022-10-09 23:56:26','2022-10-09 23:56:26'),
(489,263,21,1,1,'2022-10-09 23:56:26','2022-10-09 23:56:26'),
(490,265,21,1,1,'2022-10-09 23:56:26','2022-10-09 23:56:26'),
(491,266,21,1,1,'2022-10-09 23:56:26','2022-10-09 23:56:26'),
(492,267,21,1,1,'2022-10-09 23:56:26','2022-10-09 23:56:26'),
(493,268,21,1,1,'2022-10-09 23:56:26','2022-10-09 23:56:26'),
(494,269,21,1,1,'2022-10-09 23:56:26','2022-10-09 23:56:26'),
(495,270,21,1,1,'2022-10-09 23:56:26','2022-10-09 23:56:26'),
(496,271,21,1,1,'2022-10-09 23:56:26','2022-10-09 23:56:26'),
(497,272,21,1,1,'2022-10-09 23:56:26','2022-10-09 23:56:26'),
(498,273,21,1,1,'2022-10-09 23:56:26','2022-10-09 23:56:26'),
(499,274,21,1,1,'2022-10-09 23:56:26','2022-10-09 23:56:26'),
(500,275,21,1,1,'2022-10-09 23:56:26','2022-10-09 23:56:26'),
(501,276,21,1,1,'2022-10-09 23:56:26','2022-10-09 23:56:26'),
(502,277,21,1,1,'2022-10-09 23:56:26','2022-10-09 23:56:26'),
(503,278,21,1,1,'2022-10-09 23:56:26','2022-10-09 23:56:26'),
(504,279,21,1,1,'2022-10-09 23:56:26','2022-10-09 23:56:26'),
(505,280,21,1,1,'2022-10-09 23:56:26','2022-10-09 23:56:26'),
(506,281,21,1,1,'2022-10-09 23:56:26','2022-10-09 23:56:26'),
(507,282,21,1,1,'2022-10-09 23:56:26','2022-10-09 23:56:26'),
(508,283,21,1,1,'2022-10-09 23:56:26','2022-10-09 23:56:26'),
(509,285,21,1,1,'2022-10-09 23:56:26','2022-10-09 23:56:26'),
(510,286,21,1,1,'2022-10-09 23:56:26','2022-10-09 23:56:26'),
(511,287,21,1,1,'2022-10-09 23:56:26','2022-10-09 23:56:26'),
(512,288,21,1,1,'2022-10-09 23:56:26','2022-10-09 23:56:26'),
(513,289,21,1,1,'2022-10-09 23:56:26','2022-10-09 23:56:26'),
(514,290,21,1,1,'2022-10-09 23:56:26','2022-10-09 23:56:26'),
(515,291,21,1,1,'2022-10-09 23:56:26','2022-10-09 23:56:26'),
(516,292,21,1,1,'2022-10-09 23:56:26','2022-10-09 23:56:26'),
(517,293,21,1,1,'2022-10-09 23:56:26','2022-10-09 23:56:26'),
(518,294,21,1,1,'2022-10-09 23:56:26','2022-10-09 23:56:26'),
(519,295,21,1,1,'2022-10-09 23:56:26','2022-10-09 23:56:26'),
(520,297,21,1,1,'2022-10-09 23:56:26','2022-10-09 23:56:26'),
(521,298,21,1,1,'2022-10-09 23:56:26','2022-10-09 23:56:26'),
(522,299,21,1,1,'2022-10-09 23:56:26','2022-10-09 23:56:26'),
(523,300,21,1,1,'2022-10-09 23:56:26','2022-10-09 23:56:26'),
(524,302,21,1,1,'2022-10-09 23:56:26','2022-10-09 23:56:26'),
(525,303,21,1,1,'2022-10-09 23:56:26','2022-10-09 23:56:26'),
(526,304,21,1,1,'2022-10-09 23:56:26','2022-10-09 23:56:26'),
(527,305,21,1,1,'2022-10-09 23:56:26','2022-10-09 23:56:26'),
(528,306,21,1,1,'2022-10-09 23:56:26','2022-10-09 23:56:26'),
(529,307,21,1,1,'2022-10-09 23:56:26','2022-10-09 23:56:26'),
(530,308,21,1,1,'2022-10-09 23:56:26','2022-10-09 23:56:26'),
(531,309,21,1,1,'2022-10-09 23:56:26','2022-10-09 23:56:26'),
(532,310,21,1,1,'2022-10-09 23:56:26','2022-10-09 23:56:26'),
(533,311,21,1,1,'2022-10-09 23:56:26','2022-10-09 23:56:26'),
(534,312,21,1,1,'2022-10-09 23:56:26','2022-10-09 23:56:26'),
(535,313,21,1,1,'2022-10-09 23:56:26','2022-10-09 23:56:26'),
(536,314,21,1,1,'2022-10-09 23:56:26','2022-10-09 23:56:26'),
(537,315,21,1,1,'2022-10-09 23:56:26','2022-10-09 23:56:26'),
(538,316,21,1,1,'2022-10-09 23:56:26','2022-10-09 23:56:26'),
(539,319,21,1,1,'2022-10-09 23:56:26','2022-10-09 23:56:26'),
(540,320,21,1,1,'2022-10-09 23:56:26','2022-10-09 23:56:26'),
(541,321,21,1,1,'2022-10-09 23:56:26','2022-10-09 23:56:26'),
(542,322,21,1,1,'2022-10-09 23:56:26','2022-10-09 23:56:26'),
(543,323,21,1,1,'2022-10-09 23:56:26','2022-10-09 23:56:26'),
(544,324,21,1,1,'2022-10-09 23:56:26','2022-10-09 23:56:26'),
(545,325,21,1,1,'2022-10-09 23:56:26','2022-10-09 23:56:26'),
(546,326,21,1,1,'2022-10-09 23:56:26','2022-10-09 23:56:26'),
(547,327,21,1,1,'2022-10-09 23:56:26','2022-10-09 23:56:26'),
(548,328,21,1,1,'2022-10-09 23:56:26','2022-10-09 23:56:26'),
(549,330,21,1,1,'2022-10-09 23:56:26','2022-10-09 23:56:26'),
(550,331,21,1,1,'2022-10-09 23:56:26','2022-10-09 23:56:26'),
(551,332,21,1,1,'2022-10-09 23:56:26','2022-10-09 23:56:26'),
(552,333,21,1,1,'2022-10-09 23:56:26','2022-10-09 23:56:26'),
(553,334,21,1,1,'2022-10-09 23:56:26','2022-10-09 23:56:26'),
(554,335,21,1,1,'2022-10-09 23:56:26','2022-10-09 23:56:26'),
(555,336,21,1,1,'2022-10-09 23:56:26','2022-10-09 23:56:26'),
(556,337,21,1,1,'2022-10-09 23:56:26','2022-10-09 23:56:26'),
(557,338,21,1,1,'2022-10-09 23:56:26','2022-10-09 23:56:26'),
(558,339,21,1,1,'2022-10-09 23:56:26','2022-10-09 23:56:26'),
(559,340,21,1,1,'2022-10-09 23:56:26','2022-10-09 23:56:26'),
(560,341,21,1,1,'2022-10-09 23:56:26','2022-10-09 23:56:26'),
(561,342,21,1,1,'2022-10-09 23:56:26','2022-10-09 23:56:26'),
(562,343,21,1,1,'2022-10-09 23:56:26','2022-10-09 23:56:26'),
(563,344,21,1,1,'2022-10-09 23:56:26','2022-10-09 23:56:26'),
(564,345,21,1,1,'2022-10-09 23:56:26','2022-10-09 23:56:26'),
(565,346,21,1,1,'2022-10-09 23:56:26','2022-10-09 23:56:26'),
(566,347,21,1,1,'2022-10-09 23:56:26','2022-10-09 23:56:26'),
(567,348,21,1,1,'2022-10-09 23:56:26','2022-10-09 23:56:26'),
(568,349,21,1,1,'2022-10-09 23:56:26','2022-10-09 23:56:26'),
(569,350,21,1,1,'2022-10-09 23:56:26','2022-10-09 23:56:26'),
(570,351,21,1,1,'2022-10-09 23:56:26','2022-10-09 23:56:26'),
(571,352,21,1,1,'2022-10-09 23:56:26','2022-10-09 23:56:26'),
(572,353,21,1,1,'2022-10-09 23:56:26','2022-10-09 23:56:26'),
(573,354,21,1,1,'2022-10-09 23:56:26','2022-10-09 23:56:26'),
(575,356,21,1,1,'2022-10-09 23:56:26','2022-10-09 23:56:26'),
(576,357,21,1,1,'2022-10-09 23:56:26','2022-10-09 23:56:26'),
(577,358,21,1,1,'2022-10-09 23:56:26','2022-10-09 23:56:26'),
(578,360,21,1,1,'2022-10-09 23:56:26','2022-10-09 23:56:26'),
(579,361,21,1,1,'2022-10-09 23:56:26','2022-10-09 23:56:26'),
(580,362,21,1,1,'2022-10-09 23:56:26','2022-10-09 23:56:26'),
(581,363,21,1,1,'2022-10-09 23:56:26','2022-10-09 23:56:26'),
(582,364,21,1,1,'2022-10-09 23:56:26','2022-10-09 23:56:26'),
(583,365,21,1,1,'2022-10-09 23:56:26','2022-10-09 23:56:26'),
(584,366,21,1,1,'2022-10-09 23:56:26','2022-10-09 23:56:26'),
(585,367,21,1,1,'2022-10-09 23:56:26','2022-10-09 23:56:26'),
(586,368,21,1,1,'2022-10-09 23:56:26','2022-10-09 23:56:26'),
(587,369,21,1,1,'2022-10-09 23:56:26','2022-10-09 23:56:26'),
(588,370,21,1,1,'2022-10-09 23:56:26','2022-10-09 23:56:26'),
(589,371,21,1,1,'2022-10-09 23:56:26','2022-10-09 23:56:26'),
(590,372,21,1,1,'2022-10-09 23:56:26','2022-10-09 23:56:26'),
(591,373,21,1,1,'2022-10-09 23:56:26','2022-10-09 23:56:26'),
(592,374,21,1,1,'2022-10-09 23:56:26','2022-10-09 23:56:26'),
(593,375,21,1,1,'2022-10-09 23:56:26','2022-10-09 23:56:26'),
(594,376,21,1,1,'2022-10-09 23:56:26','2022-10-09 23:56:26'),
(595,377,21,1,1,'2022-10-09 23:56:26','2022-10-09 23:56:26'),
(596,378,21,1,1,'2022-10-09 23:56:26','2022-10-09 23:56:26'),
(597,379,21,1,1,'2022-10-09 23:56:26','2022-10-09 23:56:26'),
(598,380,21,1,1,'2022-10-09 23:56:26','2022-10-09 23:56:26'),
(599,381,21,1,1,'2022-10-09 23:56:26','2022-10-09 23:56:26'),
(600,382,21,1,1,'2022-10-09 23:56:26','2022-10-09 23:56:26'),
(601,384,21,1,1,'2022-10-09 23:56:26','2022-10-09 23:56:26'),
(602,385,21,1,1,'2022-10-09 23:56:26','2022-10-09 23:56:26'),
(603,386,21,1,1,'2022-10-09 23:56:26','2022-10-09 23:56:26'),
(604,387,21,1,1,'2022-10-09 23:56:26','2022-10-09 23:56:26'),
(605,388,21,1,1,'2022-10-09 23:56:26','2022-10-09 23:56:26'),
(606,389,21,1,1,'2022-10-09 23:56:26','2022-10-09 23:56:26'),
(607,390,21,1,1,'2022-10-09 23:56:26','2022-10-09 23:56:26'),
(608,391,21,1,1,'2022-10-09 23:56:26','2022-10-09 23:56:26'),
(609,392,21,1,1,'2022-10-09 23:56:26','2022-10-09 23:56:26'),
(610,393,21,1,1,'2022-10-09 23:56:26','2022-10-09 23:56:26'),
(611,394,21,1,1,'2022-10-09 23:56:26','2022-10-09 23:56:26'),
(612,395,21,1,1,'2022-10-09 23:56:26','2022-10-09 23:56:26'),
(613,396,21,1,1,'2022-10-09 23:56:26','2022-10-09 23:56:26'),
(614,397,21,1,1,'2022-10-09 23:56:26','2022-10-09 23:56:26'),
(615,398,21,1,1,'2022-10-09 23:56:26','2022-10-09 23:56:26'),
(616,399,21,1,1,'2022-10-09 23:56:26','2022-10-09 23:56:26'),
(617,401,21,1,1,'2022-10-09 23:56:26','2022-10-09 23:56:26'),
(618,402,21,1,1,'2022-10-09 23:56:26','2022-10-09 23:56:26'),
(619,403,21,1,1,'2022-10-09 23:56:26','2022-10-09 23:56:26'),
(620,405,21,1,1,'2022-10-09 23:56:26','2022-10-09 23:56:26'),
(621,406,21,1,1,'2022-10-09 23:56:26','2022-10-09 23:56:26'),
(622,407,21,1,1,'2022-10-09 23:56:26','2022-10-09 23:56:26'),
(623,408,21,1,1,'2022-10-09 23:56:26','2022-10-09 23:56:26'),
(624,409,21,1,1,'2022-10-09 23:56:26','2022-10-09 23:56:26'),
(625,410,21,1,1,'2022-10-09 23:56:26','2022-10-09 23:56:26'),
(626,411,21,1,1,'2022-10-09 23:56:26','2022-10-09 23:56:26'),
(627,412,21,1,1,'2022-10-09 23:56:26','2022-10-09 23:56:26'),
(628,413,21,1,1,'2022-10-09 23:56:26','2022-10-09 23:56:26'),
(629,414,21,1,1,'2022-10-09 23:56:26','2022-10-09 23:56:26'),
(630,415,21,1,1,'2022-10-09 23:56:26','2022-10-09 23:56:26'),
(631,416,21,1,1,'2022-10-09 23:56:26','2022-10-09 23:56:26'),
(632,417,21,1,1,'2022-10-09 23:56:26','2022-10-09 23:56:26'),
(633,418,21,1,1,'2022-10-09 23:56:26','2022-10-09 23:56:26'),
(634,419,21,1,1,'2022-10-09 23:56:26','2022-10-09 23:56:26'),
(635,420,21,1,1,'2022-10-09 23:56:26','2022-10-09 23:56:26'),
(636,421,21,1,1,'2022-10-09 23:56:26','2022-10-09 23:56:26'),
(637,422,21,1,1,'2022-10-09 23:56:26','2022-10-09 23:56:26'),
(638,423,21,1,1,'2022-10-09 23:56:26','2022-10-09 23:56:26'),
(639,424,21,1,1,'2022-10-09 23:56:26','2022-10-09 23:56:26'),
(640,425,21,1,1,'2022-10-09 23:56:26','2022-10-09 23:56:26'),
(641,426,21,1,1,'2022-10-09 23:56:26','2022-10-09 23:56:26'),
(642,427,21,1,1,'2022-10-09 23:56:26','2022-10-09 23:56:26'),
(643,428,21,1,1,'2022-10-09 23:56:26','2022-10-09 23:56:26'),
(644,429,21,1,1,'2022-10-09 23:56:26','2022-10-09 23:56:26'),
(645,430,21,1,1,'2022-10-09 23:56:26','2022-10-09 23:56:26'),
(646,431,21,1,1,'2022-10-09 23:56:26','2022-10-09 23:56:26'),
(647,432,21,1,1,'2022-10-09 23:56:26','2022-10-09 23:56:26'),
(648,433,21,1,1,'2022-10-09 23:56:26','2022-10-09 23:56:26'),
(649,434,21,1,1,'2022-10-09 23:56:26','2022-10-09 23:56:26'),
(650,435,21,1,1,'2022-10-09 23:56:26','2022-10-09 23:56:26'),
(651,436,21,1,1,'2022-10-09 23:56:26','2022-10-09 23:56:26'),
(652,437,21,1,1,'2022-10-09 23:56:26','2022-10-09 23:56:26'),
(653,438,21,1,1,'2022-10-09 23:56:26','2022-10-09 23:56:26'),
(654,439,21,1,1,'2022-10-09 23:56:26','2022-10-09 23:56:26'),
(655,440,21,1,1,'2022-10-09 23:56:26','2022-10-09 23:56:26'),
(656,441,21,1,1,'2022-10-09 23:56:26','2022-10-09 23:56:26'),
(657,442,21,1,1,'2022-10-09 23:56:26','2022-10-09 23:56:26'),
(658,444,21,1,1,'2022-10-09 23:56:26','2022-10-09 23:56:26'),
(659,445,21,1,1,'2022-10-09 23:56:26','2022-10-09 23:56:26'),
(660,446,21,1,1,'2022-10-09 23:56:26','2022-10-09 23:56:26'),
(661,447,21,1,1,'2022-10-09 23:56:26','2022-10-09 23:56:26'),
(662,448,21,1,1,'2022-10-09 23:56:26','2022-10-09 23:56:26'),
(663,449,21,1,1,'2022-10-09 23:56:26','2022-10-09 23:56:26'),
(664,450,21,1,1,'2022-10-09 23:56:26','2022-10-09 23:56:26'),
(665,451,21,1,1,'2022-10-09 23:56:26','2022-10-09 23:56:26'),
(666,452,21,1,1,'2022-10-09 23:56:26','2022-10-09 23:56:26'),
(667,453,21,1,1,'2022-10-09 23:56:26','2022-10-09 23:56:26'),
(668,454,21,1,1,'2022-10-09 23:56:26','2022-10-09 23:56:26'),
(669,455,21,1,1,'2022-10-09 23:56:26','2022-10-09 23:56:26'),
(670,456,21,1,1,'2022-10-09 23:56:26','2022-10-09 23:56:26'),
(671,457,21,1,1,'2022-10-09 23:56:26','2022-10-09 23:56:26'),
(672,458,21,1,1,'2022-10-09 23:56:26','2022-10-09 23:56:26'),
(673,459,21,1,1,'2022-10-09 23:56:26','2022-10-09 23:56:26'),
(674,460,21,1,1,'2022-10-09 23:56:26','2022-10-09 23:56:26'),
(675,461,21,1,1,'2022-10-09 23:56:26','2022-10-09 23:56:26'),
(676,77,17,1,74,'2022-10-19 02:17:56','2022-10-19 02:17:56'),
(677,96,17,1,74,'2022-10-19 02:17:56','2022-10-19 02:17:56'),
(678,127,17,1,74,'2022-10-19 02:17:56','2022-10-19 02:17:56'),
(679,128,17,1,74,'2022-10-19 02:17:56','2022-10-19 02:17:56'),
(680,134,17,1,74,'2022-10-19 02:17:56','2022-10-19 02:17:56'),
(681,135,17,1,74,'2022-10-19 02:17:56','2022-10-19 02:17:56'),
(682,137,17,1,74,'2022-10-19 02:17:56','2022-10-19 02:17:56'),
(683,138,17,1,74,'2022-10-19 02:17:56','2022-10-19 02:17:56'),
(684,140,17,1,74,'2022-10-19 02:17:56','2022-10-19 02:17:56'),
(685,141,17,1,74,'2022-10-19 02:17:56','2022-10-19 02:17:56'),
(686,143,17,1,74,'2022-10-19 02:17:56','2022-10-19 02:17:56'),
(687,144,17,1,74,'2022-10-19 02:17:56','2022-10-19 02:17:56'),
(688,147,17,1,74,'2022-10-19 02:17:56','2022-10-19 02:17:56'),
(689,148,17,1,74,'2022-10-19 02:17:56','2022-10-19 02:17:56'),
(690,149,17,1,74,'2022-10-19 02:17:56','2022-10-19 02:17:56'),
(691,150,17,1,74,'2022-10-19 02:17:56','2022-10-19 02:17:56'),
(692,151,17,1,74,'2022-10-19 02:17:56','2022-10-19 02:17:56'),
(693,152,17,1,74,'2022-10-19 02:17:56','2022-10-19 02:17:56'),
(694,184,17,1,74,'2022-10-19 02:17:56','2022-10-19 02:17:56'),
(695,201,17,1,74,'2022-10-19 02:17:56','2022-10-19 02:17:56'),
(696,202,17,1,74,'2022-10-19 02:17:56','2022-10-19 02:17:56'),
(697,203,17,1,74,'2022-10-19 02:17:56','2022-10-19 02:17:56'),
(698,209,17,1,74,'2022-10-19 02:17:56','2022-10-19 02:17:56'),
(699,210,17,1,74,'2022-10-19 02:17:56','2022-10-19 02:17:56'),
(700,211,17,1,74,'2022-10-19 02:17:56','2022-10-19 02:17:56'),
(701,247,17,1,74,'2022-10-19 02:17:56','2022-10-19 02:17:56'),
(702,443,17,1,74,'2022-10-19 02:17:56','2022-10-19 02:17:56'),
(703,77,11,1,74,'2022-10-19 02:27:54','2022-10-19 02:27:54'),
(704,96,11,1,74,'2022-10-19 02:27:54','2022-10-19 02:27:54'),
(705,127,11,1,74,'2022-10-19 02:27:54','2022-10-19 02:27:54'),
(706,128,11,1,74,'2022-10-19 02:27:54','2022-10-19 02:27:54'),
(707,134,11,1,74,'2022-10-19 02:27:54','2022-10-19 02:27:54'),
(708,135,11,1,74,'2022-10-19 02:27:54','2022-10-19 02:27:54'),
(709,137,11,1,74,'2022-10-19 02:27:54','2022-10-19 02:27:54'),
(710,138,11,1,74,'2022-10-19 02:27:54','2022-10-19 02:27:54'),
(711,140,11,1,74,'2022-10-19 02:27:54','2022-10-19 02:27:54'),
(712,141,11,1,74,'2022-10-19 02:27:54','2022-10-19 02:27:54'),
(713,143,11,1,74,'2022-10-19 02:27:54','2022-10-19 02:27:54'),
(714,144,11,1,74,'2022-10-19 02:27:54','2022-10-19 02:27:54'),
(715,147,11,1,74,'2022-10-19 02:27:54','2022-10-19 02:27:54'),
(716,148,11,1,74,'2022-10-19 02:27:54','2022-10-19 02:27:54'),
(717,149,11,1,74,'2022-10-19 02:27:54','2022-10-19 02:27:54'),
(718,150,11,1,74,'2022-10-19 02:27:54','2022-10-19 02:27:54'),
(719,151,11,1,74,'2022-10-19 02:27:54','2022-10-19 02:27:54'),
(720,152,11,1,74,'2022-10-19 02:27:54','2022-10-19 02:27:54'),
(721,184,11,1,74,'2022-10-19 02:27:54','2022-10-19 02:27:54'),
(722,201,11,1,74,'2022-10-19 02:27:54','2022-10-19 02:27:54'),
(723,202,11,1,74,'2022-10-19 02:27:54','2022-10-19 02:27:54'),
(724,203,11,1,74,'2022-10-19 02:27:54','2022-10-19 02:27:54'),
(725,209,11,1,74,'2022-10-19 02:27:54','2022-10-19 02:27:54'),
(726,210,11,1,74,'2022-10-19 02:27:54','2022-10-19 02:27:54'),
(727,211,11,1,74,'2022-10-19 02:27:54','2022-10-19 02:27:54'),
(728,247,11,1,74,'2022-10-19 02:27:54','2022-10-19 02:27:54'),
(729,443,11,1,74,'2022-10-19 02:27:54','2022-10-19 02:27:54'),
(734,355,16,1,NULL,'2022-12-01 22:03:43','2022-12-01 22:03:43'),
(735,417,16,1,NULL,'2022-12-03 01:13:40','2022-12-03 01:13:40'),
(736,491,16,1,NULL,'2023-01-26 22:53:36','2023-01-26 22:53:36'),
(737,492,26,0,1,'2023-03-07 15:11:58','2023-03-07 15:11:58'),
(738,492,27,0,1,'2023-03-07 15:16:09','2023-03-07 15:16:09'),
(739,492,26,1,1,'2023-03-07 15:16:09','2023-03-07 15:16:09'),
(740,492,27,1,1,'2023-03-07 19:31:30','2023-03-07 19:31:30'),
(741,494,26,0,1,'2023-03-07 19:31:30','2023-03-07 19:31:30'),
(742,494,21,0,1,'2023-03-07 19:31:30','2023-03-07 19:31:30'),
(743,494,28,0,1,'2023-03-08 00:35:42','2023-03-08 00:35:42'),
(744,174,16,1,NULL,'2023-04-21 19:33:33','2023-04-21 19:33:33');

/*Table structure for table `user_ticket_reset_settings` */

DROP TABLE IF EXISTS `user_ticket_reset_settings`;

CREATE TABLE `user_ticket_reset_settings` (
  `id` int(6) NOT NULL AUTO_INCREMENT,
  `user_id` int(6) DEFAULT NULL,
  `is_enable` int(1) DEFAULT NULL COMMENT '1:true, 0:false',
  `time_type` int(1) DEFAULT NULL COMMENT '1:monthly, 2:weekly',
  `time_value` int(2) DEFAULT NULL COMMENT 'time_type:1->> 1~31, time_value->2: 1-mon~7:sun',
  `ticket_value` int(2) DEFAULT NULL COMMENT '0~99',
  `create_date` datetime DEFAULT NULL,
  `update_date` datetime DEFAULT NULL,
  PRIMARY KEY (`id`) USING BTREE
) ENGINE=InnoDB AUTO_INCREMENT=7 DEFAULT CHARSET=utf8 ROW_FORMAT=DYNAMIC;

/*Data for the table `user_ticket_reset_settings` */

insert  into `user_ticket_reset_settings`(`id`,`user_id`,`is_enable`,`time_type`,`time_value`,`ticket_value`,`create_date`,`update_date`) values 
(3,31,0,1,1,0,'2021-12-18 16:40:33','2021-12-18 16:40:33'),
(4,59,1,1,19,4,'2021-12-18 23:21:39','2021-12-19 09:12:31'),
(5,35,1,1,21,50,'2021-12-19 10:12:51','2021-12-19 10:18:15'),
(6,97,1,1,1,4,'2021-12-20 15:00:40','2021-12-20 15:01:26');

/*Table structure for table `user_tickets` */

DROP TABLE IF EXISTS `user_tickets`;

CREATE TABLE `user_tickets` (
  `id` int(6) NOT NULL AUTO_INCREMENT,
  `user_id` int(6) DEFAULT NULL,
  `ticket_id` int(6) DEFAULT NULL,
  `count` int(6) DEFAULT NULL,
  `is_reset` int(1) DEFAULT NULL,
  `reset_time_type` int(1) DEFAULT NULL,
  `reset_time_value` int(2) DEFAULT NULL,
  `reset_count` varchar(6) DEFAULT NULL,
  `create_date` datetime DEFAULT NULL,
  `update_date` datetime DEFAULT NULL,
  PRIMARY KEY (`id`) USING BTREE
) ENGINE=InnoDB AUTO_INCREMENT=52 DEFAULT CHARSET=utf8 ROW_FORMAT=DYNAMIC;

/*Data for the table `user_tickets` */

insert  into `user_tickets`(`id`,`user_id`,`ticket_id`,`count`,`is_reset`,`reset_time_type`,`reset_time_value`,`reset_count`,`create_date`,`update_date`) values 
(18,136,14,15,0,0,0,'0','2022-02-13 10:56:17','2022-03-17 19:09:04'),
(19,152,14,0,0,0,0,'0','2022-02-24 16:26:38','2022-02-24 16:26:38'),
(20,152,15,0,0,0,0,'0','2022-02-24 16:26:38','2022-02-24 16:26:38'),
(21,152,16,0,0,0,0,'0','2022-02-24 16:26:38','2022-02-24 16:26:38'),
(22,152,17,0,0,0,0,'0','2022-02-24 16:26:38','2022-02-24 16:26:38'),
(26,136,16,5,0,0,0,'0','2022-03-11 16:13:11','2022-03-17 19:09:04'),
(27,136,15,11,0,0,0,'0','2022-03-11 16:17:18','2022-03-17 19:09:04'),
(35,136,17,0,0,0,0,'0','2022-03-17 19:09:04','2022-03-17 19:09:04'),
(37,141,14,0,0,0,0,'0','2022-04-18 17:38:01','2022-04-18 17:38:01'),
(38,141,23,0,0,0,0,'0','2022-04-18 17:38:01','2022-04-18 17:38:01'),
(39,141,15,0,0,0,0,'0','2022-04-18 17:38:01','2022-04-18 17:38:01'),
(40,141,16,0,0,0,0,'0','2022-04-18 17:38:01','2022-04-18 17:38:01'),
(41,141,17,0,0,0,0,'0','2022-04-18 17:38:01','2022-04-18 17:38:01'),
(42,217,21,4,0,0,0,'0','2022-08-01 18:03:16','2022-08-01 18:03:31'),
(43,143,14,0,0,0,0,'0','2023-01-11 10:05:00','2023-01-11 10:05:00'),
(44,143,15,0,0,0,0,'0','2023-01-11 10:05:00','2023-01-11 10:05:00'),
(45,143,16,0,0,0,0,'0','2023-01-11 10:05:00','2023-01-11 10:05:00'),
(46,143,17,0,0,0,0,'0','2023-01-11 10:05:00','2023-01-11 10:05:00'),
(48,494,14,0,0,0,0,'0','2023-03-22 09:41:00','2023-03-22 16:02:15'),
(49,494,15,0,0,0,0,'0','2023-03-22 09:41:00','2023-03-22 16:02:15'),
(50,494,16,0,0,0,0,'0','2023-03-22 09:41:00','2023-03-22 16:02:15'),
(51,494,17,0,0,0,0,'0','2023-03-22 09:41:00','2023-03-22 16:02:15');

/*Table structure for table `users` */

DROP TABLE IF EXISTS `users`;

CREATE TABLE `users` (
  `user_id` int(6) NOT NULL AUTO_INCREMENT,
  `company_id` int(6) DEFAULT NULL,
  `user_no` varchar(255) DEFAULT NULL,
  `user_qrcode` varchar(255) DEFAULT NULL,
  `user_grade` varchar(255) DEFAULT NULL,
  `user_first_name` varchar(255) DEFAULT NULL,
  `user_last_name` varchar(255) DEFAULT NULL,
  `user_nick` varchar(128) DEFAULT NULL,
  `user_email` varchar(255) DEFAULT NULL,
  `user_tel` varchar(255) DEFAULT NULL,
  `user_sex` int(1) DEFAULT NULL,
  `user_birthday` date DEFAULT NULL,
  `user_ticket` int(1) DEFAULT NULL,
  `user_device_token` varchar(255) DEFAULT NULL,
  `user_password` varchar(255) DEFAULT NULL,
  `is_message_push` int(1) DEFAULT NULL,
  `is_reserve_request_push` int(1) DEFAULT NULL,
  `is_reserve_apply_push` int(1) DEFAULT NULL,
  `visible` int(1) DEFAULT NULL,
  `user_comment` varchar(255) DEFAULT NULL,
  `create_date` datetime DEFAULT NULL,
  `update_date` datetime DEFAULT NULL,
  PRIMARY KEY (`user_id`) USING BTREE
) ENGINE=InnoDB AUTO_INCREMENT=500 DEFAULT CHARSET=utf8 ROW_FORMAT=DYNAMIC;

/*Data for the table `users` */

insert  into `users`(`user_id`,`company_id`,`user_no`,`user_qrcode`,`user_grade`,`user_first_name`,`user_last_name`,`user_nick`,`user_email`,`user_tel`,`user_sex`,`user_birthday`,`user_ticket`,`user_device_token`,`user_password`,`is_message_push`,`is_reserve_request_push`,`is_reserve_apply_push`,`visible`,`user_comment`,`create_date`,`update_date`) values 
(1,NULL,'99999999999',NULL,NULL,NULL,NULL,'一見',NULL,NULL,NULL,NULL,NULL,NULL,NULL,NULL,NULL,NULL,1,NULL,'2021-08-17 21:52:42','2021-08-17 21:52:45'),
(55,1,'65366069549','connect!65366069549!conceptbar.info!001!59','1','久保田','亮二','久保田　亮二','amuro-gorugo13@docomo.ne.jp','09070238622',1,'1984-06-03',0,'dW9BY35HTPGX0oHo_AHO7X:APA91bHoB9KX5R8ufXmZuKy63T8JuvzqCDxg71C2k2Gsal3r-Obqq_ugU-lDFN_fo3QvDJbxZNgrFlJLFaIkT0b7hhtI2h8GRXl-Whlp4-vU8hsx-0tT7bgr9rraqkH1aVA8SBV56sBE',NULL,NULL,NULL,NULL,1,NULL,'2021-10-28 15:12:03','2021-10-28 15:12:03'),
(56,1,'84628898993','connect!84628898993!conceptbar.info!001!74','1','五島','真樹','五島','mg5p.rin@gmail.com','09021330080',1,'2021-01-28',0,'fXhOoR9OQiWj0lV3rNkNHb:APA91bFZZKDRgyz0U6X5iR2ymbR07dGANndIBq59gPpDHQCrzb41pwSyOfbpEemCI3cmC10wrWiVN59Am6HO6mVwRhyWYPllMQUSnl02FdwLhOmhPEkUG8fZMwRWpAEgihf5z0LOGXLZ',NULL,NULL,NULL,NULL,1,NULL,'2021-10-28 15:12:38','2021-10-28 15:12:38'),
(63,1,'82078425748','connect!82078425748!conceptbar.info!001!55','1','山下','亮','Ryo','libero.party.plan@gmail.com','09083017500',1,'1992-10-25',0,'dhu_nfN-Y0KhkmmZUXjxI8:APA91bEFy4JlILjLQYk2LXWVXutMPokFQJ3xcYG14La3vZUmrHPTeblZPt_jm9lvLoIyzSj9L6H5CTs3IxjBM-XCzKezyX81N7i_h05TqzexxCG-3J_3YqgrVz6ZReHgkgc5IYC3pqbz',NULL,NULL,NULL,NULL,1,NULL,'2021-11-04 22:29:51','2021-11-04 22:30:58'),
(64,1,'99255236153','connect!99255236153!conceptbar.info!001!50','1','山下','昭','あき','aki020311ra@ezweb.ne.jp','09034454173',1,'1970-06-07',0,'ciGs4v8MV0DRp1ETfaJqCk:APA91bEEF9G5hfgc0JSMoZde33CUv5kaOa-ZQEHTiYkcWvZNeQqrhBZ-ZlFQzlyEZsmA-jwrg4NhuHsucAQccg6GlujUrwaxauobHkQMYRh5hWKYjr-vBnTnbz_v70pfCWnpljjyfk_X',NULL,NULL,NULL,NULL,1,NULL,'2021-11-04 23:54:48','2021-11-04 23:57:53'),
(65,1,'38871839193','connect!38871839193!conceptbar.info!001!60','1','山下','藍','AI','aichapi1208@gmail.com','09066448021',2,'1996-02-01',0,'eNKg-_Mw6UQSjWoCE_dxDG:APA91bFN9HznsVhEX58jtajE6kRbDgp5tvwfsL3HPQ65B2cweEB6qY337f_c0tsG-huv_SVvil4kI_N-H4_OGeIqV9jCQp1G3okFQ1FiLr_PuLYUaj7tN9tZM5UCAyUAB2b2aymQIC2w',NULL,NULL,NULL,NULL,1,NULL,'2021-11-05 10:58:09','2021-11-05 11:00:40'),
(66,1,'22370996823','connect!22370996823!conceptbar.info!001!51','1','宮嶋','さやか','SAYAKA','sayacmluvpoyoxoxo@gmail.com','09029462769',2,'1995-10-01',0,'fNsySFhEnU41jP1vJErdhY:APA91bH7evpbEzGJZ9iXYF6QxrBxC_kdWZjQzfNnWccKngt6fkQVr8j6Dc6VyWD8n4PTbIErvcHy1-M_IlKdkbacsXhDfOFdWzJmEsU1LwLOHNq2Tlc3ubCl1KB-Kd8NtcvdCD7TVmPH',NULL,NULL,NULL,NULL,1,NULL,'2021-11-05 17:52:44','2021-11-05 17:52:44'),
(69,1,'72671678160','connect!72671678160!conceptbar.info!001!51','1','北川','雄也','Yuya Kitagawa','fancyboy-yuya0815@i.softbank.jp','09039328150',1,'1995-08-15',0,'d5uqGc2WJEHogfwdgDsJl3:APA91bE4QD3pAeprTSU8ucytrXNH9UYAClyMn-fOalRURVLpOeHjHvuyfoApIHW57ILjqkqcCbh5Y9CoBIiD-v4qI0-uOjN2sTq6M07wBwWwv-eZ5h0plRd0DYfut_SYkUQkrdqMM8rm',NULL,NULL,NULL,NULL,1,NULL,'2021-11-21 09:16:29','2021-11-21 09:16:29'),
(70,1,'54376035021','connect!54376035021!conceptbar.info!001!36','1','金子','大介','D-space','kaneko@dspace-designworks.com','07040966914',1,'1984-09-23',0,'cspkFbSYSkA6oLKSItKzMl:APA91bGA_MXp5Ayn4JnsQrkbvX-n0mT5Qn_uAmyF4voMy4OF2RzijdDbnhJaFc3LWXUo2KN8e1stL2Ztm3SI8M80pZFN9JKEC3dK_HopEaPlQm4qF7R1FUAgqpGzVYwuXRcU-wPkVJQY',NULL,NULL,NULL,NULL,1,NULL,'2021-11-21 09:51:58','2021-11-21 09:51:58'),
(71,1,'13796583040','connect!13796583040!conceptbar.info!001!46','1','斉藤','雅博','斎藤','whitvenus.healing@gmail.com','08030637943',1,'2021-11-15',0,'dYCI4HdgcUCTlVacPkTDIW:APA91bHCKKyNcaaY3u1U7HkhTacoLN1PmdZ3yAFgUgNHhdwOq2hwkGE8FnZfhLYM4abc6AL9vE6NYntcb1ePkfKrW3x9K9yyE_qvu61WemwxWWXVtFgLmlZi4DloM2SHVsc54fr1czYF',NULL,NULL,NULL,NULL,1,NULL,'2021-11-21 11:40:22','2021-12-04 17:10:56'),
(72,1,'17214203155','connect!17214203155!conceptbar.info!001!31','1','安井','梢','こずえ','k49angelo@docomo.ne.jp','09056237287',2,'1981-04-09',0,'cBmd_Q3loE_-p8xvJGnfcf:APA91bHEEKBLQ9g8dZDbaSlGEtmOg2kH6THsi7EtRqZVnM8pWooFir20-gwyYZV6iMSYdgSOXSYAjZioA1TcC_6_nbWZKajBhwOdpUneMWChpNg70j9WAqkAJ7x02x8OrmXHi8ob6xnp',NULL,NULL,NULL,NULL,1,NULL,'2021-11-21 11:45:05','2021-12-17 10:11:37'),
(74,1,'59729271529','connect!59729271529!conceptbar.info!001!58','1','藤岡','健生','けんせい','fujioka@ascente.co.jp','08036935938',1,'1973-03-22',0,'d2LZA7jH0ErivPNg6a5qn_:APA91bGiuGBdbTz6wKYxon3rNApj5kKXz5ewbtAcltnTa1p5J4XEUWioE1K4aYHRT5FwzCwokJsj2k77P8FATQzeVPQ8zsHsHMyYMDPt8phAoKfJ_M8VkXi7z4hVRSHl_XJYazZl7W30',NULL,NULL,NULL,NULL,1,NULL,'2021-11-22 17:45:46','2021-11-22 17:45:46'),
(78,1,'52356561496','connect!52356561496!conceptbar.info!001!52','1','金子','大介','Dspace','d.space.designworks@gmail.com','07040966914',1,'1984-09-23',0,'c1FSdfhCZUNbo-ZSY20a61:APA91bE-_zow-3uZjvBgtQhy003YF5exyTmrsLhhkE-NT0vBgzutDF2X8Mhc9bA-gzHLAcs52ZspRNkyfoAMua7foe2MQb7GUWvI1MFaJ_aKa-oatAw_LNWIhRBo6im5msD_v8bn12yS',NULL,NULL,NULL,NULL,1,NULL,'2021-12-04 13:18:56','2021-12-04 13:18:56'),
(114,3,'50015461479','connect!50015461479!koritori.jp!003!42','1','tt','tt','12','ttt','1234',1,'2021-12-21',0,'eM3HX6smQ9Cmsua7hvh0yp:APA91bEq4U8UcRZGbsNFI0pVHIRiaydtkDt4uT37sYEz0mgCN7_8if66AIZroAZZ8ZyjVst6PuUTrW-ol6NSd3GrJqBwxlZwxuNpVQ8EDX8JE7I2DuEL0h2hxmQyEHV9mqX7khVh_0R5',NULL,NULL,NULL,NULL,1,NULL,'2021-12-21 12:41:39','2021-12-21 12:41:39'),
(115,3,'35250727738','connect!35250727738!koritori.jp!003!49','1','yy','y','y','ewr','y',1,'2021-12-21',0,'cwFzxolPSOeoWpDtwb4uBF:APA91bFuUDLjdYdkCeHiwc0HvrURJ-oQvygf93fmlDgeJyEL_TzeHvS8aNGQY86XWYG33dGhgZTguYa9wBIM5Y849QBFM_i9KNBT-f7Ic6RoADGcmWCPzzUqNdDq1sYSLknVWPOIUhLL',NULL,NULL,NULL,NULL,1,NULL,'2021-12-21 14:09:23','2021-12-21 14:09:23'),
(116,3,'63506950135','connect!63506950135!koritori.jp!003!43','1','test','set','set','232323','set',1,'2021-12-21',0,'egRY6FlrTaWSCKvEASOPEt:APA91bGGILErtUZBUp8qvnJPzS2SO_XKgq9QDqBxGBBgQjosptbulIU3e33B8YbOVMSkEu9-I5P6wNfpDmjn8neF_XqM7-AMH4xsgZa5p2ZD63wqF3ntqFVsEbYDEzGdx-T0KOAF8KNB',NULL,NULL,NULL,NULL,1,NULL,'2021-12-21 16:08:08','2021-12-21 16:08:08'),
(117,3,'73332385346','connect!73332385346!koritori.jp!003!47','1','ew','wer','werwer','te','12',1,'2021-12-21',0,'drH0hqE5rkRitbJGhZeDaq:APA91bHf6o9dAmIffHYYc9YE1foWPzP2ApXdDxEnwOteUU2qlUW3T557R3dUilxHowrqJaXpxYE39FMoGoipDViF_61RaXS2Mzd-dDfUi9MHBGwzkZKPYRPAwn5ood2TkibjFGvKLI1Q',NULL,NULL,NULL,NULL,1,NULL,'2021-12-21 18:15:02','2021-12-21 18:15:02'),
(118,3,'90722331518','connect!90722331518!koritori.jp!003!41','1','リベロ','たろう','リベロたろう','a@a.xjd','12345',1,'2021-12-21',0,'esuMTGeXS1-5FiMV3w9lN8:APA91bEmOFeQ_RLaMHTNE9i19IjIsta1dnpq5KPIbiakZL7GaPiDLqtzxG81IFDMHsPLOxPGXzsoOTReYU37lv-TVVbhYz714akAOb1QTp9P7k5vtRq842jN8DVh_hZ3MlhB0iAaO5Uz',NULL,NULL,NULL,NULL,1,NULL,'2021-12-21 18:18:43','2021-12-21 18:18:43'),
(119,3,'97137474173','connect!97137474173!koritori.jp!003!53','1','e','tee','te','wt','et',1,'2021-12-21',0,'cXy6Q5EMTNe0douun_nndg:APA91bH8vAKNn4duc8xx60qMkrMnGFemDyPQP7u928It4765iG_BnALhvc8_EO_X8pNcj5Xm1pnzehMbSXpoRt77O26XMJIcamlFvnTMH5PfwzpOcd2fnaFB7eiTQMS-BSDRlKFw2ZBf',NULL,NULL,NULL,NULL,1,NULL,'2021-12-21 19:11:06','2021-12-21 19:11:06'),
(126,1,'51842178528','connect!51842178528!conceptbar.info!001!51','1','John','Smith','John','boracay.gpt12021@gmail.com','1234567890',1,'1990-12-01',0,'fr6bLDxpR7GuBf-O4cEEtD:APA91bEZtXMEnDf1ftC9H3gpX8Bebav3slXUOLHTbHWaFRJFhL4_kNI6HT1jNYDPeFqhLtBuCAtAYgFvxBwFbo9mVIqi_l0J_8Za0JAaVrKmYB5GyQRRLqnI5nVMwJQsa5QBAEPnzx1g',NULL,NULL,NULL,NULL,1,NULL,'2021-12-25 13:59:14','2021-12-25 13:59:14'),
(127,2,'76232762570','connect!76232762570!riraku-kan.jp!002!47','1','安井','梢','ジョゼ','k49aangelo@yahoo.co.jp','09056237287',2,'1981-04-09',0,'cBmd_Q3loE_-p8xvJGnfcf:APA91bHEEKBLQ9g8dZDbaSlGEtmOg2kH6THsi7EtRqZVnM8pWooFir20-gwyYZV6iMSYdgSOXSYAjZioA1TcC_6_nbWZKajBhwOdpUneMWChpNg70j9WAqkAJ7x02x8OrmXHi8ob6xnp','3fe14770fec146e60f3a9696594c1b323c13430c',NULL,NULL,NULL,1,NULL,'2021-12-27 18:33:42','2022-02-01 16:49:20'),
(128,2,'80900006687','connect!80900006687!riraku-kan.jp!002!44','1','藤岡','健生','けんせー','e920011@yahoo.ne.jp','08036935938',1,'1973-03-22',0,'d2LZA7jH0ErivPNg6a5qn_:APA91bGiuGBdbTz6wKYxon3rNApj5kKXz5ewbtAcltnTa1p5J4XEUWioE1K4aYHRT5FwzCwokJsj2k77P8FATQzeVPQ8zsHsHMyYMDPt8phAoKfJ_M8VkXi7z4hVRSHl_XJYazZl7W30','9996fc1af2972a75da8b5fb8433029176308abfa',NULL,NULL,NULL,1,NULL,'2022-01-11 17:09:17','2022-12-02 13:25:21'),
(134,2,'61984835548','connect!61984835548!riraku-kan.jp!002!61','1','西尾','和晃','にしお','aaaaa@aaaaa.com','0000',1,'1985-02-08',0,'dBt3fV7eTZez71_KV21VTe:APA91bHKh0Z3G9hM3Z4XL0droUZYidvfm_sFR1vInkysRIP5LXeXtodaA3B0Enyb0Z67rqUNJ2jolHvg0jNHuuvA00HMygHR5bxV7xAvBvOs-wdkk_2WqwodchARHjIqo2SO5INjp5oq','8cb2237d0679ca88db6464eac60da96345513964',NULL,NULL,NULL,1,NULL,'2022-01-28 12:46:50','2022-05-18 10:01:50'),
(135,2,'38680575152','connect!38680575152!riraku-kan.jp!002!50','1','西尾','和晃','にしお','aaaaagf@aaaaa.com','0000',1,'1985-02-08',0,'cNBwKvFgr088haka4NYyKG:APA91bFS8eFdkotRByFmTJFWhjt0MiKreVtUtnvwHggmkLI3LTI0nf6ujcpMa_Hki4eZAPSVpPWXG0BYaAMUxRGL-aldJPhkTdEb46QU_mDouJQS-ZqIULi6hWkyIS_usK4OCHkz3v2M',NULL,NULL,NULL,NULL,1,NULL,'2022-01-28 12:46:58','2022-01-28 12:46:58'),
(137,2,'24873770452','connect!24873770452!riraku-kan.jp!002!49','1','安井','梢','ジョゼ','k49angelo＠yahoo.co.jp','09056237287',2,'2022-04-09',0,'cBmd_Q3loE_-p8xvJGnfcf:APA91bHEEKBLQ9g8dZDbaSlGEtmOg2kH6THsi7EtRqZVnM8pWooFir20-gwyYZV6iMSYdgSOXSYAjZioA1TcC_6_nbWZKajBhwOdpUneMWChpNg70j9WAqkAJ7x02x8OrmXHi8ob6xnp',NULL,NULL,NULL,NULL,1,NULL,'2022-01-30 16:46:26','2022-01-30 16:46:26'),
(140,2,'45825738274','connect!45825738274!riraku-kan.jp!002!55','1','関根','謙太郎','Ken','sekine@ascente.co.jp','09038505670',1,'1970-11-15',0,'eiw7pjqhZkfPpBGmFSJefT:APA91bFXAKy3CNyiDNasIYGL-cudCWSxkSSqXMcpWHA4QfSilmqRgjYVfnbmOfpMiPVPD91Z7f5-z6VwZJdPEv_lmcKY9p2HRnDFk6d8z_B9OTo9B5m0cKHmXj-4zdUqr3E2wrmWvNwY','8cb2237d0679ca88db6464eac60da96345513964',NULL,NULL,NULL,1,NULL,'2022-02-01 08:53:06','2022-02-16 08:27:23'),
(141,2,'62848755612','connect!62848755612!riraku-kan.jp!002!54','1','宇高','由貴','宇高','udaka@ascente.co.jp','09017405802',1,'1981-08-22',0,'d5_gm0tDW08isfqlCm0ARL:APA91bFB06Y5lr9n5H_mPUgrMsV58-T-Bqy9ZbjU18jvDplXPfuFM5XuOfxWgnxsZLctv5H9tX9wj0aAb1Xrqu1_xmAEwWIlmPaXBPFrqke_P4w08g56EaZp08liH-tAWUWZVmQoen7D','f93c10b3c602819c52f3669eb279473083bf657b',NULL,NULL,NULL,1,NULL,'2022-02-01 12:29:24','2022-04-18 17:38:01'),
(143,2,'86609197891','connect!86609197891!riraku-kan.jp!002!64','1','斉藤','正浩','サイトウ　マサヒロ','whitevenus_healing_1206@Yahoo.co.jp','08030637943',1,'1982-10-15',0,'fwKyBlKPMU-ig6lBtSXbod:APA91bEaCqEruv0wfj0tx8Ps7rBVUKVz_CKhmIaWThBc-S-TWwaWOQZHvBZEJ873QX0K2ipxd7uFqHg5eGAYxCDwPuXZUsD1l8TTrD1B1NMi3J_OYbyG-YiF-2eONJY-0nGHK9RlWxS1','2a6fb7331ac48f18b7e253fe4d072342ffe9e194',NULL,NULL,NULL,1,NULL,'2022-02-03 12:33:57','2023-01-11 10:05:00'),
(144,2,'27889132906','connect!27889132906!riraku-kan.jp!002!55','1','竹中','一成','マンゴー','harunoharutan@gmail.com','08016272936',1,'1987-08-22',0,'fQ141bab90I_sHfzx9w3TX:APA91bFjoISuLRAdEjiyt6LfOeTGJGExNP9pqA_dxO2MVUtcIQM72IWWZEtGvjj5LxJlFSyMBAFl1IGPQ8PrTt1yR4sNd6Ry3D4C8cZ5V6KG3K4K6k4xx7kqmLkDtE0Qg9OavdV6Oft3','16a827ac9c1ad0a7df2abc3e0f9f9718dba59d63',NULL,NULL,NULL,1,NULL,'2022-02-03 14:55:44','2022-12-02 13:22:23'),
(147,2,'97137327109','connect!97137327109!riraku-kan.jp!002!49','1','ごとう','よしつぐ','ごとう','ashp5833@gmail.com','08051104429',1,'1980-07-22',0,'cOV5PMx8SryciHYqMbY-xl:APA91bGut5VlrTGE7HBZOr0xKMYCx1Aibaqphi8ffT4A4hyybkVirQuHUSgEPoiakr-2hHNWvRFJMyHWdY9006QOYpukK9agUozKp90R7yUanDVD1J-UuMSmh_lCd4UYse-dKkl64FGP','743b8152b44b053e8befa99e9610b302a6d0ff23',NULL,NULL,NULL,1,NULL,'2022-02-05 16:25:42','2022-11-22 12:38:31'),
(148,2,'64356880891','connect!64356880891!riraku-kan.jp!002!58','1','後藤','よしつぐ','後藤','ystg510@yahoo.co.jp','08051104429',1,'1980-07-22',0,'cOV5PMx8SryciHYqMbY-xl:APA91bFhJ_Az570sXiWhSaO89yU0OU2Ogyze-qFkuGSFhTha6Mlg10xjFD1GOOssYTtlufQjFgVX2OVNA9WTe7O3WYF5q7iUNW0_jrD0diH38cdRifa0W8KuL4aSsl_saKFc1FTKy-2P','8cb2237d0679ca88db6464eac60da96345513964',NULL,NULL,NULL,1,NULL,'2022-02-10 08:41:58','2022-03-24 19:51:37'),
(150,2,'39638652660','connect!39638652660!riraku-kan.jp!002!54','1','粕谷','洸太','こうた','1031kota0327@gmail.com','09059880327',1,'1989-03-27',0,'fnMQnv_bSMyIYCqf3poUhJ:APA91bHsG5bJcT8hmmRxnuXPqoC3D03fDyHUodjIQ7fYGttrajVigJjMDMmzgOv5-HtC9nT3QBEVMrJphVXnBmuYV4jCDYN4YNfp0itEnNlQggncPKJdZhGExUSyXT_3BBmGGNtgrMIQ','45ce120feaa2c1a2bb53db6c8fb833e58d6bb661',NULL,NULL,NULL,1,NULL,'2022-02-20 16:50:00','2022-02-20 16:50:00'),
(151,2,'58516977188','connect!58516977188!riraku-kan.jp!002!65','1','渡邉','友啓','tomo','nyaos@hotmail.com','08051102328',1,'2022-02-20',0,'cpjsNraMGE_Vlxs9xhiWa9:APA91bF5FnnHu_U-fXHCv2OnffUSOnJwipSBiQA2_KRCqmMnWMKkFp9oX1tbL17cdOpxe1nzuT6gMmqeyZf_T0E5jmMgLrE3WRLBbsAhUR63kZp58q8OQ7Ijrrs8YBx0lGNUQRAiI0c5','1e6676944892674959e6432339417973a4773d9b',NULL,NULL,NULL,1,NULL,'2022-02-20 21:09:16','2022-02-23 08:26:34'),
(152,2,'77146296104','connect!77146296104!riraku-kan.jp!002!47','1','小林','尚幸','コバヤシ','kobayashi.nouenn@gmail.com','08095629877',1,'1981-04-15',0,'fpPUfILXQkqI67yd4J3qha:APA91bFRCpYk0j27VgzSM61gCLOnX7X4JzD2E14LpZU9bzWphrwAglTkQeRjxp52wpJP1UQYqv7JgAyOpi2qvUrMSD6AxQ37dvF7RQlhoOcuPIhnfSPwm3_luezj1Pkyne7731_9bAUM','680013eec7e82f56c18484ad49eb9263ac3d22eb',NULL,NULL,NULL,1,NULL,'2022-02-21 23:58:25','2022-02-24 16:26:38'),
(156,1,'43907299905','connect!43907299905!conceptbar.info!001!57','1','田中','新太','あらっちゃん','bradbach76@icloud.com','09087654321',1,'1996-02-25',0,'cOcXxU-68EECrhRY8F7yYS:APA91bG53sRD0b7Xs8gT07KJLadt_SLc58TnMl4kNI_dU_X4ZOLLekCV3Sdd65B9rYbnH0fPISCJT0M7BYoL1CMHJ0QGbroHMvpbTrOTtdljl7xthtKZdoO8H8UceeXc4Dbo6_c1PxAW','dddd5d7b474d2c78ebbb833789c4bfd721edf4bf',NULL,NULL,NULL,1,NULL,'2022-02-25 10:37:34','2022-02-25 10:37:34'),
(160,1,'55049605690','connect!55049605690!conceptbar.info!001!49','1','test','rest','restart ','eatoneast2000@gmail.com',NULL,1,'2022-02-27',0,'e6-Uqw_esEW_nCg3Majdpo:APA91bFDoAhUSDdA0WQjwaHrCH2HEc2p8rAXmfKByKQIawwt_qn-6iSWlgpJmcYXh-wGScVsnVKN3ekFOsy8epY6r2_Ol21JU77rlHe1xjBA2thbo7fJuYVI9NnqygcassuzhtS53in9','47be1a567dea3f3c250a29c44ba9107b99dda060',NULL,NULL,NULL,1,NULL,'2022-02-27 17:32:25','2022-02-27 17:38:07'),
(164,1,'77607350445','connect!77607350445!conceptbar.info!001!48','1','粕谷','洸太','コウタ','1031kota03271@gmail.com',NULL,1,'2022-03-01',0,'fmYulHSBSbKSTvK9QsXMIq:APA91bGjrxolc4VoMcCGUv-kC-NMLqh0kIVDpztuxqA0a6RJpZHuI4apC68lJvVuHNGqRsQposKjv2Fd-FfVAzN2qUXm-pJ4WjzQ7tCRjkMZXHRRzMaDUkjKu0GXi7K26CcTypxo-ycE','45ce120feaa2c1a2bb53db6c8fb833e58d6bb661',NULL,NULL,NULL,1,NULL,'2022-03-01 01:11:25','2022-03-23 23:07:58'),
(168,1,'11825553902','connect!11825553902!conceptbar.info!001!41','1','田中','新太','アラタ','gracegarcia76@icloud.com',NULL,1,'2022-03-04',0,'fd3AVCZbxEtooIlKcWlyeh:APA91bHJacw_Rv0O78xeaKJUsx9Zfq8nEQ_JFxO6U1JRxC3cbJpbiTqLRpWJyGII_lZBceDsSEpqD_553cguNCirF9P_-yk_hvcOn2gTnol1Wu8CHHnT_gf61tJIhwq4YpC0EjdJvkYt','dddd5d7b474d2c78ebbb833789c4bfd721edf4bf',NULL,NULL,NULL,1,NULL,'2022-03-04 04:08:18','2022-03-04 04:10:56'),
(171,1,'76742037261','connect!76742037261!conceptbar.info!001!45','1','田中','新太','アラタ','flyflyerson.jp@gmail.com',NULL,1,'2022-03-08',0,'cUdX3zHPtkyojw6TKtefRg:APA91bH-CR-M3qfR-69W_i7qinpJo3g-Icesgun0Gv4Gx3IztJi9VrFeP9wG-gDJfSg8HDepQDpEMSTqkm0-5PLCHi25F4UXWcppvY5N0I-PY9TOekjhu6ua_037W0upc1SacSxJXMLz','5e845ca16e6260723ba42f8969d31c8c49b3c2d9',NULL,NULL,NULL,1,NULL,'2022-03-08 07:17:59','2022-08-31 16:45:40'),
(172,1,'12301198975','connect!12301198975!conceptbar.info!001!46','1','赤尾','貴大','あかお','hakuhakuhaku@docomo.ne.jp',NULL,1,'2022-03-08',0,'fffsfqfVXEIXsrkBlcwbr-:APA91bFjWJBhgyoDPu3FQTPqsChAUMAuRrIVA7Dpa1Ow8FANX1ke8vRAiNfjDgD7G00ou4u3xjYcCDiQZ9dgbuc6hMDqaJLf7c9yn-_CmLTA_pV_4ddzTjWapnKxgYmvxG7QftRrU5_p','58f546346839b7e05d0efd86f42f059a2b3edfd6',NULL,NULL,NULL,1,NULL,'2022-03-08 17:14:33','2022-10-09 23:06:39'),
(173,1,'56054481319','connect!56054481319!conceptbar.info!001!46','2','鳴海','将平','しょうへい','nrm_212@icloud.com',NULL,1,'2022-03-08',0,'e5ni3403oEGmuR7jAqicbp:APA91bGDx9w5w4EcZbqxDklNyuM64Gb1eQFkWdh1HhPIAcw7tWFovQyGZJ9CAEST9_ANkMnCPycZ_cT9VpCMZ6TNMx4TJaS6CjsoGdtiedo8zgGWG1RaaJQnX2Qrs2jGXEPQPQXnwBmZ','92b3e4e0774fbd87bb3a18617a2efa92763b4a28',NULL,NULL,NULL,1,NULL,'2022-03-08 17:18:40','2022-11-30 21:19:44'),
(174,1,'86967640732','connect!86967640732!conceptbar.info!001!58','1','名内','勇一','ゆうや','yongyimingnei952@gmail.com',NULL,1,'2022-03-08',0,'eTarpU48TQ6XtL6tkE9BX7:APA91bGfML9QWju5pj57AcjLLTUyRyFtWXTmZij5vC8_wKZHVfu30mJ-RXlWlIS3LbmIflzHUqB_0hGUwuWuCYf3G2NPqEeZKJNcPd7RTfmT7fnzfbvxgb73sOfSNgp70PnGqH0ErJdX','a8b1e3cbcf7bade5daaa3f038c658655d4543f73',NULL,NULL,NULL,1,NULL,'2022-03-08 17:28:09','2023-02-02 20:59:10'),
(182,4,'15582897736','connect!15582897736!libero-school.com!004!61','1','山内','林檎','????????','bradbach76@icloud.com',NULL,1,'2022-03-10',0,'ekKriIy6YE-ivHBQDus4RJ:APA91bH47PdTQ-yJxsb43UXkBapZENqXW0YXNBUJwFzVqWx7Fi7Bw-YM_38VZg4pe3VPHZaNN51TuDjPLn-gFfLkYWLUJQH_Kr4CI0K0bxx0LiI1iTA9sUJA__BNSosOqAJ1_dMajH4B','47be1a567dea3f3c250a29c44ba9107b99dda060',NULL,NULL,NULL,1,NULL,'2022-03-10 01:55:37','2022-03-10 01:57:22'),
(183,4,'55899434922','connect!55899434922!libero-school.com!004!60','1','北川','雄也','Yuya Kitagawa',' fancyboy-yuya0815@i.softbank.jp',NULL,1,'2022-03-10',0,'c-bQaxu7bkbAkpi9EDgzFk:APA91bF1AC2yhyfT2esH_FNgr9KlJZvcjSuO10ytpsNYaPIVGo8HWAIL-8Yq5iRP0b4v4XlGEGHyFmojYP1ub_YOynocN3IFSyqYpz8bEE6xs5oyFtiMkO78pcevULd0gWtqk3eem_Rc','a57ba5a8d0e3fd848b27b285f0cc8bb827dba3b1',1,NULL,NULL,1,NULL,'2022-03-10 18:03:37','2022-03-10 18:08:48'),
(184,2,'94025960156','connect!94025960156!riraku-kan.jp!002!47','1','斉藤','正浩','斉藤','saito@ascente.co.jp',NULL,1,'2022-03-10',0,'et_Tf9dUNENxmTzlCJ4mBt:APA91bGhnX4upHM2DZ0plkDopN5ShW108zdy6iMwlBDgl0QevrujzfGpXcy-qf97v-GwvXc5OSQii8xa5SJJBlA54Kzr_mUJvo8eutbTfKbl_9CPBsho3tUZm4v_XFh4q1Qa1gXKvWML','8cb2237d0679ca88db6464eac60da96345513964',1,NULL,NULL,1,NULL,'2022-03-10 18:05:48','2022-03-24 19:56:50'),
(185,4,'31680465358','connect!31680465358!libero-school.com!004!49','1','山下','亮','Ryo ','libero.party.plan@gmail.com',NULL,1,'2022-03-10',0,'c6nR7lCEbEeOst5GN9fcCb:APA91bHcCBcJc7vYc7e8NU7i8RT0nb3DYmEMNPK86HnjIoHSUXq5B5ZS8Gjdmp54U7bM6yq8wedhi8gMswFGkJtaeNZsXNX9cSQO4Lna8SP3oRuuZZc_RNI4SsC6VDi9PvX-Fbk9HI4K','638defdc6573ef78abcd7fa4dcaa6d6cf827ca67',NULL,NULL,NULL,1,NULL,'2022-03-10 18:09:35','2022-11-03 17:46:01'),
(186,4,'46576785691','connect!46576785691!libero-school.com!004!64','1','山下','昭','あき','aki020311ra@ezweb.ne.jp',NULL,1,'2022-03-10',0,'cNwun-PoIEk7krMUesGPDW:APA91bEAe0QfMHh9Gi1THnlSsLQ2AKZNo9gVFfc2UDg7zsRuDUHJHNwb8c4A0JgwQZY_RLKvpxFAV8s0e50mnMnjr0NO2pv6v0T-6Lpqjd3jKwm5UUoU3fth90LkfP5UvvBFeoIUS17O','03908a0dd6f47a8fbde31d69cac9b870d05b9583',NULL,NULL,NULL,1,NULL,'2022-03-10 22:46:37','2022-03-10 22:48:28'),
(189,4,'84833581622','connect!84833581622!libero-school.com!004!50','1','Libero','Tester','Libero Tester','liberotester@test.com',NULL,1,'2022-03-12',0,'c_3iQiuMTRmUeuwCPc3wRo:APA91bHPGz6B4x08LBy_bfaOx3WzjYNKkBNgF-dSuODtsSNPOLlT-N2ZcAcblzrNhdz7EpBP7_pvIz6SxfFP1KVNMHgv1MGfrfLjonYky2yblzEJg29mkFfdn1AioSuJ5RC7LYSHDVO5','8cb2237d0679ca88db6464eac60da96345513964',NULL,NULL,NULL,1,NULL,'2022-03-12 14:55:46','2022-03-12 14:56:20'),
(192,4,'23948203471','connect!23948203471!libero-school.com!004!43','1','西尾','和晃','にしおさん','celestie03@gmail.com',NULL,1,'2022-03-13',0,'fPl9AaNakUFMk02XKVwz2Q:APA91bE_VlGnNijBWpq0w5bab3_OnXO_0X9JrtilTSg7QYkQXUNx7j_qzziDWm3xyoXlNdhVzApp7QuS6YCgJzENdFQSGlTNXKiQf_oi3fjO9YjgdQa5NxV-QIqVGMNnmhA_1EAfa7vi','8cb2237d0679ca88db6464eac60da96345513964',NULL,NULL,NULL,1,NULL,'2022-03-13 00:29:14','2022-06-27 12:37:56'),
(194,4,'62730562007','connect!62730562007!libero-school.com!004!38','1','Test','PLayer','Tester','playbody2021@gmail.com',NULL,1,'2022-03-13',0,'eK1tbeqi7kIRtolsJhOp3d:APA91bGzenfV9ub6HshG49GlbhoDuo4c-SDOBzPKhfjUddE42bbVjAQNO8ImfT23QpTcvXwgHxKfq4oJpILuLNy8Y7wBWoJkthh9oaG6GRnlsvpCzM0f5JFzLafj9JL14tYxTqXwSxMa','8cb2237d0679ca88db6464eac60da96345513964',NULL,NULL,NULL,1,NULL,'2022-03-13 02:09:00','2022-10-30 06:26:36'),
(195,4,'27802766161','connect!27802766161!libero-school.com!004!46','1','山田','太郎','ヤマダ','flyflyerson.jp@gmail.com',NULL,1,'2022-03-12',0,'dEvRif3_hU6IuL6sPpdLZy:APA91bFyK5kzncwmc_CwlOH2_efqPM_oT2T_06SCUvAw0E5ZGAsZHcbFJRxgHlk6jXVSaLFMaXVsd2glf880UUuWHfWGYEKtWgxrmnrpb8VsPdI2IWwPI3cgP7eyE2m-TuNDtWjtDlJX','8308651804facb7b9af8ffc53a33a22d6a1c8ac2',NULL,NULL,NULL,1,NULL,'2022-03-13 08:22:09','2022-10-04 10:04:10'),
(196,1,'48092711441','connect!48092711441!conceptbar.info!001!41','1','野口','直哉','ナオーナ','tptptptptptptp0628@gmail.com',NULL,1,'2022-03-16',0,'e39WM3SaN0hQrNDGJvKd13:APA91bHR5xDWo9ZsoAFCIR0zWtALoQ6SKiZRfOy7ZGsKocna2gH1BNo8wBDia_N81hZQ61wyZehhBGstpnPC4oyCTmaZiiGKOpUy85a-JMX01ovsUYVV4MpMRvEbjwLrsoVJSdpNsd1g','03e3a24257bdc2a5d324add3456d1f4616b4a219',NULL,NULL,NULL,1,NULL,'2022-03-16 21:08:21','2022-03-16 21:08:21'),
(197,1,'69666754673','connect!69666754673!conceptbar.info!001!65','1','西尾','和晃','セレ','cless03@gmail.com',NULL,1,'2022-03-19',0,'darYtxvzS0-JCMwa0vjosb:APA91bEa2EH8QsRr8Wb3-m1C-HibRqff8-aeHdOYx74cEVnuwOxY0wDppLXGx52_k7-i5IHQhbG87gNqLy3x0YVEMMF8AtFALdvCEhnl_u-6lmXCSOo2Lh7aOp9sUyjO6wUHEfxdslZV','6216f8a75fd5bb3d5f22b6f9958cdede3fc086c2',NULL,0,0,1,NULL,'2022-03-19 22:06:35','2023-03-07 18:37:42'),
(198,1,'21184517117','connect!21184517117!conceptbar.info!001!38','1','遊','まいん','まいーん','main.m0609@gmail.com',NULL,1,'2022-03-20',0,'c_k8ojuPRqGHKOagIKKFpo:APA91bHp-H_c1XpFP2cQxAVFBCxqVTJkyaOw0FHosOp0Aen5mYUnhgePNro5sBcAQRHfxHLXf440wyOvCi_p0ozSZWwuM4cnjK2fi0w3W1ykkgn0pGprMyU2jABFffMHrLGSqomEtJli','d8b9e920d22e344c4a490e56b496551216037166',NULL,NULL,NULL,1,NULL,'2022-03-20 16:50:25','2022-09-07 10:40:05'),
(199,1,'24875106334','connect!24875106334!conceptbar.info!001!43','1','榎森','みる','みる','make9zk@icloud.com',NULL,1,'2022-03-20',0,'e1OsrBKDMU8kufDokoSvO-:APA91bFPmmohO9MqzZoFI4VIwcLH4SFD8ZXPCFAtgrVWfwWbLjDBkf96TFYk1rHJRIAdNx6lgj7oUkI8kwpreGPDvl1hj_pnOWyxhQah2c5NyOpjzKvNAeg-t4Px_bUWG-qolidPvpH2','61a0c26b8d8ec22678db9ceacd9a8ca81f05dccf',NULL,NULL,NULL,1,NULL,'2022-03-20 16:51:21','2022-03-20 16:51:21'),
(200,1,'72054832866','connect!72054832866!conceptbar.info!001!51','1','さ','め','さめ','upxau.miiiii@gmail.com',NULL,1,'2022-03-20',0,'fYohQo0dPE77jOO3B2J2XQ:APA91bEMw45ac-C-UfViSiUMOBPa9OMwWzHxAOTgZzY12nIn_PMbF1YQE_4z3m6lCuRdcjr2PRImKmQ_wwWGpHqkGMGk1uULmpzotFV_6xphcaezBtI8OLiVBqZk3yd6ZDft_jM_LqIR','43fef6856472d0b4a08d3cada6ab6bf22a68c685',NULL,NULL,NULL,1,NULL,'2022-03-20 20:16:51','2022-03-20 20:16:51'),
(201,2,'23046835874','connect!23046835874!riraku-kan.jp!002!50','1','山田','客','山田客','yamada@ascente.co.jp','08036391544',1,'2022-03-21',0,'crfdgA76TkG1k8ATz10taE:APA91bFK9ZmTIGNQcdnBjhlAU59tL7XrzzinmBKvoRQr6KW9sZZX0RFTbkVCyIZlnbWeTDLbwguBYPLamcAqLrtO43-rnjGtnI4DiWYC2NbC0aUpmBdMU-GlkLdpDMq7-cpMgTptYa5I','8cb2237d0679ca88db6464eac60da96345513964',NULL,NULL,NULL,1,NULL,'2022-03-21 15:11:14','2022-05-13 20:42:45'),
(202,2,'67618571793','connect!67618571793!riraku-kan.jp!002!60','1','関根','謙太郎','せきね','sekine.ascente@i.softbank.jp',NULL,1,'2022-03-23',0,'e4bUZ9namk2Uswj0oHHh8n:APA91bHCCPO8_0jDoBapJ6JkVjyAiO2VRNzUk4E-tndGQaW-kHMmMVZU66j-rr1FsMF3uy5bhWzM2fwFU-D2n_vTKlzMPaP_lgDF7rL-oJu3OfYA-tPwn5IDCJUHVhWLQ8-O7j-HmpPd','8cb2237d0679ca88db6464eac60da96345513964',NULL,NULL,NULL,1,NULL,'2022-03-23 18:30:41','2022-03-24 20:25:41'),
(203,2,'62685876106','connect!62685876106!riraku-kan.jp!002!55','1','西尾','和晃','アキ','cless03@gmail.com',NULL,1,'2022-03-26',0,'dBt3fV7eTZez71_KV21VTe:APA91bHKh0Z3G9hM3Z4XL0droUZYidvfm_sFR1vInkysRIP5LXeXtodaA3B0Enyb0Z67rqUNJ2jolHvg0jNHuuvA00HMygHR5bxV7xAvBvOs-wdkk_2WqwodchARHjIqo2SO5INjp5oq','8cb2237d0679ca88db6464eac60da96345513964',NULL,NULL,NULL,1,NULL,'2022-03-26 10:44:22','2023-04-21 21:08:02'),
(204,1,'55998960829','connect!55998960829!conceptbar.info!001!70','1','waseeem','jatoi','03207962766','waseem',NULL,1,'2022-03-30',0,'drRNCdlrSXa4zP-N3JijQC:APA91bEGvmYxopuH7eDSIerTgWlGYYGQyR0hKC-3v68ywjRBejcGyu1-dPNCZvSCBvTqrT0YKGeHDbh6lBnnKc-Rp5HRDGPeaMNwOtoCi8CvILGHwhF_iMLOb2N1hWk4KUGuIpIQWqLY','3d7cfed2de2effaaccb1a21eccbd7e21804b1aed',NULL,NULL,NULL,1,NULL,'2022-03-31 00:50:42','2022-03-31 00:50:42'),
(205,4,'19355183440','connect!19355183440!libero-school.com!004!43','1','三輪','梓咲','azusa',' azunchu-58@i.softbank.jp',NULL,1,'2022-03-31',0,'dcMRbXtVM0WSiidRuLMAp1:APA91bEVEeW5uXDE2KMm-cqc6S66w_brr9X4Zd8ee_oeWn2960j-NEj-4YY1pBoZi6SqtYb7J4R2twH4OmE9T_SswjGrr5j2eUdVfnmGhWx1au1WbuAz1zWbJlQGhvEglLzcCCRKGO9d','a80b01366f44ae2bda12367d42ca6a309baa776f',NULL,NULL,NULL,1,NULL,'2022-03-31 02:25:49','2022-03-31 02:25:49'),
(207,1,'92733465564','connect!92733465564!conceptbar.info!001!54','2','粕谷','洸太','こうた','1031kota0327@gmail.com',NULL,1,'2022-04-22',0,'c01oAAbtQtSIFtcNnh5oES:APA91bFkUvRPwkGP_ZvrgShd72igdZOOM4ZsJfw1YlIWE0tv2ElUvKiSjSrXFO1VTrTuEj8BpTrS7op0xa-GbSAfjEJap1vTxERBZZhMWGWWMHovvpoYtZ0NEsRDdwNVYFE8UBdnfsVu','45ce120feaa2c1a2bb53db6c8fb833e58d6bb661',NULL,NULL,NULL,1,NULL,'2022-04-22 19:16:03','2023-04-26 18:19:03'),
(208,4,'17044991445','connect!17044991445!libero-school.com!004!48','1','西尾','和晃','セレ','gwgw2403@yahoo.co.jp',NULL,1,'2022-05-09',0,'fPl9AaNakUFMk02XKVwz2Q:APA91bE_VlGnNijBWpq0w5bab3_OnXO_0X9JrtilTSg7QYkQXUNx7j_qzziDWm3xyoXlNdhVzApp7QuS6YCgJzENdFQSGlTNXKiQf_oi3fjO9YjgdQa5NxV-QIqVGMNnmhA_1EAfa7vi','8cb2237d0679ca88db6464eac60da96345513964',NULL,NULL,NULL,1,NULL,'2022-05-09 18:11:12','2022-05-09 18:11:12'),
(209,2,'78954555629','connect!78954555629!riraku-kan.jp!002!65','1','瀧下','かおり','たっきー','rice10gohan@gmail.com',NULL,1,'2022-06-03',0,'cc1Fq-beRmWtBtsFchVTZs:APA91bGIwqFIZTtrnaytkrWGfFQLbL6anooEySzB2XqP76DFHZjkcDLcXdPXFle8aDqEOAwzjQq-va1q_btJvS3I_r-cD-yexBosvuQF1qJ2OEEMVDbjj5HM4CBvwm2a_BBXkUoB-AOL','adccd8a60d0cca21335500d9be2a17f46b463136',NULL,NULL,NULL,1,NULL,'2022-06-03 16:33:43','2022-12-13 13:44:27'),
(210,2,'40670053593','connect!40670053593!riraku-kan.jp!002!42','1','高橋','二郎','ジロー','jirowyjirowy@yahoo.ne.jp',NULL,1,'2022-06-03',0,'eWX6iZxpRzKu-z5KU-bTxf:APA91bGgQkbuw2ZpKBEoUkJmUcXbk4u_7705AdaQCBR4_6JH_wk_QvQ1IT2GVXUqZRSVX0Zys0_Q7F7Vat0uz-oNQLHnheoZhkJJEzbMg_JAvz-6PvEuvUahGc5ULUjz6tUfbKf_WQ_k','3f46224b23c166489121908f5fe0e5c7337b7d4d',NULL,NULL,NULL,1,NULL,'2022-06-03 17:23:59','2022-06-03 17:52:52'),
(211,2,'73932453504','connect!73932453504!riraku-kan.jp!002!45','1','久保田','亮二','クボタ　リョウジ','ychuantian59@gmail.com',NULL,1,'2022-06-04',0,'dW9BY35HTPGX0oHo_AHO7X:APA91bHZqgDUCEJxNQ493eBB7d_0uNEXlUQ9X_9Cdcu-NKY8H1DnYvQ6eW63bYsyK2WOTmPX3ExY-NMGl2AG4-F4FFlmjOGcoJOXiPzHODNrNspC2e3Qyty0KcVhI4U4O_SfAHSV73fj','8cb2237d0679ca88db6464eac60da96345513964',NULL,NULL,NULL,1,NULL,'2022-06-04 12:18:29','2022-11-22 12:25:10'),
(212,4,'63787953984','connect!63787953984!libero-school.com!004!69','1','永田','心珠','ここみん','kokomilove.0301@gmail.com',NULL,1,'2022-06-18',0,'fOjHvgqHp0hst23ih5_EYa:APA91bEfFbT4lBeqxQcWrCcpTVGPr21bHbEqsCYNBQ4z3yZPng3riiawG9Vvgb42U_SMO-QZmlSP-DKVolaDjNaUTLUTsjU_VXTWB39z0B4nADYrxupUM5AlHljSjauU8oDyDjcevLIy','a4234b41191cfb230dc34a84ad2524c2d1488839',NULL,NULL,NULL,1,NULL,'2022-06-18 21:29:02','2022-06-18 21:29:02'),
(213,1,'27239715271','connect!27239715271!conceptbar.info!001!46','2','高橋','寛行','健作','noid.1001@icloud.com',NULL,1,'2022-06-19',0,'cA67hNBVlEM4n-bqEt8DYN:APA91bFc0Kpjj1nag1hdWub2rjDVV1AK60DbMyyJ2B8i5yi8Icj1F1Di5C2h_sdbr46Jjq5ehrDyziVMRkLiYPmX5jjaF8uefoMYOrGVUIKmEMNPc7yAb__3apkie7nTaEc6Vj0h7L-9','0b22954ffee64a39c7e7535a535bee6fb5e9b606',NULL,NULL,NULL,1,NULL,'2022-06-19 20:07:03','2022-12-20 14:04:43'),
(214,4,'14533180198','connect!14533180198!libero-school.com!004!43','1','山田','太郎','太郎','eatoneast2022@gmail.com',NULL,1,'2022-06-27',0,'cVDQ2Ztu0UlEmJZPq89ab_:APA91bHytxalm7nhHvHNw_Yeyo_ajrDmM3QfGXeFdnJeyo6j4pM5WafaUMmXNFZwsNQMnNOQDsNX1SnfqIaYVTtyl9PwLno15enmnU8bNvWNHEGJbzjo5NgRr8u31GzkUeJsBlaghDb1','47be1a567dea3f3c250a29c44ba9107b99dda060',NULL,NULL,NULL,1,NULL,'2022-06-27 18:40:09','2022-08-27 20:36:43'),
(215,4,'94691439095','connect!94691439095!libero-school.com!004!59','1','宮嶋','さやか','SAYAKA','sayacmluvpoyoxoxo@gmail.com',NULL,1,'2022-07-04',0,'ePwCj300jkEIhTLsI80X63:APA91bEMMqTeS3UNUCExIXAe3QCAWga0Ghl-847kLuc5CyvDPKeEI-5zqINtcKbgOsFuPOBr1UD_zPAlSS7AVcJDlkoo1q29BpWd_s5yoxfXQu6_XDnro6ae6ND3T6rHeXbqWXxzo0VS','949a53500c31993af5a3f1a18d047ca2bbd45dfd',NULL,NULL,NULL,1,NULL,'2022-07-04 21:39:36','2022-07-04 21:39:36'),
(216,1,'14667880097','connect!14667880097!conceptbar.info!001!56','1','沖野','暁','零牙','reiga2002@icloud.com',NULL,1,'2022-07-06',0,'fGVfMb-MPUVvsHIuMZyf3L:APA91bFceHt7EvNYagpayBEuO08xYV9GQGLoT9o1OPqR0q8YhUpWJGY3K-7rWUp7m2eghhNlad71_KND5SKnDoAWhkcjtnvMGYfgSepMUZjOWjdxADopaisHZbnW3BJUtTt_7oLaiyhO','301f4a98756c37078734bb1c13130b3b38aa98eb',NULL,NULL,NULL,1,NULL,'2022-07-06 07:37:16','2022-10-02 00:25:46'),
(217,4,'47206898752','connect!47206898752!libero-school.com!004!58','1','楠本','美奈','みな','mina37.1105k@icloud.com','08024376670',2,'1999-11-05',0,'ectmO7YfB0dGmac8sVdIM_:APA91bEnaw9_bRtTbO6uIBO9KDnPwrNsuA0mdqoRZAqRcRhlm00E2lpWHM-G4GMPAYOmkCsFiy5hbb0aIgFhJeIrfhicepox95C61crgrmi52sEdml_9WQP2Ty-yL72VO_CW4qPJ67Wj','9750d6517e7273e88059f3b74a70c3723d651029',NULL,NULL,NULL,1,NULL,'2022-08-01 17:59:27','2022-08-01 18:03:31'),
(218,4,'32060547882','connect!32060547882!libero-school.com!004!45','1','内山','純麗','すりよん','sumire.1130@icloud.com',NULL,1,'2022-08-01',0,'fTdt57gg50yci6svzgSyvG:APA91bFprxea3Kw6UwbOV1vEcdbxuZb2E3pIW16QAWg96zd4aR658en3rfqs8yyidaF1NWuncQcHiV6lWvglwTZBMxvCkr4vGR4dFD01udECjlkdzDVUd1ej8J5JtX1RcBQQ-1PonbmP','8c617b14ad035275b54796843f4cdba10f342cb5',NULL,NULL,NULL,1,NULL,'2022-08-01 18:16:24','2023-03-29 11:16:39'),
(219,4,'38625939318','connect!38625939318!libero-school.com!004!57','1','白木','紅羽','くれは','ks_tae1230@i.softbank.jp',NULL,1,'2022-08-01',0,'c_fcDoXK7EUgmOcwmYaLo7:APA91bHVbibk0XZPVRPmkzRWiN_vJZVOknEHLPnSJMEpHKQpet60sNA4YJXnHzkU56WByRVkXtZabg1_PUdjdabWECk3ldW64PrxqyGZihGsuFWw7i40epWAtgzL86r7JEoR5CHGZmyV','089c45aec6a1c6765abdb447daecc02fcfae030b',NULL,NULL,NULL,1,NULL,'2022-08-01 18:22:00','2022-08-01 18:22:00'),
(220,4,'19687897512','connect!19687897512!libero-school.com!004!63','1','鈴木','菜月','なっちゃん','natsukinoadoresu@icloud.com',NULL,1,'2022-08-01',0,'dDwS24L5BUO4owyTar0cyh:APA91bFyIkpy4-XJhRB9hT0KPB7Sm5QsfSZq_ilNqouvy5zHWSbSRx7KwUEVVbuJJ0AgzN_lS_s0zowi2peSl9PzNpBbHnMcXAW7EjyFs1sEIStoS0ATGCl2t8oZpHs_Rb8Ztyug96Vt','e2ebb5150d6269a101250e569abbfc15ec24bfbe',NULL,NULL,NULL,1,NULL,'2022-08-01 18:22:27','2022-08-01 18:22:27'),
(221,4,'25037574352','connect!25037574352!libero-school.com!004!43','1','有本','美夢','みゆ','miyu.6001@icloud.com',NULL,1,'2022-08-01',0,'ckSmIcRkk0-or9BtAryHeg:APA91bEsYQk3G_2KQ7hK6Cbz7cXvVBzxI3HVgKQVAFeHkIJoxmXwszlY79-I2UyrAGBX2fi8c7o5VohGLhjIsGTaH2vMIqJV-KpQV0Bjn6RUBMMJkPapR0PcTDrGIsBm61-hlgD_kCBN','461da6e39d0bb9911fb2309723dfe448ce1274c3',NULL,NULL,NULL,1,NULL,'2022-08-01 18:28:22','2022-08-01 18:28:22'),
(222,4,'47562489617','connect!47562489617!libero-school.com!004!59','1','渡邊','日菜香','ひな','smilehsw.happykid@icloud.com',NULL,1,'2022-08-01',0,'fbxv6cGo9Ur3kwQ6O8GRKC:APA91bFiTRApV_x2Ka3ti_8UldpauKqeTuWDj6LDic_JpkU03-0FkVe-KQTrOROScjsthXkF5p8dOaSeav7yItEZD3geF-FQt5BO2FDhGJOnKee8m7vHXWuB3oWUcBSQVUX6Dk4Tiwiy','fbae8ebbc1fe8e64f3009d60bd3c81053ba67f2d',NULL,NULL,NULL,1,NULL,'2022-08-01 18:28:36','2022-08-02 12:46:23'),
(223,4,'29942473118','connect!29942473118!libero-school.com!004!50','1','熊澤','綾乃','くま','kumashan0619@icloud.com',NULL,1,'2022-08-01',0,'fHWQEjvM00f2k1FOiWat0L:APA91bFyUxazBlbiZm7jHeCuwCLIE_0oSs16LaVJkmjxyQa--jJSs9jkKzKdHY_i-2yqmcItw-O6YQs7s5uYaN27OYIwwqLiC_p-ERk3irKmKY7EVKLBmnK6TRQ4dJqZhSKFVlrrSFqb','8c6fd6ef78169141c5bc3da0b86d5d4a2a501ee3',NULL,NULL,NULL,1,NULL,'2022-08-01 20:04:14','2022-08-01 20:04:14'),
(224,4,'70634315055','connect!70634315055!libero-school.com!004!39','1','清水','英梨香','えりりん','e4r3i2ka@gmail.com',NULL,1,'2022-08-01',0,'dSO9LTC3HUFYtWzlamYRKd:APA91bF5H5PrMa_sKq3cFNPo6b3PJYrdOiIJ4GG1Cr9Zoq91noGR7hAK9XBSSQBqIISqfiwJdK78siiue26R1lmYQa_dM7So5kXYAjFnPksUtuYo7cWRc_xol8nPlNUXKSq7A0oY8qAF','67c23f76faab6da50d2e89046968c6a003903e6c',NULL,NULL,NULL,1,NULL,'2022-08-01 20:15:51','2023-02-14 18:44:14'),
(225,4,'35032167943','connect!35032167943!libero-school.com!004!43','1','杉山','伊吹','イブ','ibuki61355@gmail.com',NULL,1,'2022-08-01',0,'f4D34FvD9kozvtPpbOZupz:APA91bHpga_OTSbDKZyDR51NO_4TbbqPQEwnmb8xflBknjFJ--eOvS3HpVkcyHY9dtpeR5El-KAvqc4MOOozNAcM8ttMQPqY1zZbmVQC7xKjth6aoV62pXoBxnDXrKEXUQu0D4cnSKBt','3dbdb5eab44142b2476ed3ce7367151d4bfe2b79',NULL,NULL,NULL,1,NULL,'2022-08-01 20:17:50','2022-08-01 20:17:50'),
(226,4,'52466526365','connect!52466526365!libero-school.com!004!50','1','吉田','麗華','れいか','reika0421@disney.ne.jp',NULL,1,'2022-08-01',0,'c6O9PNpA9E28mjxE3klfIt:APA91bFhs4Bp7WiAyBzV9TZOnWJIpXGday5bp4f9UXPFl8gNIcIT8YD0dzI7WelCtpS_sf7qZhYxQCF_oW0OWz5BuIUwCcLjUY-2uwbvN-Gn1D2Rojw76b4ISU3DUGihco8usH56iINn','83b4d2d4952caa6a41012438a2f81b65f414cda0',NULL,NULL,NULL,1,NULL,'2022-08-01 20:21:37','2022-08-01 20:21:37'),
(227,4,'67528538999','connect!67528538999!libero-school.com!004!71','1','寺川','悠里','ゆり','yuriyuri-1996.lily@i.softbank.jp',NULL,1,'2022-08-01',0,'dYMFA_1zH0jblG5YnCeoiz:APA91bFOeeIgsQLAC8BCAKRPhVPuqTtxCSUepx9FsReQaFngnFHxHfsG9yw6u3nm8FHKZdJVmpV0rkXijbD-GoZTQP4BzA_YkBR8WKRxuFDcou_pw5hqB0oCIW5mL8Gy34E2-iw2kGm_','8922493aee88870e3a229f4c2a85ce6a735363b5',NULL,NULL,NULL,1,NULL,'2022-08-01 21:55:19','2022-08-01 21:55:19'),
(228,4,'15325569570','connect!15325569570!libero-school.com!004!48','1','水野','美穂','みほ','mihomiho4536@i.softbank.jp',NULL,1,'2022-08-01',0,'czCj664mSE5RlR5nbjFPj-:APA91bGZfVEJEIR4FILevruF8FbuExrY-_PSeHXtdAVzZTOFoTY-rR6BYNBY6s7Fgc0KxrIVUNMKqdhxH_8o4062iz6HKrAWXQX3OEs75vPz4iFfjyCnegKcljZvq8JDV4ewx36bCgDW','d9c74f15dac98ee9eb1d40ad3b38eba49923734b',NULL,NULL,NULL,1,NULL,'2022-08-01 21:56:33','2022-08-01 21:56:33'),
(229,4,'23688950940','connect!23688950940!libero-school.com!004!54','1','伊藤','芳恵','わに','yoshie121316@gmail.com',NULL,1,'2022-08-02',0,'dV7U1w3fuEclos9MOuKsXT:APA91bHQ7xJLhkfZEG8XAGEhb5KGdgUVG4Dmt-Ln5TFwNnPhBnW7IIjBuUxD90B70-MQpxYYr9mMRcTKKJqvu-afkwr0ccmLepfomQu2PpNrqvBTh8phT4ZCHNDDVNXSoffKNJ_cLTDh','db79cacd6d2dea8f3664846bff7fc3dbbbc7c9ff',NULL,NULL,NULL,1,NULL,'2022-08-02 17:52:54','2022-11-27 16:43:04'),
(230,4,'69533767257','connect!69533767257!libero-school.com!004!60','1','福原','未望','みみ','fukumimi0228@icloud.com',NULL,1,'2022-08-02',0,'f1Heu-2l90j5rykPZVpgwt:APA91bERwEWyam5SBIIa85t7g1v1e8GDLWHqscDgTpESA7rLYa3cJyMC9cWMCQZqZTo8hsF-iWOFIWT324z2V3aDhK6gh2m2R4IeYPnzf63CDAU1zAeYDfG_Bay_jC5Rw7pA0v8ok5--','3ee9c03164fd8859784772ec0b0899133961f2c0',NULL,NULL,NULL,1,NULL,'2022-08-02 17:53:13','2022-08-02 17:53:13'),
(231,4,'78684500948','connect!78684500948!libero-school.com!004!59','1','後藤','花奈','はな','momo1109hana@iCloud.com',NULL,1,'2022-08-02',0,'dNyr4AqbF0CvvVbqHwebbD:APA91bGDVjVRtAFHar_2nKFLZNoVYis2YPsqxiDVUNs21NFd5aBGotagOa-i4LzrNOr8YPcOo-ydxjfxaBruE4cA_lfDqV3UBtom7MbZDUch7jJae_HNtdqyOeHG5AJ-UgdYs-pSgmg-','14106d3f5728346201618739daf9b2dc4fa727f6',NULL,NULL,NULL,1,NULL,'2022-08-02 17:53:27','2022-11-07 18:13:53'),
(232,4,'98851530129','connect!98851530129!libero-school.com!004!51','1','大河内','愛未','Ami',' nsdcpo0103@yahoo.co.jp',NULL,1,'2022-08-02',0,'f-qe5yN14krWlL2POJcX2X:APA91bGmYiwDmQVvvQnD0wwmGX4QP7PCiFU8lqxWgjZTLo7JbFB6kAAqy96rCGh8xrIfVUyoKaMUmqcm3xWIoHbFg8AEntjWpUwATm4Gp9hqOP40dRqknAGYJZY5OeoYsEAV7hjBr5ei','e729dcdc4e28371757d782eaf71c8ff48334af77',NULL,NULL,NULL,1,NULL,'2022-08-02 17:54:47','2022-08-02 17:54:47'),
(233,4,'23871567362','connect!23871567362!libero-school.com!004!50','1','岩田','あゆな','A','ayunaogaki@gmail.com',NULL,1,'2022-08-02',0,'ctquHzLn20e9rX6BQtnVFh:APA91bGD1V9u6oa7tCV8nYLDjxoV02upbgp-uSnbxA63RVJo6o1xTcJeUFQgfBeB8jCh5CCBzWbsYP0LIIgA2f5gnvMEfc2VvgXRC-4YOwU7K5vA3bFMVXLpKNlmr35xQUpwXcCYZRRD','eaab773205babbdc71f81cc7db215f0c78783ec4',NULL,NULL,NULL,1,NULL,'2022-08-02 18:22:39','2022-08-02 18:22:39'),
(234,4,'70755943233','connect!70755943233!libero-school.com!004!48','1','岩井','麻衣','マイ','m_maiam_m@icloud.com',NULL,1,'2022-08-02',0,'clccR3b4L0enr5W_ao-XVQ:APA91bFlvi1lsudp15M8NFIPibAbEmraGuIdnd_uCBv7usKb6rttx_2jb6VDuq2oyxlLDUX7D8Db2x8ds_cZeIWt0T55sUVxxlZfVFinL6RXdRydbns8RX95_OXGjAVo0i4Qf8vpg-Fd','19f595abeb4901ae5b889831d1865aedf26383bd',NULL,NULL,NULL,1,NULL,'2022-08-02 19:25:34','2022-08-02 19:25:34'),
(235,4,'24308502616','connect!24308502616!libero-school.com!004!37','1','山下','藍','あいちゃぴ','aichapi1208@gmail.com',NULL,1,'2022-08-02',0,'fWIZAv9KVkSXkeL7w3Kt6-:APA91bHCt6VHl11uUjSYnSOrGwTJkNWJMCFZO_zehn5o82KnLcT_ckc4-JN6Sdnz3pbZ47aP7Ly9Hf1Uey6f7QEfa7JTFlq6c0_MGkO-bGWi4C8lVt3hTgjqkWNOM_hJpG6mqGQ6z4aL','1182c5a6e877f8587ca71266cce38606a171456d',NULL,NULL,NULL,1,NULL,'2022-08-02 19:33:43','2022-08-02 19:33:43'),
(236,4,'78102780755','connect!78102780755!libero-school.com!004!50','1','奥村','桜菜','SANA','sana03291237@au.com',NULL,1,'2022-08-02',0,'duiAmdxagk3VhW7rgrK_Lo:APA91bHT6pNJPIV79VyrcbwbLtD8oDcKPdBWHMmy9R0vug9iWvF213vdYQmwrR5c0alh0TrHli9CEqqDROWyxrcPcYBPxLWKihqu3_omMbNs_mM7h-XRFZcvf77vuMI3gM6gzQOtiIRL','52a1e78c932658d509bcccf0722597f6bad0b436',NULL,NULL,NULL,1,NULL,'2022-08-02 21:07:22','2022-08-02 21:07:22'),
(237,4,'22594593117','connect!22594593117!libero-school.com!004!48','1','三浦','命','Lavie May','mei3pu_kenpou1204@softbank.ne.jp',NULL,1,'2022-08-02',0,'c32VBcTLkUJVpbxMXd3_0P:APA91bGDmfdv5Ye5gof4MzGPfq1bdl9JrYyYSi21MCf5JjpXaeQstBWRzuTkZFtiI4tPgkkIODQkg90RTZXrWwQUJGM3VAwectempwjFD9GLiTDxAUAiDMI9gitxF6Sc5LyLyZpvhTkY','b5288e253cd9f5fc4251cd6548ec688b7a7476f3',NULL,NULL,NULL,1,NULL,'2022-08-02 22:57:20','2022-08-02 22:57:20'),
(238,4,'36387312855','connect!36387312855!libero-school.com!004!51','1','山下','津代子','つよちゃん','tsu-ko245245@ezweb.ne.jp',NULL,1,'2022-08-03',0,'dSA1BTsn6Uf1jun9eVCjR8:APA91bH37khFdKbPE1OEH4Dwhd8_FTTQaADZhlUf_lCSu_sobXGWO2ACFP4Vj2ggLpXEQN17FmSaQARi19fz5SkQZxAzKlXS-819Hg1vL1bfAbRbLM3PD8JOqv44IjaV4NAhBPCfylX-','7cb5af8cfca2970ac847482330fc6baccce78360',NULL,NULL,NULL,1,NULL,'2022-08-03 00:16:00','2022-08-03 00:16:00'),
(239,1,'82567170523','connect!82567170523!conceptbar.info!001!46','1','内藤','里那','なえ','7110rina@gmail.com',NULL,1,'2022-08-07',0,'eBi8vE_kHUgOlhyJQmNxut:APA91bHfd6SWPVMmrwuYBjrjXbv5FFAh-J1d1OvOLpA9sAhb9IiLWGHOkZKXGFik6WcFH7eQnuhSqHqH5BrNuLljZJ9FRZOiKWno9mA3uStpkwpug-USOxx7wF1JZrRUcsWU7SblG82Y','e394891c3084928cb770280f40f113a010e41b1f',NULL,NULL,NULL,1,NULL,'2022-08-07 01:20:21','2022-08-07 01:20:21'),
(240,4,'38037353449','connect!38037353449!libero-school.com!004!49','1','鐘鑄','亜理紗','ありさ','snhnbr618@gmail.com',NULL,1,'2022-08-09',0,'eMKyEXdfME8qsUBiF7ucl9:APA91bEu0UxKnp8KEB30xTZe0hyzh_ghSGxRc3ADQkQb7T5yrPa1CfiAPa6zD-emc4o_UybWyibBrvRBBk032ZGqudxkYMBSXRzPcJiyj4on9har5ev86Kt-Xrv99mbJVFSaCvN-1Gtt','a0d506fabfb375502622d02ef65682fb678b59a7',NULL,NULL,NULL,1,NULL,'2022-08-09 20:52:06','2022-08-09 20:52:06'),
(241,4,'44468468364','connect!44468468364!libero-school.com!004!57','1','今林','樹哉','ミッキー','mickey2518sn@gmail.com',NULL,1,'2022-08-09',0,'cKRKI1OQdk7OvrfF6X9Kep:APA91bGvfNxNGvjr8ttjMYb66YReTUYvdrNUYcllVOySB2rgJCGZWxKJZxmHSsIwqcULmjjF0cAjsPuRNYyR3PCzaVCIAA7dxpu3GksbGDbRQn064C9_zgTkXop4soOZoXFAWp8vt_3h','c7ae5f8df2e7852c52afa32971c630f91f475f4e',NULL,NULL,NULL,1,NULL,'2022-08-09 20:55:34','2022-08-09 20:55:34'),
(242,4,'31902809061','connect!31902809061!libero-school.com!004!39','1','米村','歩望','あゆみん','bts20130613@ezweb.ne.jp',NULL,1,'2022-08-09',0,'cGc9SJCsOUqdp49V5_RzC7:APA91bH_SBLTKw8SZpbs1Qfn95x1lL21wF3uHHSMTcpa0pqQvr8BN8CWRnPeNNCsTLtL8JyW2QagpkO8rqNP3i_E77wLij5XH0zId4FeOr96mlyWbN8eOFeJt8ybrM8m_b58dXGQGPc6','b18dbeca43bc8b223bd42d613e3a7d220aad8d4b',NULL,NULL,NULL,1,NULL,'2022-08-09 21:10:49','2022-08-09 21:10:49'),
(243,4,'41895525601','connect!41895525601!libero-school.com!004!46','1','石川','りえ','りえ','riechuu7@gmail.com',NULL,1,'2022-08-09',0,'fraraAYa-ULFhJeLpVYnYv:APA91bEGwZKTDrtKfuNtjPaynB7iHD34Npzq4bNmQIQF_QCgYu_65knEdC-GBiZQS3XtNBNq-U3JfxirOyn2cIa2HdR_Z8UM3qaxPRPdt6hZXnFoovSOtNZkMBZWTCWGSymQNPVpRMOZ','b552b934bc463ab3e10ec4d77c20047358a8840b',NULL,NULL,NULL,1,NULL,'2022-08-09 21:11:00','2023-01-23 03:35:56'),
(244,4,'60485989859','connect!60485989859!libero-school.com!004!71','1','前田','真奈','まな','mana1011.mm@gmail.com',NULL,1,'2022-08-23',0,'eM4wgXQBcUrmlKDo4_5nfV:APA91bHeE8xoBq71rUwvKpjRBSmEUlbv_0hl5iGwDGd_mRh_uVYjmT1Lu7K3Dt9hVG-8Oil8FmlRcJrTdfWor7LELLX_PfDGSX4g_lHG3prffsrUDHUcgnptddT1LhK-Ni7Tr5Du5RMx','8ea353600d3a00bfa4aa774164428753766241fd',NULL,NULL,NULL,1,NULL,'2022-08-23 19:47:47','2022-08-23 19:47:47'),
(247,2,'51679437446','connect!51679437446!riraku-kan.jp!002!56','1','test','teset','testplayer','playbody2021@gmail.com','12345',1,'2022-08-26',0,'dLiBaBFnu0X-l09fnTyO4C:APA91bHOkdFZkag5O0inQPCX4_uzUSk4nfSplUpjXZYrvjoiGbCUwrcc2jOwxtsatwZqeORZi8Bkp9Fc56u6csfWg2P78xWhDUYbGBN2XcaCAL6k-1xX1_-ipSDylmBxJFa655ko8G4v','8cb2237d0679ca88db6464eac60da96345513964',0,0,0,1,NULL,'2022-08-26 22:59:38','2023-04-28 04:26:13'),
(249,1,'43536623284','connect!43536623284!conceptbar.info!001!46','1','たけだ','あゆ','こあわ','nyayu0000@docomo.ne.jp',NULL,1,'2022-09-03',0,'d7LueyTalkMdrPbwl0XZnd:APA91bERh6orUyliL-0l3wuWr_GuwhgkbULLy4UQe3PYJVP7clTMrSpXfO4_jZsxCoaEEQjJizCWl3_Jzoc6xnRvWJKoOxJYzE-35Epzdex80UYgfUXsKsVRynsYnkvopvTMGvOQBzPb','5115a4cf83c997fb4f78e574edff0ba1a103fe73',NULL,NULL,NULL,1,NULL,'2022-09-03 20:24:47','2022-09-03 20:24:47'),
(250,1,'76017104426','connect!76017104426!conceptbar.info!001!38','1','樋口','明日香','あう','sapporo.y16@gmail.com',NULL,1,'2022-09-04',0,'eHK5_tBubUBWtzT6gYldX7:APA91bFLM38QoOCKCiNIIjy2w07GwQ9nxCO9ipneptRu7lqfu-X747dCg2nxYMO0_LFufGh-sB82jfvnhgPpAltVV2t3DFTWPde209jbLQDflGP4vcHzxg_EM9tU4-iTIvA0yBCBvQDd','1901aac3593a8b871e3ef515d7f206ce7dab4c2f',0,NULL,NULL,1,NULL,'2022-09-04 23:26:01','2022-09-29 04:31:49'),
(252,1,'74079273693','connect!74079273693!conceptbar.info!001!57','1','工藤','優雅','あんじゅ','xxx.a1n2z.xxx@gmail.com',NULL,1,'2022-09-05',0,'etM3bZ4ASluEfyeux48SJm:APA91bHg9y_qvvCm7qrhp_wX6Vs1xqsmP_ssnvzwfpyxCr6SICV8N7C4Pd6gFT8lOlBb21ZqTMnMMkXAzNlfyYulSDDCfkRo32_iZbA9Q03RAW_bI1jnTip3bTZgbeLj27RNkx3uvGGF','eeeac0a759551535bb5590d8e9ea995369d22a4f',0,0,0,1,NULL,'2022-09-05 23:35:53','2022-09-22 04:39:37'),
(253,1,'68116787836','connect!68116787836!conceptbar.info!001!61','1','更科','烈','レッツ','supeiza1973@gmail.com',NULL,1,'2022-09-06',0,'ckUKG7vfx0fTkeeL8D9XZX:APA91bGnsXZUwvLxFGLD424B5sv6KcjeJ_uPdXsTDINxrrRgNVx5FhbOvuTsEEJn8m_J0gah4x-BqlwcFCghIo1_VBt_5jJwhrvkGZhptmEV_AbGz4igqma_uPbhzkzNdAgxoHhBlR9r','7a3c8de5498e4db3d952c7144a69efa03c68ad35',NULL,NULL,NULL,1,NULL,'2022-09-06 13:37:07','2022-11-18 23:41:01'),
(254,1,'63562381620','connect!63562381620!conceptbar.info!001!42','1','寺山','佑斗','ゆちこママ','terarin5773@gmail.com',NULL,1,'2022-09-06',0,'cwjmdeAjWUO0ldMMdtWk9Z:APA91bG-6UO7qtrhD5dTc30-1cMm7ar_Itdei3cNG2PGr_bF-1plr2c2LBw-a03_zKMfMI9tC4wcynMa9xQop-Y7Ow4hWl_kQC29Xt9sP8KcOZdsAe_xyTXE5GXKxhf_vegrGsNTr1ew','28f79ff4b99aeaf079b33ba3bbf1dcfadcdfdcfc',NULL,NULL,NULL,1,NULL,'2022-09-06 13:37:20','2022-09-06 13:37:20'),
(255,1,'59239418268','connect!59239418268!conceptbar.info!001!57','1','出店','遼','おみ','hanyu-n.notokawai-yonoto@docomo.ne.jp',NULL,1,'2022-09-06',0,'f6K2HKhob0ippy_lSAQE7M:APA91bGIf8I-LSIFrbUy5hgw8j0SPuNvfxhELS6gbS1gNhyA-CZcG5Gnyyzc4tExxMeZWvECaTg_2AH5l9U83lhDJ5Opf8xLE_pyA-Bf7I1uckdcZA8OF_6wvTDvhoBdOwILzagxzTjU','5430f047a26a78f5463263347dc4cec06028ffd5',NULL,NULL,NULL,1,NULL,'2022-09-06 13:38:49','2022-10-31 21:54:45'),
(256,1,'63600154336','connect!63600154336!conceptbar.info!001!37','1','黒坂 ','昌弘','ひまわり','Kogechanel96-96@au.com',NULL,1,'2022-09-06',0,'edcsw0nnTrud0IQUFvEBzS:APA91bHDoVffnQT-EOamPB3ydI2SPVMVDownLVG5tiPw556BwYLmvxu87Qx-YtNV6tsfnOqhlWrTRw80F5-r7ghe1UTbet1VSc2BnZlERQxkKwycIWTMSIIpww1V1L-LeYpaJExXVL2h','0a3a66c1439a72d90fb30904b1e8b6ad8836d9ab',NULL,NULL,NULL,1,NULL,'2022-09-06 13:39:15','2022-10-16 20:36:58'),
(257,1,'73644305652','connect!73644305652!conceptbar.info!001!45','1','合田','将丈','マサ','airolg0@gmail.com',NULL,1,'2022-09-06',0,'fpoiKpM2S5-4BdySxg65Vw:APA91bEtIMAeWQ4ysFm6DYu4UlmUGRJKqlHRyNmJaheVI68i9Mv_B84sqbNpRUBDfAXC0Jx3TFlBA-0NFTsfr__Rx5l1qgrmKqRHz_cE5o8vGeXZBl4b4x0ilEbPSrvHxHKxB8QTp4x5','fd84d7e0a2ab5414281b5a61f2292a2227887cbe',0,0,0,1,NULL,'2022-09-06 13:40:31','2022-09-06 13:47:16'),
(258,1,'54679703093','connect!54679703093!conceptbar.info!001!53','1','松川','楓','ゆうき','kaede.0422@ezweb.ne.jp',NULL,1,'2022-09-06',0,'dVCtqybqTIypCuLc0M3Nry:APA91bHV8Q_eXxa9yrkz0qpHDetmVY0QRRXJZQ6QmTRrw_slSAxODiFPjT_jK8HeXoCdtcVtyT-hYA8mvoB9xdF9PWh5LI7an3rysbMGsolZD6I_AZUmGymP7yLil5h2icpnDk-lr-rY','3f189dd50ce6c6b7ff6bdb2ebe783ca0a60b3249',NULL,NULL,NULL,1,NULL,'2022-09-06 13:40:42','2023-04-23 22:03:47'),
(259,1,'62637524713','connect!62637524713!conceptbar.info!001!46','1','佐藤','俊介','ねぽあ','hidden.many.eye.master@softbank.ne.jp',NULL,1,'2022-09-06',0,'fpILm-tfRD-d8f8T8cAmbz:APA91bFTDAMAq-tIV_6Xs6G4sCkaCuQlViH5QvgXRCD7zX6chRDE8eZq6Jpcon4cjVZqhmznGFOqhsDBLbDxuQkA7kHNiwv61RjO0RxhITRSV7geCnN-zoHK3-DsQtcCrNAzn_0Yjq-M','ac510bc46b1e9cbc4cceccee2683cc01235b9ca7',NULL,NULL,NULL,1,NULL,'2022-09-06 13:42:14','2022-11-06 23:56:37'),
(260,1,'24957072955','connect!24957072955!conceptbar.info!001!55','1','山下','航平','こーへー','yamakoyamap@gmail.com',NULL,1,'2022-09-06',0,'ekJ8tGF3SDCduFk-NH_nq8:APA91bH3PzAltAKtvQetjcyZS1-XWDClR0AnKKtNCv-5ZQzJsRDnpPrk31QUidDSVeWrfEwfrezsFXvyk-mteRFh1f6zlKet3Ozn7xh1LNV4tE_xhF6IOKBcsBfJXltkpu-eepjGTZxN','d2c94001b0d30bb32b618bd0ba2ee9de3b65e42c',NULL,NULL,NULL,1,NULL,'2022-09-06 13:46:24','2022-11-14 21:55:16'),
(262,1,'94423532229','connect!94423532229!conceptbar.info!001!45','1','佐藤','紘斗','HIROTO','2858misogi@ezweb.ne.jp',NULL,1,'2022-09-06',0,'dYVFo_r-Y0efqjLIrw3C_Z:APA91bEqHhgXCBJlHbdodPrB4m4qMmVCKUaEr9PZmIK5Nge1yyFDWIfwYZt-oDpn2DDeBHFXPVEF5ewNYLVxdvkDFgFYlBP7WQzczEnf5bspjjK3xnflaqiFVs8wCNjvtSixM8FVC2i9','bdf18de315f75e2efa4c1b2adc9e353520169bf4',0,0,0,1,NULL,'2022-09-06 13:53:37','2022-11-18 08:24:31'),
(263,1,'93058405018','connect!93058405018!conceptbar.info!001!43','1','鎌田','啓司','ニコラス','u009hkc6x2ehfrbycdtn@docomo.ne.jp',NULL,1,'2022-09-06',0,'eHeKMaLUa0iqh5Ntxozv5W:APA91bEvWIyJydyolbOqpt5xVcdz6-xfPvQA8qPqxa9ACL4Gja8L2mmYCK2D1w1R2dOspYySM9GgCWQtKrgDS_QHEhjdpczKc9uVPzKeS2Trfr_-Os90DaUHKxDwvSNGjY3c-l8IrrjM','7a42ef27a73ba1da496aa029afeee892646ff7a7',NULL,NULL,NULL,1,NULL,'2022-09-06 13:58:49','2023-01-31 13:32:14'),
(265,1,'62855481149','connect!62855481149!conceptbar.info!001!53','1','織田','祥真','オダショー','0zy03v207293w1s@ezweb.ne.jp',NULL,1,'2022-09-06',0,'cvJ-AhdiQ6irCsf9AVzytl:APA91bFAABXhWy14IvndlzZdfx-0Wv3jNDT2VDqwZWV2qqOblGcL6bUd4GArSn570gB6Rmlb1Is5XDSQOwa9htYlmUhkFOtQCVm2aCp-W5G1JMrhfbq6WWAPBp8nqMEdMePeyr6TqxWW','ddd7a9bdf571ed8a78bbf975716e6854210158af',NULL,NULL,NULL,1,NULL,'2022-09-06 14:00:22','2022-09-16 05:22:53'),
(266,1,'30171492789','connect!30171492789!conceptbar.info!001!51','1','ちい','ちゃん','ちい','cotton8xo_candy@ezweb.ne.jp',NULL,1,'2022-09-06',0,'fnU5TQY8mUWChmbHVe9U3L:APA91bE1BK2WmJBDg8dyWJqWLtGi82KBhx3072xugxp_aSMeOQmFMmovlstUJKAntl9spZdJMOfMPtfneWZoHYwnXEli0HoP-y-r5wYelg2jX0Xta1phFslaSbj6BP5qT5h5BS_QJn_N','bd8de0628756ae1c6d5e2b84085af97b5566c543',NULL,NULL,NULL,1,NULL,'2022-09-06 14:01:00','2022-09-07 11:08:23'),
(267,1,'92916635441','connect!92916635441!conceptbar.info!001!50','1','新出','慎一郎','NICCHAN','oyakata.tera@gmail.com',NULL,1,'2022-09-06',0,'fwHQZKhZZk3ttKNv1z3oPV:APA91bElUXItzJ8IVDeChazc5A0D_TDao8iI2My6qhKpUJwIIdSANSxOKXqTvpHMua94qQVnvKugPOquIEB_VWQP65wNx5iX3QvBrTMRv1gkMR8icXuVgS1RsnmMJAQEi_amCINsJucg','fd476e32fc1cb4bbeccb22551eeb11bbc73d811d',NULL,NULL,NULL,1,NULL,'2022-09-06 14:02:55','2022-09-06 14:05:35'),
(268,1,'62640448779','connect!62640448779!conceptbar.info!001!57','1','黒田','恭平','くろちゃん','abababachi22@gmail.com',NULL,1,'2022-09-06',0,'dI1lj8colUIokE-Jgbn80h:APA91bHMM8hxxNkDEfhQwCFivVuyjcxfl1oTqwkIrJ6BbsoRJpdbuvxAW22VtIIHQuAS_JQNwCnDgw3AVqnMPVJFHvH8AkL-kA48tYU4FhLYFPCZtEnDV5VFnXc7MS2FKb8Hnupl9qY7','0f191eafc5cbc8ee42453cc5f4a11e79d5627263',0,0,NULL,1,NULL,'2022-09-06 14:04:32','2022-09-06 14:04:57'),
(269,1,'98327813914','connect!98327813914!conceptbar.info!001!55','1','木村','怜央','さくなな','sakusakura7890@gmail.com',NULL,1,'2022-09-06',0,'e9j4iGaPEESUi-Dc_uhsUo:APA91bFW620JfMiWJW6rck-Pc4rOKvBxpgrjOfJvULY0x5Bkt_WmL5B_tHuHh219BQAPzOtFWnAh6KK6crepMCrWhiqsQZlLFQ5w8pU3Nrs_zOcMhvrZJkdZG0ePNXLOtIHqzN4osCHO','e23b856657c5acbdcb30757eb1983ad4bdd7f481',NULL,NULL,NULL,1,NULL,'2022-09-06 14:05:18','2022-09-15 00:45:17'),
(270,1,'37646000260','connect!37646000260!conceptbar.info!001!34','1','滝内','俊史','としる','aoihikari.beat@gmail.com',NULL,1,'2022-09-06',0,'dnucaCVkTyuXC-N1z6yRhB:APA91bEdoGVsK_iy9x28QK4sgRFBKetYDT2NujzwyVDCd1Xo6Xr2DTVXnKu_B8J17awlQvbuYRjv98kMnTbAC6BH3UkNdGaKvOx7d0sGNYATY7SOpB8J0-fm-UBFd7Onr-2kLa9p6uj7','0d786f2924a842ef526c37c28f9341fcf3871498',NULL,NULL,NULL,1,NULL,'2022-09-06 14:06:59','2022-09-06 14:07:35'),
(271,1,'90721095978','connect!90721095978!conceptbar.info!001!57','1','三越','智之','ぽろ','poroart@icloud.com',NULL,1,'2022-09-06',0,'fXLmXiqGQU6juxFKj1JTaE:APA91bGsAI3wRm6whZKWRjcGHKS3jieG7pgo2k9ylzBun5AX4APoxWWqlWfwxJY9mFjZpKdJEGLVkcCXAe0SlyXPhL7HCM-2cE6wYukTzSuJsq-izGVZqAMJiI9oulutJbibBmgn5n1O','97dadec8028463603c3681c43f38e5c8c5b8df6c',NULL,NULL,NULL,1,NULL,'2022-09-06 14:08:56','2022-11-06 06:27:48'),
(272,1,'55740225429','connect!55740225429!conceptbar.info!001!45','1','山下','力','ヤマシタ','tikara1234@icloud.com',NULL,1,'2022-09-06',0,'fFHYk7WLpk3kohnctU3mJy:APA91bEbH8elo9gENLU6cjUr61VQavkzUfgl-n4oxbyRQQt_kfAn1AvcEfjxgAKMpw71zrqKVWzTK7u6_pz5Xh0_LPxNV__Qef1HhH7fOBoq851MU69qkTdu8ybJJIQxPsuPbOShVwZq','e7315b04971ac8171db272e0b1cb6fddf4282cd7',NULL,NULL,NULL,1,NULL,'2022-09-06 14:09:08','2022-11-14 07:53:04'),
(273,1,'60479435230','connect!60479435230!conceptbar.info!001!43','1','若原','慎','便器ソムリエ','baccano01200112@gmail.com',NULL,1,'2022-09-06',0,'dfVIMrAaUUX9kd1Hf3TSK6:APA91bEGLCH2XT8_jg1CRdd0EJUcSJduvUlpZYyD8nSYFm-FAC66QgcpDtrSvRVSouXzI4AsqYAEScrAR0a0FoPi8oeLM3kxZIK5DHWScAPupnxwG_hUZXP1-7GX4fIomIuhZ2dLduKc','9c9f30bd378f8066315307a1bc61df802f7b9ffc',NULL,NULL,NULL,1,NULL,'2022-09-06 14:09:59','2022-09-06 14:10:16'),
(274,1,'37810972778','connect!37810972778!conceptbar.info!001!59','1','さとう','まさる','まさる','xb5a2a28e738beW23YW@ymobile.ne.jp',NULL,1,'2022-09-06',0,'fWv9nMwrQf6RHPRAjGU3z7:APA91bFq38BpiyxQZuFVbQyv8famhSEonm77J1JGRcjzcs18OHBS3wU1nn9Glgvf79MCbL8amerPySBbtsVhGkodvKS2T5g3dfbShJ8OWGlsS0NBR5iPdH5CLWUKdmE0s0pRmYQAdXsq','2a233ddbbac7c6cebd90f752db1cf9fd08360d25',NULL,NULL,NULL,1,NULL,'2022-09-06 14:13:24','2022-09-06 14:13:24'),
(275,1,'70729235932','connect!70729235932!conceptbar.info!001!49','1','なみひら','しゅり','をき','aokisyuri3333@icloud.com',NULL,1,'2022-09-06',0,'csgqQy_OZEo4u1fMpNS1w9:APA91bGrT9fagsTrrPDjM5t94d5mcFq3hdgwmJKPqxsu5XbT-gBOPKmNdIsvFTf6Z7_N0-7-4nJlpTJ6UGVGKlfSi6s0U6TbBEzvMDvZRGlGCdb3rxzvGb90CtKg4euZj9E-F-ZopahP','de1c587cd085f2132dc559cf2d886f6808fbc877',NULL,NULL,NULL,1,NULL,'2022-09-06 14:24:10','2022-11-07 11:33:31'),
(276,1,'71525727601','connect!71525727601!conceptbar.info!001!43','1','斉藤','貴士','TAKA','saitou09094322189@gmail.com',NULL,1,'2022-09-06',0,'ezNUn7CeSraUn160vv3g9-:APA91bFeJfXzXyKfJCPuXd1MhRm3eNZHxbQ7VrWTeon25A5h4rBZ4s0KfNltl5BjXQWccL4rPiYPgP3vnkd7wZ8hZKwtswdd5SU4_UrKq849tRG32EWvNpXLb2xW3UIrXYRmDraiUYQm','dfd47f57291602df9c0327e0e97f1f26384d1c1c',NULL,NULL,NULL,1,NULL,'2022-09-06 14:28:05','2022-09-06 14:28:05'),
(277,1,'37713091067','connect!37713091067!conceptbar.info!001!44','1','あ','お','あお','go_ya_chample@me.com',NULL,1,'2022-09-06',0,'dozNgy_LRdGU-ardhaYpO6:APA91bFcnYjAMkr8-23UDYlqMLmXrc78bSSdezG94soKZS-wWVZAtIx3-MKxJlP5K7V2jnGrPjKLekssB3ODzB5QUwB903HJBcaQE61eOtroQQJROi3tOmvg3_MG7GJ8xtj_d2kRGcaP','0ec37ec6de83fe1e3939766876eac5afb9b01ddf',NULL,NULL,NULL,1,NULL,'2022-09-06 14:36:07','2022-10-06 19:12:57'),
(278,1,'80879330584','connect!80879330584!conceptbar.info!001!55','1','秋濱','雄平','ボウリングワ…','loveandpeace1986-0914ai@docomo.ne.jp',NULL,1,'2022-09-06',0,'ez-d1mDRVELRufqHUQDTsM:APA91bERq-L0GaTHW13Roaq9AOM4ghE6sRSjm2wKGc_v1z67KneM8a-GZrckgT1xcZNghi92Hd8aFySXpRZdQuT-dZTWij_IGATF_pobM-1FwfMpQNly4C5mIFIFIpadhKJhIGU50LYe','4adf2dce6ad20c4a479fa9432fc489c006f8bf1e',NULL,NULL,NULL,1,NULL,'2022-09-06 14:55:27','2022-09-06 14:56:28'),
(279,1,'38337739332','connect!38337739332!conceptbar.info!001!51','1','夏目','湊','みなと','hasihiro51@gmail.com',NULL,1,'2022-09-06',0,'dTKICqaZuUgwmy7GzJJ6tw:APA91bHzOUvs1q8ORUNX4tqfM25QWt0HlHtHc3DhOWjbcSLnAM1TZpmEl2cRDlthSEJFgqRGnI0-LM9vEjRU4V_NgsD3HGIo1kBwQp-tfx_ioG0SVQYumX6mFULaoap5BJRM-ywie_EW','45e0d493f765c32d7b1e4506298db8e1f74d2151',NULL,NULL,NULL,1,NULL,'2022-09-06 14:55:28','2022-09-06 20:54:45'),
(281,1,'79860683345','connect!79860683345!conceptbar.info!001!59','1','佐藤','大樹','ハライチ','only-holy-story.t-s0225@docomo.ne.jp',NULL,1,'2022-09-06',0,'fhuhjWeLKUJSlaidFzKQnH:APA91bF-jLQvpjrt0knfNapWuY_x5sxUjvsjmee6IHRcRRDzb3wZjvy7v41rZu2WzlsAzv6xeg-X9uOaonU_YcnPXidKGKOuXwNJcztOfWbKl13oesHjppXuhocIBbLTtADn0Lphu3BC','3d8b7075e3b02061ace488c27aea4180bff090a7',NULL,NULL,NULL,1,NULL,'2022-09-06 15:09:52','2022-09-06 15:09:52'),
(282,1,'78810387227','connect!78810387227!conceptbar.info!001!53','1','林','拓也','リンリン','828hayataku@gmail.com',NULL,1,'2022-09-06',0,'dvriY2oUQaCxPJpN4Uw_K-:APA91bHcO_Y6BNKS_Bj0YxQ04BdcQ1HI3qOk6OK0dONndSEJQ3lmtPKhvvGu9rJ09UVTHUnKfYeq3kOxhgWOA3jcoT254KwRWvW1B3CbViFATLMtZT72-YkPJJhw4s-Y3nYaw9qDwc2H','7a19399e4701e2ad2ac732aa85ae246cfc4a1f49',NULL,NULL,NULL,1,NULL,'2022-09-06 15:15:38','2023-01-08 15:02:58'),
(283,1,'95752768492','connect!95752768492!conceptbar.info!001!64','1','もり','あきひろ','しゃくれ','dream.come.true.1409@ezweb.ne.jp',NULL,1,'2022-09-06',0,'fXvFcSXWQxm2h7ZBo3N81X:APA91bFyGE_Aq15HEEveFAS1DHiF1PmqcTylhZuEjrvNawKYZW8J8BHms85pXd0lAzpucZiPdt8TsdLXJf3c_Wq9B7geFXZLSVbwMr_H4dgN_encVFFHrjRcHOiQoYg6TWcb59n09Cuk','8ddaf8e80a1326ec5ce90165d194ac4dcdb19ba1',NULL,NULL,NULL,1,NULL,'2022-09-06 15:16:30','2022-09-06 15:16:30'),
(285,1,'48550852943','connect!48550852943!conceptbar.info!001!53','1','阿部','雄太','ねこまる','yuta9615119@au.com',NULL,1,'2022-09-06',0,'dUrUsHTLTgWuMJXNSd8_Pr:APA91bGDPVOJANY-aQ85TSAZ3N_buJS9rGMBJYAcHueOkMej7psfIy9j9scWrjb4tNnzBr-HfbJ90umadb1GGnxfsy9IljhiXGD1zOVpL-mmtD8W6CTEhmwo_BxGugzHW1JRIo3Pc5_a','8536156aa4ebdc7b99a3fb0c181aa919f595aa1d',0,0,0,1,NULL,'2022-09-06 15:20:39','2022-11-18 15:49:54'),
(286,1,'65768362453','connect!65768362453!conceptbar.info!001!55','1','奥山','僚','つかさ','kingofpop.829@icloud.com',NULL,1,'2022-09-06',0,'e2X78hWVP037nHldDkWR3q:APA91bE8GnmT43lqIZtsZdhxGrPjiESF1NK3U0lT0lJoXSh3g21V_xSr-b-fzc5vV_roE2i4NWrycrDn_Xu-nW2c59065KnJ3as1bgt70JZwNSaKBDHCAiJqS3S-FRLhbAuom7cb-hgN','e05fba459c5bf65c1471ee0973abf730b099ff5a',NULL,NULL,NULL,1,NULL,'2022-09-06 15:20:58','2023-03-27 18:23:58'),
(287,1,'94401574668','connect!94401574668!conceptbar.info!001!54','1','宮崎','公永','たなはし','hamutofu@yahoo.co.jp',NULL,1,'2022-09-06',0,'dF8dpnfee0dtgi-q-Mfaxq:APA91bGMzyCiW58LTQIKBBZKq_XZtrhaZRDbFCpQEt71dCzdoNW45beGserRlVKDhIoDTAGoWfENUFvL5NFrd0xb7zxJ4aLODdIrqIqL32v_J8TG5gTygcrQ3lSu6xJmEvD4Gqb8GF46','7a720ec116e5889f063a2b9980298a3d3ea7144d',NULL,NULL,NULL,1,NULL,'2022-09-06 15:43:29','2023-04-09 18:10:32'),
(288,1,'54808415195','connect!54808415195!conceptbar.info!001!50','1','近藤','紘史','ひろ','buono910@gmail.com',NULL,1,'2022-09-06',0,'c7C1g8xvaEGHuNcmV2ZfhQ:APA91bGUcXiyrfVOBqq49MktUdgbgRhU3d-A7Y-rjwWX5qqBiS6DXoG_-YfZ-ZnKUPCg97p9wMvzno3UjfoY1ew6aS8VR8rq_D84BQOI7l4tKtEdx32EHN3TzxfsTWNQu5MsgN1d8uRz','35e5b3e9c3c52b542cc54ffadd41b744dc400e1a',NULL,NULL,NULL,1,NULL,'2022-09-06 15:45:02','2022-12-22 02:29:08'),
(289,1,'23426765027','connect!23426765027!conceptbar.info!001!44','1','井上','登夫','ノブオ','p.i.s-1996@docomo.ne.jp',NULL,1,'2022-09-06',0,'dfpnT7g5TIycI68v02I4WM:APA91bFR-oy2cyZzF8L0tFMsGkZMxQ4aMOYfxbHIlw7R_OAgaSbJAYlXO8YfiZE1142q6noCzOnB1rAb_lclzYf-X-BvyfFXKVLiyap4N_b8JQwEj7Ut3fo8WJkgxNg1mUE3XFqu6gk3','2664c206999e7419517ee39e177797576a52201b',NULL,NULL,NULL,1,NULL,'2022-09-06 16:21:53','2022-09-26 19:52:14'),
(290,1,'87792459862','connect!87792459862!conceptbar.info!001!67','1','カドヤ','リョウタ','リョウタ','ah.txvg-1469.w-z-c.sfg@docomo.ne.jp',NULL,1,'2022-09-06',0,'dymoVu4eRN-bQ1HaqHYDRs:APA91bFJMyHoDnN7_TW3Kd1Vjf_W2cMgKpfQUyuSSdlpAUgwjjZFHKzGiAaqUoOqxKnMMHmdhKA8w07aF9HMnph-LXY4KtY6KQwC6cJSi3wdgsiA5KUWDD-VFtPlxxuGGIYe12dFED7d','eb96ad6e667d525ca167c1b6b0be22603721aeb8',NULL,NULL,NULL,1,NULL,'2022-09-06 16:23:18','2022-09-06 17:36:04'),
(291,1,'56855635543','connect!56855635543!conceptbar.info!001!55','1','大岩','涼太','りょうた','whitesilosiro@gmail.com',NULL,1,'2022-09-06',0,'ek9TzJHsIUGMgW0MCOf3IP:APA91bHVX5T4Xp1YaD_JfvaHHKx6eAzWn-cG7m53mSwCiW-pov8GhVUJTQrCAEjagPM39AdtbtGAO_779oaa0gNnFVUBhrKBliLsyBZ0aPmzpTjMYQVESggvAoWzWBXy95D3m-pbjVXI','e0b5888697dab7c47a152ccfd18cb4125699e6c4',NULL,NULL,NULL,1,NULL,'2022-09-06 16:28:29','2022-11-11 00:29:33'),
(292,1,'81569693214','connect!81569693214!conceptbar.info!001!54','1','佐藤','真介','たまちゃん。','s.y.k.a.-310_go-go@i.softbank.jp',NULL,1,'2022-09-06',0,'cLCVJ-Vdf0huoWSOpYqcj_:APA91bGFuXZ010lX-rCP4zh_s8NEYx_3mDGSlgDGOZhWRAyqzE2AdHfqq9ntlLAlY7j3wiR-3I0lZ-dCAZHEeRXgVOlcOEuS17T2FWzRFZo_324ZQKfaJwOSUC80G0IHUEgA7Bk1hAb_','7986c60ae727eb71b90b888ca277130654ef981d',NULL,NULL,NULL,1,NULL,'2022-09-06 16:31:10','2022-11-07 13:56:13'),
(293,1,'14854256495','connect!14854256495!conceptbar.info!001!53','1','きのこ','やまぞう','のき','shir0kuma.13g.mer@gmail.com',NULL,1,'2022-09-06',0,'dNuRP3W6tUVWuO2tKcir9R:APA91bFzosSpnpPrmqRKAyhCDkvPrji41QxyG1hfsejtE4QiIeD5yKyaVqvATucv9RtscdFiL9z54I4t8rL0_IMIOjs8gka9K-qdhqd3ytoIo6Q8-7oMWSPoPezsHtdsrV4ggMmDyM_y','c047faa7c6d2b0094b879dcb87c20df53a098418',NULL,NULL,NULL,1,NULL,'2022-09-06 16:32:24','2022-09-06 16:32:24'),
(294,1,'29207367849','connect!29207367849!conceptbar.info!001!57','1','篠原','景香','めあち','luam_o06@yahoo.co.jp',NULL,1,'2022-09-06',0,'fCg563G9lk8AqqdIWz19kN:APA91bGbT9GPTK972VBQk8F4uGRxzDLbTsUQj9h0c5mjZ6WQSngKgu7haMpBfWRSBaHcv7aOREaOhqK_zAW9LQsD3DAIIvcMsyAWfHaDkFIRgoIG5MwfpDTDHQ6UcUgfTn_TjDcyiSib','74b7157a8649556f78270aab3773edd794fdb7b3',NULL,NULL,NULL,1,NULL,'2022-09-06 16:36:43','2022-09-06 16:36:43'),
(295,1,'51187765830','connect!51187765830!conceptbar.info!001!51','1','川瀨','筑紫','KILR','kanard0121@gmail.com',NULL,1,'2022-09-06',0,'er_fUy2HXU0yuV7P77cHNM:APA91bHbwu3viNrA55ivFnc2-SuyPCOpiUqEDVQjXtlOqFB8Q8EYE_0909R-3fGd13Z97A_KFRregBw4EU4b3TapvYgE1sTgn3pA7hTalD156qUIO0TvnLiezKdZxzwvx_Cg0dHtz3Gf','ccb713a8a2e9d91e01b5425e167726d74184c196',NULL,NULL,NULL,1,NULL,'2022-09-06 16:53:49','2023-01-04 00:03:08'),
(297,1,'69681135785','connect!69681135785!conceptbar.info!001!59','1','中村','主水','中村主水','nakamuramondo11@gmail.com',NULL,1,'2022-09-06',0,'e7ESvyLOTeGZKI-3ybseXV:APA91bH-CgAxeJYnDW4X18fnU5SVzKyVIedMz4iPeDAUUqWPrwHYBUMuSNES9ah6FZkhX0iMFz55sv9moP_Zl2HnZYwvqsQ8k0R41ZGK6e2fLzn_a5aBbzPX0UfZIjxRydGF3_lHRUlv','c5901691123f61ba5f09b6bdf5fd326783860cc0',NULL,NULL,NULL,1,NULL,'2022-09-06 16:57:42','2022-09-06 16:57:55'),
(298,1,'57556815323','connect!57556815323!conceptbar.info!001!50','1','岡本','悠楽','ユノン','yunon1229@gmail.com',NULL,1,'2022-09-06',0,'d-Q9JnDRQW2xfYoAfk0VZ0:APA91bH2XeSs5a5M_gJaM2unNGOmUtB0gD0RcYIRhX9kdxIDAV0AIZh2ktT4RqLPqMPcdvFTM_AAi0J5dIWr8cmQhX4_baTCxjoh7qXOCcgqXWiHbS_WV6slHRiwDRW7YuPHDqssA0Jm','c9013e37732eb57da5ad7beaa53e1f78c86b99a0',NULL,NULL,NULL,1,NULL,'2022-09-06 16:58:00','2023-01-06 03:35:17'),
(299,1,'79977923829','connect!79977923829!conceptbar.info!001!72','1','河合','雄人','ゆーとかわい','yutok.0424@gmail.com',NULL,1,'2022-09-06',0,'fjNT_Wz0QUCJ86iT5VXWsG:APA91bGVBn8uHb4NZFJvTznMLJcKuJ71pz9SsOgetQCJ7_y3n5-nZRbN_E3v6fCGZcnyILxkLTnar_qBbwCN-a_UqfWDejGM34nsI2JZ-s4NbfZfEzS83dCwz9OKo8yftwgBXMq2XN25','92afd013d35d7662a71773d9901bd5eac65ec773',NULL,NULL,NULL,1,NULL,'2022-09-06 17:11:05','2022-09-06 17:11:05'),
(300,1,'26494663679','connect!26494663679!conceptbar.info!001!62','1','村上','清志','琉','kara.060842@gmail.com',NULL,1,'2022-09-06',0,'eqMWd-wPSdijMynrdTuD13:APA91bE6-o1Wv6UVZ1nNdvcPhbcv6SckGkddAX068YO2c4Y7oNYN7GYdWtvTZ-InhxadXHDObNKRm2DjnHVAVuCre64yMBwWdNyrMjt2Wv6nknLKeuxz_JSnNfgiqfRt2qbucOxHDSpr','a44f043ec614bb3d9b124b0d4c54d8178bd37421',NULL,NULL,NULL,1,NULL,'2022-09-06 17:21:35','2023-01-10 21:40:28'),
(302,1,'55131639126','connect!55131639126!conceptbar.info!001!42','1','ありおか','だいき','ふわり','mai.arashi.sho-love@softbank.ne.jp',NULL,1,'2022-09-06',0,'eUje0ET-0UYGvRZtEsySGa:APA91bFCdSjVW_cwlcY0hJAWMX76GVwgB_6nwyOFXtYBzfMZdkOhfmVz1PXwzNst1Agy96xgrJoKpKjCgeOroV6EkNkBc9xI8OtA1riXahWV3YHEkaXDTX3VxHXORgRsb14QZ8s3jQWo','b9700f3556737d781db02429e126d1fe7b2db8dd',NULL,NULL,NULL,1,NULL,'2022-09-06 17:30:28','2022-09-06 17:30:28'),
(303,1,'69321102421','connect!69321102421!conceptbar.info!001!31','1','押切','央登','ひさと','kosumosuayane1147@gmail.com',NULL,1,'2022-09-06',0,'eepc4InOZEDiq4zJcAWcAO:APA91bFURj0IsP7Sdd5fPp8Lw_tcYnUBc5UIFC97Ac_CSj_WxZPmlX4KtrHhQnrOgsLcGcBGLxmermHSz1nZIXPUC19fZwvOKIxLS4U8AdovjElce0UxYE5oyr3chLtrUmtiQTAMI_7_','d45b9daf016a4971eb3baf36e7c08c0f6ca05bb1',NULL,NULL,NULL,1,NULL,'2022-09-06 17:47:12','2022-11-07 13:39:15'),
(304,1,'77392468740','connect!77392468740!conceptbar.info!001!57','1','うか','ぴ','うかぴ','riririncyo@gmail.com',NULL,1,'2022-09-06',0,'dry98j16jkU9tMCx7T9VC-:APA91bFm6aXVGqeekO4E62JXesC0huu4tKIUyzd4dpziqLGkUIRkMrDuQIxnL26RwnGVyzr9jesGWKJOBb6aIJriWJUQbj0Bqm0nGsAlcvAweceT_-iU7c7_85JCj9cO-M6G8hLuS4S-','e37f59a165c7bf5ea8efbf649041f5130c24bf25',NULL,NULL,NULL,1,NULL,'2022-09-06 17:50:00','2022-09-06 17:50:00'),
(305,1,'79024762143','connect!79024762143!conceptbar.info!001!45','1','今野','泰信','そば屋','yasu.0818@ezweb.ne.jp',NULL,1,'2022-09-06',0,'dDj2v0F0Sxa9aMC0GARPkx:APA91bG8WXIb8Gl0N8Vxjp5n_rETli6m2BWHRygQ2QT1JHt20hi5R_s0t3sta5h5a3QhJIl3Nv4iGAZEkfQ9NC9O9LLfC_c9IYboxyij1I6BLpZUZCVgaaoVD0qyrITCzEFKD9nbpxNT','c29dd27e9714bc83ff845466d32c18c931080725',NULL,NULL,NULL,1,NULL,'2022-09-06 17:51:46','2022-11-25 20:17:38'),
(306,1,'52674768460','connect!52674768460!conceptbar.info!001!55','1','池田','祥希','いぬくん','kudoskudos14@gmail.com',NULL,1,'2022-09-06',0,'e5nOodEsAEpTtyHXf2p9_j:APA91bGbtohhWTVuKxYmKrPtjzmS1p0u_TC-6WLp2oYWyYGvBFPoGbAZOzUYfNteT1eFTytwrZg3QPmeHNeUiT1MfzpjrG5xpUXdijvhnrZm-wTn9L9EVPyjC6-y6FOeAC7oi6zoKTu2','f2cc37edef0eb035c49407d2b81752e6c9e3ac33',NULL,NULL,NULL,1,NULL,'2022-09-06 17:55:18','2022-09-06 17:55:18'),
(307,1,'31030270784','connect!31030270784!conceptbar.info!001!35','1','谷岡','一馬','Akuzam','the.death.march.twister@ezweb.ne.jp',NULL,1,'2022-09-06',0,'fQm0n4IMTTy0h2zaeAseLz:APA91bEJylxkdZ9ZbBUZB2H81xQtohd6vTb-lyoMaXcLp-18hnOt1YJG_m9_QBPqnxF_qUK461ImeKIhdS2ObiHhbysKiTv5VHQSReM6OglZtoGSL0VDSSJNcU51yd520wK7PO_wlCH1','5fa679c5bd16c0f0f438a9ec69b1bec607e39104',NULL,NULL,NULL,1,NULL,'2022-09-06 18:04:16','2022-09-06 18:04:16'),
(308,1,'61557795711','connect!61557795711!conceptbar.info!001!54','1','木下','涼馬','クアンタ','ryoma.judo0513@docomo.ne.jp',NULL,1,'2022-09-06',0,'cdWtKg4E8Ug3m5VY3e_M9M:APA91bED7sxSRQvEJEGcc1YKo7NFN6F8iszcf7QafE1VGiVWmkuhRTtfMQ0gieU4sOUggjYBrcj3XtXDU-Hpc67du7TYkiUKgiMRmP_gBe9l4AayRxsVdwCaJLrcgrEZEw9xnK6jt_Sd','75b2e0839fae2ae912ae46511a36a05e2c7d57ad',NULL,NULL,NULL,1,NULL,'2022-09-06 18:07:03','2023-02-20 18:19:47'),
(309,1,'59469568700','connect!59469568700!conceptbar.info!001!59','1','猪狩','晴香','はるか','arn.luvs2@gmail.com',NULL,1,'2022-09-06',0,'fGMrtIpDw0x-gg4y534cvb:APA91bGGIf7OQ2NrMoWTwLzPXS269h2oX8HdyXKmgXyR-B1KLmI5SOtRpT8yrEoXTfE06T6feIfY8Qj7S8CIfdjjajFwq7zVWkzfFVn9Cu59tIK46BzAeH0hWGEZGQwv9FHkwk_pjEvZ','d3645129202a019e30c3fa7964cd1a2f1cbab7b5',NULL,NULL,NULL,1,NULL,'2022-09-06 18:07:42','2022-10-09 02:22:02'),
(310,1,'54222444664','connect!54222444664!conceptbar.info!001!43','2','佐藤','ケビン','ケビン','kevin07005959@gmail.com',NULL,1,'2022-09-06',0,'dhzuWxsqpkoIhcyVH2tosg:APA91bHq6t-i6_ldCggfrMwby28Ys8CPLhdjvmnGdJCT9SdKTBPZ6ct0UyEFGYKGLMWYztpgAv4HiUPjCWKv-9kt1GpdArHHAtAztkBa3NgohkqaISn5TWWLuTdoVL7eiQc269gR2pAl','7a4ba468dfe20287cfbfe5daa7d413e028bfe32d',NULL,NULL,NULL,1,NULL,'2022-09-06 18:10:02','2022-11-01 12:42:26'),
(311,1,'31491512009','connect!31491512009!conceptbar.info!001!35','1','藤林','貴宏','たかひろ','darthvader.t@docomo.ne.jp',NULL,1,'2022-09-06',0,'f4YrpK_DQbqGZpvDkgqgty:APA91bGWwMTyhzneSXS6fETNW0aXbrqPLhbj9FZNcQ8AZQPkmawQ0LZbfWe5ssc5MUtTd85IMWM7CwVblUO_fnam5__tOI_7wDvPQbfltT6oIjJv4s7o-aGQjKZIuOB0KWNybJbUNibO','bb258b8b5bd3e3260cf60989636b90bbfe6d08d5',NULL,NULL,NULL,1,NULL,'2022-09-06 18:15:23','2022-09-06 18:15:23'),
(312,1,'19769663116','connect!19769663116!conceptbar.info!001!55','1','本間','裕幸','hiro','sakura-hiroppy.a@ezweb.ne.jp',NULL,1,'2022-09-06',0,'eLkqeZFXRS2NTkaSpNKVoi:APA91bHXBacW9NqC1icGVYD15nh_Oyf0jJ6fOjFL_MZsnx66xlcc8Z0s6Vxe4x8Tb8kPqV_9D7XPds-YuOcJQ1TSJTJtc5b_1k6tpwg37_9K8qq_5LurCzTIZtPfQhZ6gf8WmWkOVHgl','48d415fa6ed656df55e5244aff0eb0af8ad95b68',NULL,NULL,NULL,1,NULL,'2022-09-06 18:19:27','2022-11-21 15:51:27'),
(313,1,'11730383553','connect!11730383553!conceptbar.info!001!39','1','渡辺','潤一','じゅんじゅん','hybn77xzdk@icloud.com',NULL,1,'2022-09-06',0,'ePZN-fX6_k_3nJ452zr3Wd:APA91bGZ3Vv9dNxTckdNPj16KNVZqtpzMqh8AgUX0ifuU3MwnOaCtZOugbum6Rzu7auiIpGunbOadZxj15cVPN0cvqPRoZWPXhdJ3O6QrLV_YLIR33oiTbXLe1tha2YcA52wDaOzFUy7','c25a0dd775d63ea8c3149cf9b274e20526186bd1',NULL,NULL,NULL,1,NULL,'2022-09-06 18:25:05','2022-09-06 18:25:05'),
(314,1,'18001421586','connect!18001421586!conceptbar.info!001!36','1','菊谷','諭','かて','battlemode2027xxx@gmail.com',NULL,1,'2022-09-06',0,'c9r_36x5MUnvhIedKA9Edj:APA91bFAV_1lJBDy_qbb-rJxSGNSLGIA7CXZXOwvt-FOeOWMq5vNeOj-kZGFb2wnajoeltFyUU_QenzWDL0kXdnTy6VuYSGS47yvTe3_x8Db0Lg_BRjkuBs9-1deHIUMMHJIgqTodH7U','fb348b08f19e0d33d98d57190cd9f91fbb570be5',NULL,NULL,NULL,1,NULL,'2022-09-06 18:30:41','2022-09-06 18:30:41'),
(315,1,'22465851847','connect!22465851847!conceptbar.info!001!52','1','め','め','めめ','mumu.0126shin@gmail.com',NULL,1,'2022-09-06',0,'fUgBOyZn101Gsyitd_XqXp:APA91bE2nb7rLsl88rbbKf58wZOqQt0JDhMjFGizEuRvw1SyVnn6HE39WLumHEvXHEkiu6t6vd_EHf6Nyq9aDdMAYygh61aNNvVSBUPRLmxQS5QB7IV9BB7aZMScP7MkFTuIO5BbwegB','bf35e60080fd152267ddef533427f1c248d65c91',NULL,NULL,NULL,1,NULL,'2022-09-06 18:53:46','2022-09-07 22:18:09'),
(316,1,'64995955488','connect!64995955488!conceptbar.info!001!72','1','ふち','か','ふちか','kaifuku1214@gmail.com',NULL,1,'2022-09-06',0,'cVc43z0DmksZpq64f5uvNG:APA91bEAoP0sFeypIUAKWwQxQD4N5BGFHKn6HhaFF8aQodnRDaKkG_R8C5tYU9mAgt5Ub8esIzYQ_B5Bo0ACmoLxCPxsZ2bOUMY6rN_E20m9pMPuilrmTvCHpReYzPcTRQkosLtWUeBa','eb771a833423b3f0fead77cfa4e3816ffc8041c5',NULL,NULL,NULL,1,NULL,'2022-09-06 18:55:48','2022-09-16 11:24:48'),
(319,1,'59861534538','connect!59861534538!conceptbar.info!001!57','1','佐藤','将史','まぁしゃん','black.masa_0822@softbank.ne.jp',NULL,1,'2022-09-06',0,'cOmYhWXYcUtchFwa6nXUvk:APA91bF3FplNdmLIaynKMeLztsbnmYS1DKfmFHAP9EPHUkTjhOIZ0J-xLi2q9LWwjaG4ayHncFQYi03_vT86N7jMDNA304yel4AwFMMPS7NBMf0lG2-T-0t914VPj_fOI3pEqqBnzK1i','59567a167ed05ee2b8e16f27c7627743f28d985a',NULL,NULL,NULL,1,NULL,'2022-09-06 19:25:25','2022-09-09 09:11:02'),
(320,1,'46290708724','connect!46290708724!conceptbar.info!001!49','1','北山','慶憲','よしのり','yukihirahurano777@gmail.com',NULL,1,'2022-09-06',0,'f878We0k70sunCWZavBjOV:APA91bFH8GpFBkYDhW7VGDRGd7ST1J3xLL0CtitnPn8gJvEkLuoeeB5cCkTDmTqIM_KenGZcnVJZTDRHS02z60Yc2E8ZGi4SRcddWatydkUNlay4_9Yvcf8Oo6PhivkUpyMPirg-qXwd','dc8ba6454819b7eedb3a871920845124e317929a',NULL,NULL,NULL,1,NULL,'2022-09-06 19:52:21','2022-11-27 21:51:00'),
(321,1,'28161744317','connect!28161744317!conceptbar.info!001!44','1','鳥居','裕太','ユウタ','pl_a_k_n@yahoo.co.jp',NULL,1,'2022-09-06',0,'foxIhMpKSwuwb5RLvcj5aN:APA91bEQz2vPItfp4A0vLvrbv1MbmVBwlVPMTJJmuDUcPVhewLOylMGWJpMm1KnMkUPZlkvi02aovsk4nFmdrAkNPoo6pWac7CXHXZsriGXmSnOWWLnv0vYVB-z71z2StcRmjVPqROuf','a7475ec3eef5833480dced630c458046b765e3f5',NULL,NULL,NULL,1,NULL,'2022-09-06 19:52:25','2023-01-04 12:24:59'),
(322,1,'56696071763','connect!56696071763!conceptbar.info!001!56','1','中本','涼介','りょう(*\'ω\'*)','remrinryo@gmail.com',NULL,1,'2022-09-06',0,'dqFZ2a0aSfKEdNIueIgrHI:APA91bEWZkWrwQ6hlTWDFHCH85-mE7vhVXr1knDR6mwEyGQWQFaUeyWGSoUE_AypQqrG49KNa7ADqScaGwWe2j3cmTF51vPjolE5hVnACCGau7NRxZwL5BkwDgeCVGOF0jZHNXHDMTMf','0c0f5a85e4524475c2eb909a212152240ef12a5c',0,0,0,1,NULL,'2022-09-06 20:19:36','2022-09-13 16:26:42'),
(323,1,'86236539425','connect!86236539425!conceptbar.info!001!53','1','山口','智之','ぐっさん','iz5pzrrf@i.softbank.jp',NULL,1,'2022-09-06',0,'ek70wfLBfk9njSJHAYUDwh:APA91bHofgho-F1BhTHatxgCJgKiXJ0IpRGFMN4VoEan7AjLwFsy-7E5LGdQRk6yonQpVkktZTpqQPuNbMaE-CkIXMK6-96xRdT-o21xvqUW9InfJDGLSDIacua1NuGEEVlWOzbw3R7U','a65082e96e66f44590282611c438b16e8ab66cde',NULL,NULL,NULL,1,NULL,'2022-09-06 20:20:48','2022-09-06 22:25:48'),
(324,1,'76966029709','connect!76966029709!conceptbar.info!001!61','1','窪田','将征','モスコさん','bigfootjaian@gmail.com',NULL,1,'2022-09-06',0,'dpahWOx0SmqqvnrpZigaXe:APA91bEHgiUcl5NwJfHPZKosYzqfMly0zD9UE2oeKYPER6Hcbx8UsJheI8L9-jpCpbcwxYsnvTiQwdCWuctLa6hACSgyo3e2xBi2_vwvdU85rtPmZaOoLtUu8o5cMrw4oc9y5e-_MD8t','a75038e3fe08013aecff8db1d608161a483b631b',NULL,NULL,NULL,1,NULL,'2022-09-06 20:21:06','2022-09-06 20:21:06'),
(325,1,'44179767969','connect!44179767969!conceptbar.info!001!69','1','高橋','繭','まゆぴ','mypi.jp@gmail.com',NULL,1,'2022-09-06',0,'fKKHbV86LkZEmI4ue3OjTs:APA91bG4cqAb7W14w2dn7LJxNXBYyBh5k_pOIJHggLypshwmGmeH2EyrrZfhnvict3G_KqWdfY8W8oV4ymgVUMbJWbFArM2jxYuOB9rq1wu0iHAoa7Vum2IcUgMPRFQ8uePLooHwghuX','210cc6ef1bfffb74295cc3db8dbe33c80faea3e9',NULL,NULL,NULL,1,NULL,'2022-09-06 20:23:06','2022-09-06 20:23:06'),
(326,1,'60431841650','connect!60431841650!conceptbar.info!001!38','1','磯谷','泰功','ヤスさん','ysnr10@gmail.com',NULL,1,'2022-09-06',0,'cpv_DS92TC2e1OfjPFZ_i8:APA91bFT2hlTJWfC6akHIft__Fr_7_SdxzQsLghN4GsEGh32CmwORQAUnCg4mNnR_N4BRaZxxOY8-a6mdZmzVpqjsy3hi38OO3svOYFSEAw27t5m63FxrHTFXDcBnFr2GCS8zE5a8LHW','69490f09c3167f2f4bde34a17030009613a6cedf',NULL,NULL,NULL,1,NULL,'2022-09-06 20:29:03','2023-02-19 17:42:29'),
(327,1,'48821070835','connect!48821070835!conceptbar.info!001!46','1','荻原','潤','しゃけ','deltawar85@gmail.com',NULL,1,'2022-09-06',0,'fdqVBqCKTY69AJ9GnOGYJt:APA91bG_vQdFLlELk98hSHhSX9ze09JO5icSUB_ZPGPCP32yui-vbGkZ-rxP39wbn-RxdTp863EEegSTlc5GhgAs-DsL7UJu6sGIaEu6fxG7xODAYGN87IFRkKtkYiBH2Fj0SW5sbykS','eb0e4912faaa6b54e802cf4cbb7fb40f0db71e0b',NULL,NULL,NULL,1,NULL,'2022-09-06 20:37:24','2022-09-21 22:54:27'),
(328,1,'79985147694','connect!79985147694!conceptbar.info!001!69','1','小泉','翔平','えだまめ','0fn38t573dv380w@gmail.com',NULL,1,'2022-09-06',0,'eDJEvcGaB0dDr_rNdu-n5K:APA91bGB-QbxN8HHLXth3uXPd826u1LLcNm5Ziw5b0gDUfgHKKGeN3x7ilj03lvUkDhSuiA5OWRM13T_qq-w5wH56LpnthfmIyECi-PAcxxydefvPkcnrOOEPvEsakRbn7u6Evhjoq2H','1ca7c3232a4c4a9b566322a781d5f3fdb91d5136',NULL,NULL,NULL,1,NULL,'2022-09-06 20:42:24','2022-09-06 20:42:24'),
(330,1,'35352676400','connect!35352676400!conceptbar.info!001!41','1','寺田','豊','mr残念','mrcrush19@gmail.com',NULL,1,'2022-09-06',0,'cLE7nJnEnE4GrH_6j9B7Gy:APA91bEjBo-822E9VIM_tRC2PIKP-o8YMn4MEfMG3laGZDvTOt8mIpRnaK7Azz_HVfrnhCva-F--ueHgmFGI2Ja-rKs6CKDp9K7TU9s26ALZuCzb2vdYipcZ2MnIOI1gLe5mZqnxhb4a','de9136210a9855a3961187b372f5abbb9beb0822',NULL,NULL,NULL,1,NULL,'2022-09-06 20:46:06','2022-10-31 13:25:39'),
(331,1,'65554675824','connect!65554675824!conceptbar.info!001!57','1','秋山','翔太','おさるのさる山','sa1992781@gmail.com',NULL,1,'2022-09-06',0,'cHiBKbz_SriwAJindFpS4P:APA91bEpSqbG7oob79P1KzOKvL_TJTR18HujJANPuf1uSeJJXi6BccQonpf2FJpzi5TPxGYIwdiu-xY8M4rR1skC2hYWGSlh2nlsd2iidLjG_OqtdqOn6r4SkPYbQ3ccNeH1HzLS3xhj','b098b82cc6ab0ce4b21e20277943f29ae48d8399',NULL,NULL,NULL,1,NULL,'2022-09-06 20:47:03','2022-09-12 15:03:14'),
(332,1,'50677023155','connect!50677023155!conceptbar.info!001!41','1','島野','祐太','ゆう吉','manatsu460820@gmail.com',NULL,1,'2022-09-06',0,'dU9EZwLBEUdhj3jb0P6E31:APA91bGzN-lElBBp3QM7TVFi4NBz8deBpgtEP6DIfeBiOglL41F4uG4fqZkyDgo8XLBchDd4ExpW4TBBvWLCHucUd9e3g7SH1vNWncJkmepmRo_NowLCafuQDF2JCaeFN5JfIDlSJKQV','aa5f3ddd3437aae4b000f9778b701c12537e7ddb',NULL,NULL,NULL,1,NULL,'2022-09-06 20:47:25','2022-09-06 20:47:25'),
(333,1,'11772985468','connect!11772985468!conceptbar.info!001!58','1','井端','隼平','いばたじゅんぺい','pepepe_no_pe@vega.ocn.ne.jp',NULL,1,'2022-09-06',0,'cezkfxlviUCZlQCwcAXPyr:APA91bGgj1ul4XxiXSAvLpajQ1Lw3PQjoKasX4D3j29fqQYnugqkl_gh1dNn-QOCyH6kOiDfzqLoR98zefu4BCxIWraPt4hi_ioCG7XQHQm3VhdAH0ernCzvQg5JpFvdRka_qEJ8OGID','01d73b55437ac9b23946cd13871ef52a88497f68',NULL,NULL,1,1,NULL,'2022-09-06 20:47:32','2022-09-06 20:49:12'),
(334,1,'63695263618','connect!63695263618!conceptbar.info!001!55','1','大和','寿','やまと。','end_less.kikurage@i.softbank.jp',NULL,1,'2022-09-06',0,'dmfOdpeA007tpOjnx3g6vh:APA91bE8vvjFlNszpvf3-dhHFvBq7zDFDF9rV8UOcQ4wfi7TU1w9cf2kPTOw7UCdms9V_vF71C46t1Mc5uYKfx006PG_f2fLu73Lb4VlGy1h3JLjLUCdN0GCaHHBatRyExm3hvnU4Tmx','7259dc7824a615a28a72c33ca160ab836a6a6718',NULL,NULL,NULL,1,NULL,'2022-09-06 20:52:46','2022-09-06 20:52:46'),
(335,1,'55319563297','connect!55319563297!conceptbar.info!001!55','1','さの','けんと','れいみ','reimi.starremix@gmail.com',NULL,1,'2022-09-06',0,'c1KaKptg70HqkDfmgZZ2_f:APA91bFLsFOph5s9WCR5Jlx-jSU_woo85uVwsKUObWmlOUYSnWu7ifzgygqq_nEtpH1mTYnmiAKS5WuAAcpgMUNJ9z0UjmMirCZNQCmk_EkGZ8PDMubeWG_dHhyZw1FDTEZzDDjVRAnc','4fa87d801d950d7ecb80454b9f1ed0ad348f7bdb',NULL,NULL,NULL,1,NULL,'2022-09-06 20:54:34','2022-10-03 19:17:49'),
(336,1,'91759998191','connect!91759998191!conceptbar.info!001!68','1','志賀','匡晃','masa','shiga201@gmail.com',NULL,1,'2022-09-06',0,'fclNc0fX_EqDhWs7J1Z3wU:APA91bEpvyV2x9exJILeD9Bn7WpxBt5-y2b9-GEhs1z6TVMleeoDOARJtt12UR236oWB8GCgIl3v8dNpZjsPg7C1G6B68rKJLLVe-nTmRJXQLl_rXnXZ7YxrlyquwL-6Rmnm2OC_6OIK','1b31ff2ffc3fec61fb1b9659377a77556d9597a0',NULL,NULL,NULL,1,NULL,'2022-09-06 20:55:01','2023-03-19 03:20:48'),
(337,1,'18263746108','connect!18263746108!conceptbar.info!001!46','1','ピザーラ','お届け','あらき','2153017@stu.hus.ac.jp',NULL,1,'2022-09-06',0,'fPHPm_SUBUELsBVmikYMIw:APA91bF_0Q7wDdYdrtWqR1jAhD-oIDcDxCg_iOQKknn9J7loAbi3dXIc_xS3F_KA60mey5f9_V-xstp7TfZI6AjibpCkjxrwqB58Dw2b6iqA-96kki-aTh6LBhkq-Vhm4bIJ8kI6E0PN','69508a5e0ca55f7eddd59869f1ed792b4aef65d4',NULL,NULL,NULL,1,NULL,'2022-09-06 21:09:56','2022-09-07 21:18:40'),
(338,1,'28203235397','connect!28203235397!conceptbar.info!001!44','1','山田','夏夫','なつお','ske.nto@icloud.com',NULL,1,'2022-09-06',0,'c5-f87omxkjyj-73M4zxnq:APA91bG9e8ree3ZtJCFRyHMH2uhRTr80Qyf22gyXBKJvKdXc1LpwU4VlmVp9hib1f_f13DJhQpMwnHMsioNgxO6aZ3pNkUGlW7CdeoZYW22x3ekJa0VewzBnEY2Sy1VFQi1HVcG5bqlM','72fec93fb5e9967cc994b9e5e068d14c6dc788cd',NULL,NULL,NULL,1,NULL,'2022-09-06 21:21:09','2022-09-06 21:21:09'),
(339,1,'11192605152','connect!11192605152!conceptbar.info!001!33','1','阿部','秀幸','大将','hidex68k@gmail.com',NULL,1,'2022-09-06',0,'easFnBGsQmenPZu7P0oWff:APA91bFNtkgTcgWhMXDUdfNwB3nVQJeHVPwBT3a_bw-tVG6Y8Xb1E7-R0CwRd1NpUTXTsRhUjwqZ3SB85hkQSoGkd63h8CFLZtnIuaXVzW0FOWbmmMw-LqSf8E6eaRtD6RDpadR42F7z','f0a449faa49377151b8b5dde6814493b6c013110',NULL,NULL,NULL,1,NULL,'2022-09-06 21:23:16','2022-09-06 21:23:16'),
(340,1,'19893672228','connect!19893672228!conceptbar.info!001!57','1','恩田','寧々','かなめ','jea10us.kotom1@i.softbank.jp',NULL,1,'2022-09-06',0,'ceHOFJndVEt1nYhqzowLkk:APA91bECfQM7UOYHghOiuOIWbICwjjMFcJDJS1kwVz5KHIiYwvaz42QEQXigha_-5-6xEYeeizHHDDJxFNgyiru3c5bjGPjyNPlcnTF2vh5BGvjKK_plumr6jPc0Ywgsdci5MTM3-1eV','0d12b44ced017ccdf9a8ff1fcef497f6bd4f7671',NULL,NULL,NULL,1,NULL,'2022-09-06 21:32:35','2022-09-06 21:32:35'),
(341,1,'50690310679','connect!50690310679!conceptbar.info!001!46','1','虻川','香利','りんご氏','fantastic.k93@docomo.ne.jp',NULL,1,'2022-09-06',0,'fu5Tuden2EeFlPbVBaELSc:APA91bEcLnqWR88vioeUpr5mHMGn8snyreSUBkxkYkNIw2YvFaCreu9yGbmOShI8HFUOD_E6pel-E2VMdhU050ou66K0yAoX2TYrGFAkPalTQjY_Yo5Ydn2Vzq7r74Z_XEJ8G9yoh96P','3fc9d2a5855187dc4efac016e02e15b49fa43de3',NULL,NULL,NULL,1,NULL,'2022-09-06 21:57:28','2022-09-06 21:57:28'),
(342,1,'64145007797','connect!64145007797!conceptbar.info!001!50','1','手嶋','翔平','たまごろう','shotanmini1023@ezweb.ne.jp',NULL,1,'2022-09-06',0,'dCvqIi-3cEO8vs8uYTT7Wa:APA91bHa25v6sLC44tv2g5JvNftVbNP2kskoqLPx6A42Uctc9sLPTu7xEcz2TzPMviVvNnGpxiV1XCdbF-6n8dFmzdv0xsL-8cMIvcGNwltrYWiVnf0xu4LqZlm4Na1lVJuaMsvJ5Zze','681c4d96c7cce108dc78d7580f78f5ce50af795a',NULL,NULL,NULL,1,NULL,'2022-09-06 21:57:30','2023-03-18 20:27:49'),
(343,1,'47354334425','connect!47354334425!conceptbar.info!001!44','1','小暮','京介','京介','pzu765@gmail.com',NULL,1,'2022-09-06',0,'eiqN4UA9cETDpImYAIlpIK:APA91bFPjOp-tj5KDImB_ckOK7LO4u8gloDQ6DzJh4sLRMb2Ez2IRnxCC3aum-MD_rlhqZpzFkzUUU8a6tYHoI4faOKkKNce0q-ElAXLIF70mVNP7Bw635XQ3vRAQ-Rf9c7Ym4d6Olqm','03ba0cad01e3fd425ff15b4e8eb07ec7e1bf08ea',NULL,NULL,NULL,1,NULL,'2022-09-06 22:18:03','2022-09-20 23:48:12'),
(344,1,'99397670342','connect!99397670342!conceptbar.info!001!59','1','工藤','孝行','yuki','yuki21825@gmail.com',NULL,1,'2022-09-06',0,'chWbm0lM0EjdhME5Wv3aXv:APA91bG9M9kUR2frgk963RQ6_Nhx9jNSsDrDHzXBF_6soeySNGZcZxS3XaXMnccqTgxlesujHLivS8UmTWSrO8y_RYpFIJFuomZrcC-DuoTz-Y15mVoWGkqP8OOD5SpnMLeK1EwDgVXD','a59c6c76c1a0bde827ad5c9a333b7d6da3cb7e89',NULL,NULL,NULL,1,NULL,'2022-09-06 22:38:32','2022-09-06 22:39:09'),
(346,1,'75008929135','connect!75008929135!conceptbar.info!001!49','1','小田中','裕也','JAM','mr_elbu_base@yahoo.co.jp',NULL,1,'2022-09-06',0,'eM48Dy0J2kSdnjtWuQeFPC:APA91bGhRDMNekeEUE582rUlkzqX6a4TB6KyKt8Bvpk8ccUFHNHTQ4cOFoL0ARdtyo8Iar7U6neOwMiqPsfG8LWw1E0ItzoxnThjEXCstil9xUtHjHKUdsm-7pDyn92mY5zWnv6cvXW3','683b39e3260c0fc2db2d5b98566d9eda8ea03093',NULL,NULL,NULL,1,NULL,'2022-09-06 23:39:25','2022-09-15 13:05:29'),
(347,1,'20242638399','connect!20242638399!conceptbar.info!001!48','1','佐藤','晴輝','ネコ','ozon-o3ymsst@ezweb.ne.jp',NULL,1,'2022-09-06',0,'fAXO9f3KDkBdj_Cgk33ASQ:APA91bEJ7FIyn19VUQ4uLbu40o1fflhpwbKjoXv9rZfptCcgt09d4x5hOa4RIiCj9JYURxHfMv6Ac5-nac4z7Do4e-1OyOWjDWfrCnOGbpW2bZzAvkK9e6-UUCy6BNBJml0NDt2hG9iJ','587268808eda1e6581e472fd889de3939b999e30',NULL,NULL,NULL,1,NULL,'2022-09-06 23:42:42','2022-09-06 23:42:42'),
(348,1,'10962318099','connect!10962318099!conceptbar.info!001!48','1','斉藤','優希','ひめ','ryukyuko@fuwamofu.com',NULL,1,'2022-09-07',0,'ezZ6Iytcf0Qnjpf-WgbyWz:APA91bEUjYjmOecJ_XilqrbjizGFugQMBrcBs1X5KAKLKZo0DdEorK3V_vmnXLnhp96kgUAuSQ8FgVG3JoXqw6w8Eod1qmAiiQ9IbLARtp_X5Dsgs2xAyrElUqga6Di8U05mR5YDBApF','fff8926f03312dd29349c2e603facf39a013326e',NULL,NULL,NULL,1,NULL,'2022-09-07 00:47:20','2022-09-07 00:47:20'),
(349,1,'93336698434','connect!93336698434!conceptbar.info!001!58','1','.','kaoru ','ポんづ','je-viens-donner-le-bonheur@docomo.ne.jp',NULL,1,'2022-09-07',0,'dUqIAgr0QYG8g1q3JfstNc:APA91bEsTjFy9m5Lz4HMttbNBXu-QWEWhh-b3_7YofECN0TseXNhLhs7AQjWgPgvmSBrxINFYrd3VqYgTfGfD0fT4WYYtlR6qQ4CHRjuYZAb0QYm_cOXE_YZN1XyVPvfzvJLojGfbTeS','76d40a03a59b770d56bab0d7ff290faa1a955b46',1,1,NULL,1,NULL,'2022-09-07 00:49:30','2022-09-07 00:50:59'),
(350,1,'55216774814','connect!55216774814!conceptbar.info!001!50','1','向山','昌希','Muckey','muckey_0123@vesta.ocn.ne.jp',NULL,1,'2022-09-07',0,'fBBpQjJM-0TXjzeNS7sIgI:APA91bGmeyjXD-WG0ppINzgo4w7baMX_-jZWnt51ONxis7kuKLoWIven6jMhAQICNflFHrF_uwN4EuqUyZ2q4l033mKCFqpKnozbz-cqeX3feklKtxnlwNlAw1ThD_8myjv6WzFx9FuN','a554274d28f0711d9f765db695b892a4de763d85',NULL,NULL,NULL,1,NULL,'2022-09-07 00:56:34','2022-09-07 00:57:19'),
(351,1,'29847541975','connect!29847541975!conceptbar.info!001!61','1','小野','周平','シュウ','magic_academy8_start@yahoo.co.jp',NULL,1,'2022-09-07',0,'fCJnjydGSMi7naiw6SZuKI:APA91bGPPN4h5TL8_y0v4SbUQZhS2n23eQng2KgFPDxx0gckuuwplpKld4jSVbUggbZUlTPGcjdUmRc-Aoycl9kW3IheV32cpXkLmAXw6gcWuXL2Mt3UV1wPBQoO2QKkHMQV_tlX8ul8','7bab297e97672deae9270a8b44c65cbff43d0cea',1,1,NULL,1,NULL,'2022-09-07 00:59:42','2022-11-08 14:20:34'),
(352,1,'59984925446','connect!59984925446!conceptbar.info!001!65','1','本井','智大','もといジョリージョ','blanchul.delicious@gmail.com',NULL,1,'2022-09-07',0,'f7PzdmwDMUinp4cROQo7iC:APA91bHkcBm2mDy28Qsm_AluGxw6EGugjZnjv30gGKQrKwK1jFWEDsJ3_bFl9A3Gp9OMObPWkoI7XUzExTHLaZQHtc_gCdYPWXtOFUa4F2PNZrQv2ChcxgCXriQRg6Yw4i2R3a17GLnR','7ef1147905d388d3dbe4dada283dc20f4eb1342b',NULL,NULL,NULL,1,NULL,'2022-09-07 01:02:09','2022-09-07 01:02:37'),
(353,1,'23155710678','connect!23155710678!conceptbar.info!001!45','1','櫻庭','万桜','まろんちゃん','417.maomao@gmail.com',NULL,1,'2022-09-07',0,'etdzH8bPREuSoxUEhYWo8g:APA91bFzMOy8JWciEDGhIdUs2yxyla6O445ZArszQX0gUhsfwVY5xY0EXzJu4XLqthdLe1ij9x7LhrrifRA4M-I65_3Z7vH8pcaaN4u25vllzhtU05dnfaTgQ9IhB6CNJzX0Ro0VGHpe','8359702679df3a016eeba975078011bbc3defefb',NULL,NULL,NULL,1,NULL,'2022-09-07 01:13:18','2022-12-19 20:12:11'),
(354,1,'61205201764','connect!61205201764!conceptbar.info!001!34','1','加藤','修一','はせ♪','syuichik-p-o-q-@docomo.ne.jp',NULL,1,'2022-09-07',0,'drvMr888TkrJqIag5Se2of:APA91bEf-9jhpAnwTfcuUiyKAlJ1RMSJdNZ3uVIVQYtwKuJNrKTuU8DtIWyThFAa_4NKBMqRE9dHTiqcfUcNV9QsS9reO0JnoaQCfd9LhDiRdFxKteSz9qA7DH0iulO7GioJNWAxhRjZ','d09db466167e4740d5644ab37521f718c9261c4f',NULL,NULL,NULL,1,NULL,'2022-09-07 03:57:28','2022-09-07 03:57:28'),
(355,1,'69219271591','connect!69219271591!conceptbar.info!001!52','1',NULL,NULL,'testPlayer','playbody2021+1@gmail.com',NULL,1,'2022-09-07',0,'eQMvFMDFe0houtDaf52pnG:APA91bHMeWnp8Dser3H5_bhMZ4Wj_IVg2-7D-il5C1FAAZwanuR6fKtEyTOT7Wl8b37vGJ508Q6Hr4YdmRMX7GgHFAWp3eEhLtNDEFjVzUOjOunify3SLCcXYbdVHCI2B8ukcSU3G9Z8','8cb2237d0679ca88db6464eac60da96345513964',NULL,NULL,NULL,1,NULL,'2022-09-07 04:07:00','2023-03-18 02:08:02'),
(356,1,'73161426625','connect!73161426625!conceptbar.info!001!43','1','白取','春樹','メガネハット','ahureru_namidaga_tomaranai@yahoo.co.jp',NULL,1,'2022-09-07',0,'ejTVJtnJEE1zmelQQN5Xgk:APA91bH1XJEyNLdJ6aa655XA0X62PWJo5n07L34wcCDIusj6nZrpc2bU0VzrQlm0p6ced5F_aNyFIcYplw_8V6SvOjDvxtfo5ixATOGJ5AHEGph8pX4OxsWGxrBob40C7CH-TPgMBrIb','297aeee293af39f1248924b9370e90e833682119',NULL,NULL,NULL,1,NULL,'2022-09-07 05:43:35','2022-09-07 05:44:20'),
(357,1,'39600117899','connect!39600117899!conceptbar.info!001!53','1','腰原','悠太','こしたん','nerune_chiru0126@i.softbank.jp',NULL,1,'2022-09-07',0,'c3G_PN35SkFFuA4gpd27qf:APA91bElr9kHTNsxOASg6SD7ZOMSP0nvE3vUTd9pFiMAAx38nGd53kLfrjRfYJQD4ddGEa4-lqnC8oQ_k7wAl4Ks9ZqmblmzLIg9Um9L6W68PzrzxYWn_zEPU9gVhcW_HxqxhTgFV_nJ','0377cab37c23e3170ae2bcb1b0c22957d9995e85',NULL,NULL,NULL,1,NULL,'2022-09-07 06:37:53','2022-12-28 07:17:50'),
(358,1,'59170708220','connect!59170708220!conceptbar.info!001!41','1','佐藤','柾人','アセビ','sinhemawari@gmail.com',NULL,1,'2022-09-07',0,'d5oaRKDxV0HmsZMjVqEemn:APA91bFgSt4CSv2iIo6liXslU8_rk9sBBqeOTy2Qkj6t43kYuXLQgXzYYj5rgBRDI-xxr408YEsDyCIo_LklgXBULIE0FK7fPKUO3tTOBHkBVjEAOko0CmrClApoyQOiiJUwBXKa0x83','c7e7970992c9409dc9e64963ece17927ff612c1f',1,0,NULL,1,NULL,'2022-09-07 10:10:21','2022-09-07 10:11:08'),
(360,1,'51284513077','connect!51284513077!conceptbar.info!001!43','1','ふじえだ','ななし','ふじえだ','hadukiyayoi@gmail.com',NULL,1,'2022-09-07',0,'coy2g8SyP0hXsNDSFhYHdL:APA91bFPzJ9aFpAzvBFuGjLCEi5yWvyUC04iNZlqxMyWs_zJd-sc53xSnTkN2hKw1Us8CXmAGH7dPDH--S_cbcfEfRJ93Bb18FxMZxFF9v_oFV2hmgkLMT-8zN0b_K5LoTCOJmi77msJ','59fce66bc71940f7b2f8f26cb1ff9d938ee5b0ef',NULL,NULL,NULL,1,NULL,'2022-09-07 12:19:49','2022-09-07 15:40:09'),
(361,1,'56159026642','connect!56159026642!conceptbar.info!001!46','1','コン','ボイ','こんぼい','nm7_9029@yahoo.co.jp',NULL,1,'2022-09-07',0,'fav52aR_SUq3uFIrQCVGRn:APA91bHQLzSZ6PWKqwtSKdT6j4G_2TSsgpkMDM39a4fkA5l-uEBBCWzZeIm8v7S9X04S34Go2BhHnbQLkCTsKSiYw2ohERXRK6RUIR6YkfKk_USs02TkeuTS7gDubONv1BG4DZ7zvoYO','d9e4784245b9948121d68d9c7e87eab394eeda62',NULL,NULL,NULL,1,NULL,'2022-09-07 12:22:40','2022-09-14 20:54:56'),
(362,1,'33183268558','connect!33183268558!conceptbar.info!001!52','1','永田','英治','びーと','beat99_@hotmail.com',NULL,1,'2022-09-07',0,'c2eOJRT9MEiciSmcxsQH4W:APA91bHItkYJqPK9Y_q0_x9X1JYIGkO9BmAhdV9NT2y1AapXL-jMdJs9pEbNl6SKZe6129OpMePHODpMYmeVMwqDLlZsiPdkJQWTH9eTbxxNdh0aZZ2IdsELMeZ-VyciNndxhzWh5-fZ','bd7f6ce5ccd906f88487e9a92f79ff3611c6ca3c',NULL,NULL,NULL,1,NULL,'2022-09-07 12:26:58','2022-09-07 12:26:58'),
(363,1,'82805122991','connect!82805122991!conceptbar.info!001!47','1','赤川','歩','REDriverのあゆくん','atori.rr@gmail.com',NULL,1,'2022-09-07',0,'ehaQgwfTB05kpVfLOKayL-:APA91bEUTIi4MTqj6sZYvq7FyKewZ5woit1nL192mN77967t3I0Mcdfs3yrRgEU61gQy-2-KRjMUzk1xo70QixDaJfN2QaM-Q8kT8J66xMoh__JWylSV9iOdmIe7YiCDhZhCECbBddrB','ac3f6d16bee0e5c40a6a0a03a515ea1e6fc91f4d',NULL,NULL,NULL,1,NULL,'2022-09-07 12:55:33','2022-09-07 12:56:36'),
(364,1,'25733095559','connect!25733095559!conceptbar.info!001!53','1','太田','恵一','?','densohokkaido1@gmail.com',NULL,1,'2022-09-07',0,'fYN29B5AQ1yV1SJhX5Idh5:APA91bHnvws7Bq5p8JUP5Vh4eum4JDCA8pguyLgjriRFbzOmamDBH31KFXeeJUy8VyeneiRw27-TC2qwEwdjaPfWH36dlmZTmmNkdS0STZBk3l_YqKDku0MmMvXWUkSrjtn8gf3bwfNU','1327baf4f6c0de9e7d995214646c8154ab6db673',NULL,NULL,NULL,1,NULL,'2022-09-07 12:59:35','2022-09-07 12:59:35'),
(365,1,'35297959766','connect!35297959766!conceptbar.info!001!68','1','さいとう','しんいち','たびびとどん','s.s-1701.new-one@docomo.ne.jp',NULL,1,'2022-09-07',0,'f-sw5hj1R3yU_cCSbDQYlv:APA91bFmq2KUwXPJUbB-m1KNcBTujmrXIJ0Dx-vWsnkHqSsusirBWPzAwv5IHEvxIBEfwFEWQHZpem8fATcmP5Vek0PQ46ewOS1wJ5xXlWCAqyAMTY2PTZvUbjr_IymDkIXq7iNHzyPq','1765c8eba9e8c5f61a71558a0f64d28f2b4d4435',NULL,NULL,NULL,1,NULL,'2022-09-07 13:37:33','2022-11-02 09:25:41'),
(366,1,'61852431902','connect!61852431902!conceptbar.info!001!41','1','なるせ','くるみ','ゆー','alice_in_0320@docomo.ne.jp',NULL,1,'2022-09-07',0,'fQAadUJDS0G1NflYFI1iPO:APA91bHJdvVLejoAxi8BgvSgyTQrNVgoLWGXVu2xA5h2jfSWAcKyJTgsJ3b7_ake-b5zPCrPCzsM5zAhLh2pSumAjYH-cc0M2I-RksXwjxO1peT9i-Cx2BxKby879y83CJFvFoMKWTbg','ac4cbcf34ac0d190d9c54a5a1c9437c58dd7aa2c',NULL,NULL,NULL,1,NULL,'2022-09-07 14:41:13','2022-11-11 12:00:14'),
(367,1,'16185790075','connect!16185790075!conceptbar.info!001!49','1','佐々木','祐一','ゆういち','yousasa999@gmail.com',NULL,1,'2022-09-07',0,'eeNRua1ySnanB9G78AJ-jI:APA91bFfD97SAziLyKL0kRWpfFiYSN6nbdaRpDYbPkUFgcbP5UzxLN4V7wZQFFM51Rjo4LDJ-Wp_-uqVuegZmcMxI40OyI3Z0LXlkVilfRk12UcH0OrKrGewkhmvSUSZcILkgIAjlbRA','3f1af8f3c1d507dd76fa020892fdb851b17e6bdf',NULL,NULL,NULL,1,NULL,'2022-09-07 15:25:46','2022-09-07 15:25:46'),
(368,1,'29889519162','connect!29889519162!conceptbar.info!001!60','1','熊谷','蒼','クマ','kumakumaresutorann1999@ezweb.ne.jp',NULL,1,'2022-09-07',0,'dj1wQA_5Q1WDm0urMNgU5f:APA91bH3GuUnj5B5QJ2fpoR2rlq_Bu592-WmuWZl6ROK2cWneCWRlVb-VMxMEj_e5ORpnlfGCqMV0AAzNpVBaMAK0KpdLjMOy_h4YBQdZtDk2H93MQv7TYBBsBVdsOFbof6esFivqRPx','f16ca3be2306cba5987bf61e80b4533ab183af9a',NULL,NULL,NULL,1,NULL,'2022-09-07 15:28:07','2022-09-21 18:06:11'),
(369,1,'52010766859','connect!52010766859!conceptbar.info!001!49','1','小菅','浩之','ひろちゃんさん','h.kosuge@gmail.com',NULL,1,'2022-09-07',0,'cPvR9OrfQ4yfPbXqFFfYNi:APA91bGmwU6AvswIRK_TxszSWr8wB-Ga9e-ZPCgH9rgx2xPgvfODK1UXoTF738Ks-ADYeO4apfb5yFy84EEyZaBmINZrxN_o9LU3Y6LCpOwdlj1gYDhL-_W7h9vCsEGfrwbV1IxmFGqU','9a731d31014d8c733f9a8be5bd731f9565a7613d',NULL,NULL,NULL,1,NULL,'2022-09-07 15:44:37','2023-02-10 14:20:16'),
(370,1,'75635324829','connect!75635324829!conceptbar.info!001!54','1','齋藤','優花','彼方','yr622@au.com',NULL,1,'2022-09-07',0,'cdbbo0r1QJOUMQIcBHHqG9:APA91bHxkvbCpaFT5rBd5h5UgDtOfKvKovdrDe3aDRLYyOWthF-vjIoMbo2z0i_vDwL29LJ_Nxl6aDabYEg_8ylVJ3Oq7MmNMmeS98RsnvoRUftO2gi9e-qGZ5QUoXOTFTfcekemVxuf','d6722846714018e364964e767a4bec7e40d907d3',NULL,NULL,NULL,1,NULL,'2022-09-07 15:49:53','2022-11-27 19:12:22'),
(371,1,'43745070391','connect!43745070391!conceptbar.info!001!43','1','佐藤','千優','ちー','chihiro.toranpo@docomo.ne.jp',NULL,1,'2022-09-07',0,'dWVHIQZK40N6vLF4O1SFD4:APA91bHKLuqtscq_R04Unblb4IzoGzyqZZNGi2u2jDtJs_WBCHYXC1WTTu50AeQkciDBaOwzkm-bi-j5BCKFY04RMq3JCpTCnRpyIckmBTF4-gXHtJUT-C_a7OWgS4Drp-rwLm2pETxa','bede373bd518abc67cf6b3f85606b97714437036',NULL,NULL,NULL,1,NULL,'2022-09-07 16:17:19','2022-09-07 16:17:19'),
(372,1,'25599812822','connect!25599812822!conceptbar.info!001!53','1','谷口','康平','先生','kouhei1199@gmail.com',NULL,1,'2022-09-07',0,'eiU52BS3RUSNSeDyv-lBTQ:APA91bH_Jh4Mk1ejv6Q3xRLRnNDEaQcre_C7yNF5xos4Hk2YqdSPgaj2I003vWKmN_3nai_vIW2CPLbJzwzwbhKNTrri-fmCJNdJSO2Fj3xXV9xE5ZnGeyyvSJXCfwKacsQRkQEma20L','a290e372f2cd4059f954c1a6a538a8964b1b77e2',NULL,NULL,NULL,1,NULL,'2022-09-07 18:16:31','2022-11-16 20:01:31'),
(373,1,'23218443314','connect!23218443314!conceptbar.info!001!35','1','田島','賢一','たーじ','s1p9a0r4k-pm@softbank.ne.jp',NULL,1,'2022-09-07',0,'fWpqxPneRp69XKWheng7b8:APA91bGOZPXkjupXdbi6sviJ4PPvEQJNb6Ij1DK6zPno44hHMp2Jjcnu5ZoeEb42b2_HgWzoEKJwPEv3ueWMHSqlyY9M7ko0ZRqeZwI_8_z14bfeKkXx9Wi4jc0aXzE92EPvrqJQEdmS','f5baba3b997e7458bd9a64aa3be23a6a6f13ab48',NULL,NULL,NULL,1,NULL,'2022-09-07 18:34:54','2022-12-26 14:45:34'),
(374,1,'86961227800','connect!86961227800!conceptbar.info!001!49','1','新垣','釉','釉','starlight-twinphantom@ezweb.ne.jp',NULL,1,'2022-09-07',0,'dPTylr0WQfysqneZOmiaqX:APA91bH6a1gy7-oghzJVrB4LHkQ4hWkG_03uY3K0oK6Rjl4FCnLw0yTV_xcfogbbhV1qXr-ie4BhhLSEwVx1Q_tpKk4fJc4_FouIT_cn976X8v3KWE5gQ_rwHEtul0yAGipiLndC31ii','1b597389ddad99d87d53d56efed814996186c716',NULL,NULL,NULL,1,NULL,'2022-09-07 19:04:45','2022-12-26 15:27:38'),
(375,1,'74193715827','connect!74193715827!conceptbar.info!001!54','1','菊地','亮介','きくぴよ','kikupiiyo@gmail.com',NULL,1,'2022-09-07',0,'dZapkPRVZUrTn81flpl7o6:APA91bGqi_6v_pZa5A-K3p2PJih5F6y-CfB-lQKvj5tYgTSkeRFOtc3xFAyTVDXTFRHRWd4mxFI8DYJYbn85a3CwKoVGJdxY9iKpI6f-y3ehuXsRImOhaYrot2NDwhE92jrL313_tEil','5a609cb8a988a55b644bc536b22ac1da48b8d3ff',NULL,NULL,NULL,1,NULL,'2022-09-07 19:08:01','2022-09-07 19:08:01'),
(376,1,'26050776251','connect!26050776251!conceptbar.info!001!41','1','石原','俊太朗','ちゅんちゅん','sssk81005@gmail.com',NULL,1,'2022-09-07',0,'cGlFCfYLF00SpK4KVdNFfR:APA91bEb-y_QZRp5EMnwgEf-9f4sWHE80cUpPhbxqStvf63KuXBe2-nVcZu66191SZTrnPk374wBJ-KUChRx3L64wpcR5r0pYwraaSMCawd6XHgPhHtnfb0-J1KjmOFtG0QOPrxWcAuS','464944479342d27f543aa675ac070d6d5e124cb1',NULL,NULL,NULL,1,NULL,'2022-09-07 20:11:07','2022-09-07 20:11:07'),
(377,1,'54072849735','connect!54072849735!conceptbar.info!001!54','1','三島','拓人','石崎コメィコ','T.missysk2.275@gmail.com',NULL,1,'2022-09-07',0,'eXTo9KssQ4mxOsWGWNyxE8:APA91bFNelL4VKlCcCk6-UU0GpgPA_Z--f4v7XQsLinUZXT6ooVxXGTNRLODk1YR6lGiw1AcsZdTxMrIYdepwIzDq5qMWF7izmDTZQctAzY9oPCYzQ3QDfMmt1ZoO2Tih5B2ajm_-OS3','342c59b150f0818d647542c38a585de7cbe82678',NULL,NULL,NULL,1,NULL,'2022-09-07 20:31:42','2023-04-09 14:00:16'),
(378,1,'43026193568','connect!43026193568!conceptbar.info!001!47','1','川上','優太','ゆー','spqm6bp9sty@gmail.com',NULL,1,'2022-09-07',0,'enPiPQ6k-0E5lPclWGiMHD:APA91bGDG7y6uSfPiAjefnvvH65QDQ6tSIJSyKawE2y6Foq-DxddXLxwgoYQA4NWpnGT6-_NYGo3qqCYC_tgDdU_Eb9wtkNN2IcEN9dDLrAoM7rpL6-6oExQ7R1kszA0dOA5WOn-6gcK','26968f6b2fd58eb9f61e5e8c2944cf54dcd23119',NULL,NULL,NULL,1,NULL,'2022-09-07 20:45:07','2022-10-28 20:26:57'),
(379,1,'75191407439','connect!75191407439!conceptbar.info!001!50','1','加藤','蘭','ななせ','ranpipopu@icloud.com',NULL,1,'2022-09-07',0,'eYy0c8oy90xWmiEhpQHgh1:APA91bFUqqxL6iIzOVfv4WYh8ieqs4zdn4EaZDXTr2_5zRzBVJlfca2keRwCH5CCOKDAmYjuxE6uVP1lGV3fE_b3KrKTHOe1F41qkHdEvcscBlHlXGFQrPEQhuppHapA-Xw7qpLgC9YL','e2e33d94d575c4720212738fafa062478e76c2f7',NULL,NULL,NULL,1,NULL,'2022-09-07 21:43:43','2022-09-07 21:43:43'),
(380,1,'33914089476','connect!33914089476!conceptbar.info!001!54','1','猫田','虎徹','こてつ','hkasai46@gmail.com',NULL,1,'2022-09-07',0,'eYk6feafQgWrbG2wBnIGdm:APA91bGskFJp41pvfhhKoiUUVjpOUyvy9ioHdBjtzfE99DhX_fciPFujkZZ_S3iVvZB8mGUkBH_TmjY7YNbxr65GJ8QSFvnMPjJeC87x2o0vVB_8QJm52mG6fPVKFXmMlFvLixSEhWyV','34f3d8a8052b00b82f66dd1ae8aceb6d7a6fb475',NULL,NULL,NULL,1,NULL,'2022-09-07 21:52:11','2022-09-07 21:52:11'),
(381,1,'15211918869','connect!15211918869!conceptbar.info!001!51','1','もちもち','ひかる','ひかる','motio7000@gmail.com',NULL,1,'2022-09-08',0,'dBHBBM5mTayme2ljNziORU:APA91bHLo5VcKO3OYwxQZV4Oertwen1AbxG1izcXwr_IUMDuhUFY9zreikidRPm99Z69mEBsu6nCaDkRr-i_J3ZdLCivpk5ayiCL1e-bxtwDBrSMnokHQ8agYK3LUymntWiQcDR84NRp','2b998c1c5e56218563f866b50f485774ee7a99f5',NULL,NULL,NULL,1,NULL,'2022-09-08 01:03:37','2022-09-08 01:03:37'),
(382,1,'87562446962','connect!87562446962!conceptbar.info!001!59','1','畠山','友宏','てぃんくる','angel.foyzon@gmail.com',NULL,1,'2022-09-08',0,'fjyB6SpTSpy5WrFJ-Im9VD:APA91bEW6E7JumxN5Aa4PJNi3rv3Tkz5T-fGQd7aGjIyZXi1wSqqR1tWeHqGyLQBInJoWoTyRoBlGH02oQmuu3zb8_SlYvQXv5z9qpWcQOZwcnxcjzmR-6k7ZXlDw-0r3_IXHOnfGpm3','b965321929b89899186989035a75a44aa946ec7f',NULL,NULL,NULL,1,NULL,'2022-09-08 10:54:50','2022-09-08 10:54:50'),
(384,1,'26918487026','connect!26918487026!conceptbar.info!001!53','1','きょ～じゅ','.','きょ～じゅ','ririfu-pa1005@docomo.ne.jp',NULL,1,'2022-09-08',0,'cfk08X1nTOSIg7PZbbdSZD:APA91bFpYGmJw3SFqqkF5qLOksEZ-eNQVte8wSn5Ftjon2ZVltY3nooTiuXTGcPp7C8n4AFicruMuZA8XdNuqK3h1x6ukO3iibFEE2qyhoRL7_ssiofHYKfRy9mQYt23HEGNI1X5YPUr','c3f8ab97018c346f796da14a1d3b2f65b7bc93c4',NULL,NULL,NULL,1,NULL,'2022-09-08 11:46:49','2022-09-08 11:49:06'),
(385,1,'11326354753','connect!11326354753!conceptbar.info!001!40','1','ニシカワ','マオ','まお','nishikawa.inc@gmail.com',NULL,1,'2022-09-08',0,'e8T8DuzYqUA7ie0Tnq2gx1:APA91bGPjD5QEj3eHnCnDT-PnnqE1VkSbs7J8G76YY0jI951De4K9KaA2nRDpgar6TZ8oyeQj-_twrFmE6OIaeyTtTBhRpJqGbbC2jdeSp0l0LRvuf-F4TGNFl8ldKC_4IuK9UhZnH0p','477f1085bbaa0e4fbad162b5fc2b7b9cdbbc0ecc',NULL,NULL,NULL,1,NULL,'2022-09-08 12:24:16','2022-09-08 12:24:16'),
(386,1,'57961517280','connect!57961517280!conceptbar.info!001!51','1','ナカノ','シンジ','ハジメちゃん','camper03061225@gmail.com',NULL,1,'2022-09-08',0,'dhnhKfGm4E_dqt8aXQfIf9:APA91bEsKE84XeYOXCrPrS8_ZTw6RgEC2PTMA8beevUrL4Oiuatuz4uwMeykZdT6U8tmv1Fb1B1OimSg6aEookOHky8dEf6j53R2KAczNxzWTi5mgOZaSi56ooqkwVEIL1yiGC7Exrlc','34eae97f9cb0567369fcb5e1f782f58ae2b30b69',NULL,NULL,NULL,1,NULL,'2022-09-08 12:47:28','2022-09-08 12:47:28'),
(387,1,'85279924123','connect!85279924123!conceptbar.info!001!52','1','チャン','ゴノイ','ミヤコザノーマーシー','gee@labo6.com',NULL,1,'2022-09-08',0,'dx73yPegkkjosNS30KM7_K:APA91bH8CbfS6L8wZYsgRIk2wIo8G2yfWfiwbE3F3dwGlnxi1SUUa76H4R9MUjVA6HgNBGV5K2osaDfESW1V4n_4RvdTMyEagFlCwXviey_fQ24kwrpSlGCvhKbsLmy8zLP38OmnjuAw','7e1cd44e937cd83e442d37fa89816d5611768acf',NULL,NULL,NULL,1,NULL,'2022-09-08 13:16:29','2022-11-05 21:55:30'),
(388,1,'61320977842','connect!61320977842!conceptbar.info!001!49','1','木明','真貴人','きあき','makito.k1060@gmail.com',NULL,1,'2022-09-08',0,'d79R-YQhWE0rodWgUnt1cd:APA91bGCh9Zp5YOOywfYs35Df6v-LbwM45hO7SBWdOC5IftiOjARzVILDnDBriheIzGfxGURP_YSk2caool4sCU2tMUdfbQRjmbUnnkpphWhptB03AmjeDUOl1v0522KYTh0gNN3FEHx','c943e3bf9ab5cd62a9cd18f9315bff414b9ea21e',NULL,NULL,NULL,1,NULL,'2022-09-08 17:24:33','2022-12-21 19:41:17'),
(389,1,'46773951678','connect!46773951678!conceptbar.info!001!63','1','佐藤','治','おかつ','sam.415826@gmail.com',NULL,1,'2022-09-08',0,'dZ_q0D47okKHuR-_E6M1Kw:APA91bGaLg7-YSEv598zDXEvXZXFmSG3-O8HsaHx3cxKdZcM-IGqdHW6DvXUKf-OyacpL24ISopBE8VfF_c_8_Tc4psnv18RvIQaXiX20mweroD1iahLWRayixQyzZ8B6QrLFulxJ4Od','69079b07d64efe54c2bae6160860dd1847ef5df5',NULL,NULL,NULL,1,NULL,'2022-09-08 18:38:15','2022-11-20 14:42:12'),
(390,1,'11904539517','connect!11904539517!conceptbar.info!001!45','1','野田','雪菜','ゆきな','y8l_s9-8g_z8y@docomo.ne.jp',NULL,1,'2022-09-08',0,'cvFKnaOnFEhdtmyKzPwrQR:APA91bH998kZlD02gW3tdohdL_W3fEHAaQMLWwrXoPzKQlfbkCHlH7zapIYP4hZhxpd8-tNLJTIMw4MdV7Ky6VfiBNlW_fpoDngRyWNUVsSGuXlWJMWMJdQu1I9by28qWd-V1C7NDODe','007bca5c70a07a1db93cd14b0e379cf10ac92f31',NULL,NULL,NULL,1,NULL,'2022-09-08 18:58:18','2022-11-29 00:31:46'),
(391,1,'63048671256','connect!63048671256!conceptbar.info!001!48','1','がー','みー','かーみー','ore3200jp@gmail.com',NULL,1,'2022-09-08',0,'fVk2ODISlUlVvdE1yS7atp:APA91bEUlYbPv_H2DzJ5f3iISJOun8CdcPrqEQBYnG2KASHV80ZjuF_qJUOHJveFd0cNl5wxw_6ziykdPk6vnHBOBprx0YZlgqZ0rRjY1whEDz1Jt0YS2OJF7hSd6EacD1Wt1PLC7hw2','1b985d57d0725281a5ebe3807cf3410864467170',NULL,NULL,NULL,1,NULL,'2022-09-08 19:26:15','2022-09-08 19:26:15'),
(392,1,'44894833867','connect!44894833867!conceptbar.info!001!64','1','白瀬','一喜','白瀬','scarlet.com-1224@ezweb.ne.jp',NULL,1,'2022-09-09',0,'fzx2CbG4TTqBZwh7T9fWlr:APA91bHXYJSIbJI5wJBKzq5GVbiycKqZBvhmUvh0n_6U0R_L7vM84yvp1cSMNABrhF9GlLfvhhODhYe_Z9Ve36r4a2HT4k0ZRrv-AoSH8HzcUGYAfrorOh0OwEva8kOJzpWVKkmWy48j','45b7ce9ada87955f6c8cf8888145c18d3b16a5b3',NULL,NULL,NULL,1,NULL,'2022-09-09 02:21:35','2022-09-09 02:21:35'),
(393,1,'57286023563','connect!57286023563!conceptbar.info!001!47','1','安喰','智彦','トモヒコ','tomohikondritomanenn2000@yahoo.co.jp',NULL,1,'2022-09-09',0,'e1hpmGilV0Yrk5kf-o6qKv:APA91bFXkIb-mZR1UiMiNX5CyiNEq7vE3jW7uTfhoLUv5EMR2ASz0tbNcYodwrR3UvqtYJcuCLArhsAseJy-0_1DZvNmQo018eFrtMJZpNRrhtjZzmbUQ0oFERfoFUF-AbbokTWC37p5','2ca5780d9021f40117351de74f66e379cdb1b051',NULL,NULL,NULL,1,NULL,'2022-09-09 14:42:42','2022-09-12 14:06:26'),
(394,1,'38380789655','connect!38380789655!conceptbar.info!001!62','1','奈良原','拓也','ルカ','crrma7@gmail.com',NULL,1,'2022-09-09',0,'dIV-CbUXBE-lggzSvb-I1f:APA91bE9PueYpsabVzmPemoDq4GLv3V1FMo2K6sMvCEhcCVGiM_0DbMBNrKhtsuteVyaefoMzFdUduB15FYtLV6Kx84nRzAWt5hPHZPKx3eiBUvK8fUzjA9kU9tSZfzLRHXDPS2iSo3X','2a18e2a93b5c73d074810eb400b685782846c29c',NULL,NULL,NULL,1,NULL,'2022-09-09 17:24:00','2022-12-11 16:58:12'),
(395,1,'65443923572','connect!65443923572!conceptbar.info!001!50','1','ひかる','ちゃん','ひかるちゃん','h_s_1122@yahoo.co.jp',NULL,1,'2022-09-09',0,'fVvhPH2UT8m4GSqoLYC0k0:APA91bEAw66I7IXTbRo8aSEdpBKz-PZmeyQmXhVGrRgSPcYhZUt5CqjOWMSLgJdmssyoMPc-2nw7v7nnTqs0P61MDmkqHSV5qflw7WqUHQYYQGWT1BLSv82n4mU3HZYUqlMboTxyh5oP','638940caad5b3bf68eb32378d260b327c6533e30',0,1,1,1,NULL,'2022-09-09 17:53:58','2022-09-09 17:54:19'),
(396,1,'95352642123','connect!95352642123!conceptbar.info!001!42','1','さかい','さとし','センパイ','sato.bijiaka.jp@gmail.com',NULL,1,'2022-09-10',0,'caCJpzSVdE7XlFC-DvZ5UF:APA91bEMVQNcxsJDnm2jD3WRKcMeCsa67hAtbNRphxvkUhhCZ1J-vVJaCxbenz1zqj5YmEIAxmwufFzypeXVprSER4n9XOtN_7CCHORjC4dGOKWaFiYu7v9v8LRNBNoLi7sTD_1nMYqd','902a8cfe9bfc73afc26fa2ca5f917e387d101bdb',NULL,0,0,1,NULL,'2022-09-10 05:39:40','2022-09-10 05:40:27'),
(397,1,'88877996562','connect!88877996562!conceptbar.info!001!75','1','寺岡','秀','しゅう','pop-team-epick@softbank.ne.jp',NULL,1,'2022-09-10',0,'eF7ngOleI0xCuc-PfREdHB:APA91bHi04-w3rDRaL6seG8n3CPAakI2Y3ZrDBWNrDHiKuUKYRrxUaHWXHMW_fBZmoAWEy8PisL7GeM1R6Yzmf15tLargWK17JabSj0HQPP9GkNL8zK7Xt_WIOAr75ZdNN9O7GjJ2ooV','4db900b8823de02a18ab84cee420572423dda89c',NULL,NULL,NULL,1,NULL,'2022-09-10 18:06:28','2022-09-10 18:06:28'),
(398,1,'91896400884','connect!91896400884!conceptbar.info!001!57','1','古川','舟','しゅう','sid-mao.lo23@ezweb.ne.jp',NULL,1,'2022-09-10',0,'dOByoAuHnE3hujnMELvFaP:APA91bER6py9y7efeuRZK8k2ucP6yde3T01xqsJ0pe7bCwW3k-_lK8PPBqyBavmG8WHXmkOUXaVSqTS8ACzCthq2DTnZGLyUzuLgzGoIkDCAHZ6pybFvBrwt4SNYxX9Tvml1uv5eLaYJ','daf8063203c42a24d153d00f85cd6924466f252d',NULL,NULL,NULL,1,NULL,'2022-09-10 20:24:23','2022-09-11 16:33:34'),
(399,1,'99891203185','connect!99891203185!conceptbar.info!001!55','1','佐藤','章久','AKI','chiaro.88.aki@gmail.com',NULL,1,'2022-09-10',0,'ej_kiAjop08hrl7fTSfepm:APA91bHB9UoczkMUjub2wEPYYtFm3JjdVYr3_xuukTR5d8fmzsLX35SNs8EEy8Sin2ra1Rb5CeZbeX8bUnVK6fpQu70XcplCc6teNwwIHbnziKvuE37yVR_XASwfAaqOcEDEFWMotQK7','3b046c642fa8990acd6e0b6a02217c1168eb2752',0,0,0,1,NULL,'2022-09-10 22:39:43','2022-09-10 22:41:31'),
(401,1,'18049900940','connect!18049900940!conceptbar.info!001!44','1','森本','翔太','たしょ','maccori33@gmail.com',NULL,1,'2022-09-11',0,'d5T2zaAYEUBgh347WVSXzU:APA91bHmBmXyB472HFfSuZmodkz8owMIig9SCNiKopXAlt9JyvEWT7T7GFDACCz3nF7-35xdkmnTJN2s1fOgqcaiu4n2wx5zczK4fl0xtNkwM3zMOnyjJ80--mUrItTkKYycreNT6apW','4dd310d549dc7683d261967ebc41cb4e0157cfd2',NULL,NULL,NULL,1,NULL,'2022-09-11 15:07:49','2022-09-11 15:07:49'),
(402,1,'59021844343','connect!59021844343!conceptbar.info!001!43','1','佐々木','英文','Sherpa26','sherpa-26_sa20@ezweb.ne.jp',NULL,1,'2022-09-13',0,'drq1KtelR9e5gpOfYhFeDN:APA91bGfCb5PoCXkh8EEsiFbp3E0FK3uMt3xYjRSCQOF9HZaGHsOBYBSciG1GzY3teh5pZvUcpIX5LNBW9EKtu91UUbUIG2dTNJO0Nz3ih89G3rrtFjw9gvK802aJMl27c5meBYoteyd','3d0f860723c5d16c15948ed19ba594f0693b2999',1,1,NULL,1,NULL,'2022-09-13 05:10:22','2022-11-23 12:13:12'),
(403,1,'40391114790','connect!40391114790!conceptbar.info!001!39','1','たなか','とおる','おいちゃん','tohru513513@gmail.com',NULL,1,'2022-09-13',0,'eR9mxYICRVG7Eeed9pcXEt:APA91bEcdWP8SWkji4-biUfx7jAkd4b6uA9hONBTZiAIHO2RbOe35Sq-S5GB9DmY4mvgnzYvI6dmI77xNHwIutZ-KZBC6Qhwps726lAHGIVFlvaflkgWaGnDqGb3oeJ-9y41F0eGIS7Y','562f612ff392d0cddca3da5476b38de012c9d536',NULL,NULL,NULL,1,NULL,'2022-09-13 19:34:21','2022-09-13 19:34:21'),
(405,1,'91380675158','connect!91380675158!conceptbar.info!001!53','1','高間','雄一郎','ビックタカ','ninoyan3312@docomo.ne.jp',NULL,1,'2022-09-13',0,'etlUUapkTduS-KpuhPL6V4:APA91bGFpm2p5MzzYO1CtMSP--AXSKITC4L3P5_shvYTbRFn54YWxP1NsNCRU3CWPucuHbiS12O_xIQVjgJE9YlPl4Xf6_3eEvvpI9ISCHMPwp__uLoQOaLaGjAUoAFddtf5jL1Fge3u','958c97a03f68f89f2c966e762de706629e02a26d',NULL,NULL,NULL,1,NULL,'2022-09-13 20:14:05','2022-12-19 17:13:10'),
(406,1,'22266513761','connect!22266513761!conceptbar.info!001!41','1','髙橋','拓哉','タクヤ','0mk4c006326136e@ezweb.ne.jp',NULL,1,'2022-09-13',0,'eKIi6LmyC01MtDozBy0b-p:APA91bHh-1a_6eA4zViQJl7Cdl-ZYi7We95FqypxY_MbWlC6jcOC9fiVYezyv9AQDfLT1wI_eR1LtoowdLphHD1k06ZY8CQKILS70uMX0Kek8RUCWZ0_gIm_yYM6siJ1ROkfbtY-wZb7','ad131379a8a57d88eb0ae6bc07647d0e6cb8625e',NULL,NULL,NULL,1,NULL,'2022-09-13 20:26:20','2022-09-13 20:27:01'),
(407,1,'76790578770','connect!76790578770!conceptbar.info!001!63','1','馬場','広樹','ユキ','kouki123_habit_girl@yahoo.co.jp',NULL,1,'2022-09-13',0,'eyJsyyyGZkALnDWvbmD_YG:APA91bEKb035fevDfwfjeDiS-m8i8n_xEQGEQIUsRdqv1Vlbvz9ZHb-Vd_vYCdGYwN5ipluBWBDe-ZH9inLX8WYJDo0nyAAIHCO9L3wretgiqaMDMZJhpejdP6_YGQh7qUQCCHraBtzp','05c08ed871b63a3dfe6f7048cd972e037f483d1f',NULL,NULL,NULL,1,NULL,'2022-09-13 22:37:39','2022-09-15 18:50:15'),
(408,1,'34934129125','connect!34934129125!conceptbar.info!001!43','1','郷司','幸広','こーし','goushifarm-kawayuonsen@docomo.ne.jp',NULL,1,'2022-09-14',0,'clkz7fDVOkIZkFYNK-bw8r:APA91bEqNOIxkJfEvX02nJrjwiMiuDosfLxA8zAl_lhbLaEusOJKhMonZf3eac6q15TCixDyuNXOfUwcz_jiOwJDrBSyvc3iUTYy7Ll_DvIFmfHtfWM_3Noo086z29kca4cHGDsILqqU','1e114fb0061d707250f290ca0693ab588fe330df',NULL,NULL,NULL,1,NULL,'2022-09-14 07:41:43','2022-12-22 16:26:14'),
(409,1,'27832762280','connect!27832762280!conceptbar.info!001!47','1','黒宮','孝照','黒乃助','black.96da-pi2.delta@ezweb.ne.jp',NULL,1,'2022-09-14',0,'e5qVrVN4QRCnDqUhMUItyV:APA91bF1AOVsKjG6LDfcKPpG4zC76EnXO_yH3u0kRYzU0pRcvY6AsMPlyvIzoxEYys6zczvJ2vfwWcF7HpLU8PynWUO07QDM_gQKeeVdNsWjHYy2MgRiwfs_3r7wchZ5lJfbYgIhvzaI','497cd952dfe895358336ae56aed144ed2179b458',NULL,NULL,NULL,1,NULL,'2022-09-14 14:57:08','2022-09-14 14:57:08'),
(410,1,'46644702369','connect!46644702369!conceptbar.info!001!51','1',NULL,NULL,'ミヤビ','masa2k_mskk1518@yahoo.co.jp',NULL,1,'2022-09-14',0,'fnqDAC9PqUMSnfy8G7d8Wm:APA91bExup0GrqYFp6uMuyMMBHsqxcAXFtzvVF7fEKnLYvCIPaBKfV5ZVowmDW4Wkm_-E7Q2d3fvAB1xwoeSvBM224iSVpZPn7uDZR3GcDcYQYaEbBnCPiFdkgLdok_iogVRSVp002j0','dd56f349a4bd85e6147f50f8b477e987d991db3e',NULL,NULL,NULL,1,NULL,'2022-09-14 22:50:47','2022-09-16 12:51:53'),
(411,1,'14282743819','connect!14282743819!conceptbar.info!001!49','1',NULL,NULL,'あゆたろ','ayumi11712yuu@gmail.com',NULL,1,'2022-09-15',0,'eBdu_TIbBU64i_Z6_1kLJl:APA91bHgq0yAxm-oMymJKikO66-CIcygIEkNKoCYfDokUuC-cgmpx_KYL4dLbe_DC8Y5sbL0rr1EgFEL14a3pCoTshoS3eC7BYy21xcRKjopxMvGXAZEqeLeZf0BqqG5elYk76Okky-c','743f1493382272f7c264e51b2048c770b1ae8839',NULL,NULL,NULL,1,NULL,'2022-09-15 20:31:01','2022-09-15 20:32:30'),
(412,1,'54690693763','connect!54690693763!conceptbar.info!001!58','1',NULL,NULL,'秀','crazy.0419-train@au.com',NULL,1,'2022-09-15',0,'ftS3iJnCK0DPr_9w-ZySkt:APA91bFYLckB88JEGTu-LoY9_xf8qJb3vmPv1Oeg1_HXQ896kBcq_lhqVEmOcATRdh4i3rbvfDaxAdRmx9MUZbKoyS1bnxcwNjRoY0vvRwCvTebWP7S94YgYRTFpUEA3DTgnS-bojZqj','4c532a49f6c172834731bd4c43d3a3f6f863b149',NULL,NULL,NULL,1,NULL,'2022-09-15 21:41:17','2022-10-09 00:09:44'),
(413,1,'77039254622','connect!77039254622!conceptbar.info!001!47','1',NULL,NULL,'でんき@ほしこ','sumusung@gmail.com',NULL,1,'2022-09-16',0,'c2rpE4umH01otAXILiaJAD:APA91bEe7allfo13aVXl81Me2sZnkr2xI_AYoFmlYOL_fPBAIoDYTdDpm7s5Y4nuD9BXQy2sBhDvOGJWCLZnMJE-ohfrQykGr-5QsvqCnDbUrjkuQgOz1Q5_JjiKHGNG7IAM5RLbD-sV','e55c721907f5ee70aeda472d823a940bc57d5103',NULL,NULL,NULL,1,NULL,'2022-09-16 00:14:43','2022-10-29 17:39:47'),
(414,1,'50108397825','connect!50108397825!conceptbar.info!001!48','1',NULL,NULL,'いとう','ivutoki@gmail.com',NULL,1,'2022-09-16',0,'eyzmumAMkEZ-kczWNhktO2:APA91bHgLrtkiSP_aEhXXmNeMtILfj89KnuSIJdPJDSdyG-p4ohr7JbO0W2Wb3WXW37Rm3SjEz27yHip0f_DrwxIpcLymtzjRjjT_Nkn9zJGvYgMJibJnlj0IRGOAxjqBjzp7YlLkHrE','e17bb2e0bee8333e20753390692607ee66d0e217',NULL,NULL,NULL,1,NULL,'2022-09-16 12:25:25','2022-09-16 12:25:25'),
(415,1,'98807567147','connect!98807567147!conceptbar.info!001!62','1',NULL,NULL,'ジュン','sizuku.teiruzu0706@icloud.com',NULL,1,'2022-09-16',0,'cGPJbcvzrE3XvXom_qOkSQ:APA91bH2yZ39WN0SbpVm9HqOfmplroG-eOCBtScRiFedfCMLvZG8Gm6g50fi-AhtHThLz7nZ8FByeF_btmPhVPDxmVDTuw0UDg7O7aBQly_77MkTdnsDSFoGRm5hypNwB8vqJHe8-Swp','d329bce267fd1597b3ac9418a5280431d5ac3709',0,0,0,1,NULL,'2022-09-16 12:35:41','2023-02-16 11:07:07'),
(416,1,'93324636467','connect!93324636467!conceptbar.info!001!53','1',NULL,NULL,'れいあ','aitakez@iCloud.com',NULL,1,'2022-09-16',0,'fTFC29jpKE_3sYAFbySVve:APA91bHgpt1iAlZEZcIyioGEHMDrgVX7xIf3MVHESQ9IiF1vs6ocUB9bf4QcdQsA31wvB8vLbzz4vfAzAysZmI9mf0kQ2xg8LLk8EMQNY4ngqYGnWYHKhIdoV8Y_8EmFH6OvUhykOZNk','70c775036053861c1a019be03fd486e52db908b1',NULL,NULL,NULL,1,NULL,'2022-09-16 19:48:36','2022-09-16 19:48:36'),
(417,1,'69806213381','connect!69806213381!conceptbar.info!001!47','1',NULL,NULL,'ひろの。','eureka0715@gmail.com',NULL,1,'2022-09-16',0,'c4N3gOasHUQVtUpjvdch9n:APA91bGcqx5-yW80h1sxHTRvi1at_A_E5sxNGWAizg6kZPzC0Fn1yyVpBeMTfOo7K5AlGVY_Hna4LxS0Yt9pLz4-fjo5h0pTyU9aRsRJJPw-nJxxUEZiqFuYvZxwMt940xFo29zrRes-','4b1dd2b9db6f9f9bc32f73c0709075d462dd02bd',NULL,NULL,NULL,1,NULL,'2022-09-16 19:55:43','2022-12-03 01:09:48'),
(418,1,'15406658200','connect!15406658200!conceptbar.info!001!37','1',NULL,NULL,'MiRai','hasu.niboshi@gmail.com',NULL,1,'2022-09-16',0,'dZVUSXGLQkOLn7yIQJjdfX:APA91bHj7Qn4ffnbTmtk7Bix8LQrRb6eaY8EMbJWJdl5rSSoe9LrxKqu_ntq2hW5_pzgSYZhtZFxoEyOMIw6O_UdV7maUGtbeh1f3Z76jq996HQ7IA1NLJJHSMYZGhoqTjNTEuakON00','82db220e306ff61bd1252c2e426162c598ee3e71',NULL,NULL,NULL,1,NULL,'2022-09-16 20:41:03','2022-09-16 20:41:03'),
(419,1,'29509731519','connect!29509731519!conceptbar.info!001!51','1',NULL,NULL,'はのん','nami.ki.omochi@gmail.com',NULL,1,'2022-09-16',0,'dW0Jw17OQXKJN5mLIQl0Z3:APA91bEgyQ2rTlixBYmJGFdJR2azHwSXJGHSi93inaEigpXF9WaPW8S2KcQJUBqgPeO6ZljksrLiH-ZMx6IDWoDUKRxpN_46RgMVxoZ0kFTEWbi9AKtfEiVInTfoft2le2E52De4pWGl','e3cbccb25f7fe3404771aa46d125e32094190dc9',NULL,NULL,NULL,1,NULL,'2022-09-16 23:32:54','2022-09-16 23:32:54'),
(420,1,'28333321273','connect!28333321273!conceptbar.info!001!37','1',NULL,NULL,'なおきんぐ','ituki.fujii0402@gmail.com',NULL,1,'2022-09-17',0,'fOfwOxfZBkm9nFArDG7z29:APA91bGBxph3b9xe0XUcQMzxZWjfWhJc-9Hm2C4yuR26uF1SlAthfOEJoMlaZNGgMrmt5lELPuQ6lMKk_p5r2UODDrPg66h0TQXrZvhmP6JcYDVfw9fqXMy7uDnjMXg4BMePtKd1_Ghc','5ee2f426adf0e05763dadf46d309432b3d1ba5a0',NULL,NULL,NULL,1,NULL,'2022-09-17 07:05:54','2023-01-10 18:40:16'),
(421,1,'13792594586','connect!13792594586!conceptbar.info!001!59','1',NULL,NULL,'なおきんぐ','ituki.fujii0402@gmail.com',NULL,1,'2022-09-17',0,'fOfwOxfZBkm9nFArDG7z29:APA91bGBxph3b9xe0XUcQMzxZWjfWhJc-9Hm2C4yuR26uF1SlAthfOEJoMlaZNGgMrmt5lELPuQ6lMKk_p5r2UODDrPg66h0TQXrZvhmP6JcYDVfw9fqXMy7uDnjMXg4BMePtKd1_Ghc','5ee2f426adf0e05763dadf46d309432b3d1ba5a0',NULL,NULL,NULL,1,NULL,'2022-09-17 07:06:23','2022-09-17 07:06:23'),
(422,1,'99634212601','connect!99634212601!conceptbar.info!001!43','1',NULL,NULL,'ククイ','chanp-kf@docomo.ne.jp',NULL,1,'2022-09-18',0,'cgQiaHhXTb2wAdxAIQuJqY:APA91bHNfX17M0IFLcpeZ2bNTM1xWGBb0YWSlIxRPxqsYyx9nrEATVg5cN5rWxN3JQHseWWrpgEsqfsXjBRpeB3qB5kuP2pzRszjgZHp6mpqwlEA8EgthxxWqFBCWwpVVQ6LDnRXVl6r','7973a47bde30dbb587991a66f021d7033d3d52c8',NULL,NULL,NULL,1,NULL,'2022-09-18 00:42:42','2022-09-18 00:43:50'),
(423,1,'93784222249','connect!93784222249!conceptbar.info!001!52','1',NULL,NULL,'しおり','shio04107310@gmail.com',NULL,1,'2022-09-18',0,'ciVkz91oYUQlj9QPl8FxC8:APA91bFZ4gHQlHyMosRXFs29Nt6G-_Kz6O4Dp3_JZsaven7JjbMgt5Ne2XLJpFhDiX09LFgWmiUAWHQXUZIZvmI1E6L3RgwiLebr5Fd8pNjRKFpnI3iPs8wzdxSPWQ2x78szkx83MtpA','93fd9e1dc6310db2360ee39c16ae39d16c0bf8cb',NULL,NULL,NULL,1,NULL,'2022-09-18 14:06:02','2022-12-27 10:30:13'),
(424,1,'39764192639','connect!39764192639!conceptbar.info!001!59','1',NULL,NULL,'Tsukasa','tsukasa.kanno430@gmail.com',NULL,1,'2022-09-18',0,'eajFUIkrI0vooP2faX8WU_:APA91bE2wtofiYVbmOg6Ahx6d3qPAEj382_T7NyX9KOemp7J3yCIwePJIXYEYon9To9RyYTpz51_qvVWgHCb-HVRzQ-4Q5VOCE_VUP4BPzmsfCXXhsSzVo6LEeIFNWeCI5Mh9bmk42ea','472949910a23d986984e93748ea7a5620930b39e',NULL,NULL,NULL,1,NULL,'2022-09-18 21:10:32','2022-09-18 21:14:07'),
(425,1,'83859944087','connect!83859944087!conceptbar.info!001!65','1',NULL,NULL,'はる','hane3981gb@gmail.com',NULL,1,'2022-09-19',0,'ezP-qyYZ6k7YkFd0uGD_4g:APA91bHvBNBUSUbUaulErre30h0L_OMY53PPIURFQaeBqOFQE06qTIJBIx7aF6dsn94ONnuukdaYoPwTynM-kFpI5Rjy8AINz6Iq4wPqcH9FNFAdehFzVBZrmlezeJwgMYxleJYIploT','0b2d7e834af4513388939d1e092e07b3e10e28bf',NULL,NULL,NULL,1,NULL,'2022-09-19 00:37:46','2022-09-19 00:37:46'),
(426,1,'38415282104','connect!38415282104!conceptbar.info!001!38','1',NULL,NULL,'すー','chiyohiro3@gmail.com',NULL,1,'2022-09-19',0,'eUo4FGnbRkmoC24cZqai0C:APA91bGosD0Hq4vnP_CeywYm_XcNK4XwJ4HB7oVy3oDC2w-fR9x331DYxZ9ACZXMvOTrAnsHbGzfpJp5XvLXURgq8z0zjN-7g9NUGjYBlcW4W298-jzageSgDG8Be2by0JMJCsu4Shof','6892688d2525738c3f808b8acbde91d164bee01f',NULL,NULL,NULL,1,NULL,'2022-09-19 11:08:02','2022-10-14 06:33:57'),
(427,1,'26997388916','connect!26997388916!conceptbar.info!001!68','1',NULL,NULL,'くら','trash-word@hotmail.co.jp',NULL,1,'2022-09-20',0,'fmH0LM97RDO9Mss1_2Z98w:APA91bHeCWRivViuVl3L_az9UZMY1GROZARHX9pPBNrkEgk4st91iVhAeyqhnqYMGq0w-Qg_W3Cvd3juxAnFp8A5VWWQDxPsp68Ke9FUMkvQ0mcaAz_4KPPoocIi4HzP0-fKUpwsemyY','e2f6be40287dda2a7bd8b89e1b66087377039f83',0,0,0,1,NULL,'2022-09-20 15:59:24','2022-09-20 16:03:19'),
(428,1,'65099989567','connect!65099989567!conceptbar.info!001!73','1',NULL,NULL,'くら','trash-word@hotmail.co.jp',NULL,1,'2022-09-20',0,'fmH0LM97RDO9Mss1_2Z98w:APA91bHeCWRivViuVl3L_az9UZMY1GROZARHX9pPBNrkEgk4st91iVhAeyqhnqYMGq0w-Qg_W3Cvd3juxAnFp8A5VWWQDxPsp68Ke9FUMkvQ0mcaAz_4KPPoocIi4HzP0-fKUpwsemyY','e2f6be40287dda2a7bd8b89e1b66087377039f83',NULL,NULL,NULL,1,NULL,'2022-09-20 16:01:12','2022-09-20 16:01:12'),
(429,1,'31192921822','connect!31192921822!conceptbar.info!001!40','1',NULL,NULL,'やまと。','yama1nyannyan2@gmail.com',NULL,1,'2022-09-21',0,'dVB2eka89EZijnJEURptGn:APA91bESq-s8bWJH96vQp4OAYc8a6eSwGoRtMnCupyZY5U0bYCpgqzYORuBYqt9po0sDvfSyPkXS0VfAYwq80LpkaTcLMWVnDV1TddL3Yq5J7cx1icAW8N9LSR2gJyGNe1IeXHmm9lSs','ab1b73a6679df77c2c278389737b129e68ce91f1',NULL,NULL,NULL,1,NULL,'2022-09-21 00:16:22','2022-11-11 01:13:45'),
(430,1,'29431221678','connect!29431221678!conceptbar.info!001!45','1',NULL,NULL,'やまと。','yama1nyannyan2@gmail.com',NULL,1,'2022-09-21',0,'fvsikkq9FkP2iRx_IBeQ6X:APA91bFlTtdO27tmsn88vn0FTxTU7BzqSVyXzgeIFYwBHW-tYfblzvstZiqyFRAZnQ5soWnKydXrzSyiR7mo6vhglpV6TexD8T4w5fVSMiFBiiv-kXe7GcFtQNgoFu0A4YWnfAT3-8XU','ab1b73a6679df77c2c278389737b129e68ce91f1',NULL,NULL,NULL,1,NULL,'2022-09-21 00:17:19','2022-09-21 00:17:19'),
(431,1,'98376248471','connect!98376248471!conceptbar.info!001!59','1',NULL,NULL,'ありお','newsnewsnews_0704xx@ezweb.ne.jp',NULL,1,'2022-09-21',0,'eFfyqYhpzkU4iAkVDfTSVF:APA91bHrx60RFxGXzcPxDKU_KPskqnF-kpVIXJbBTO3IxsTtjH1pQqzDHYVT0S2UDmqWH9i2GpmQl7tuwGGuDZ_rt3c7wGKGAviZVrJ1zPvAF-j-P96GR2eZDK2am3gkDq3cZaeNM1Cr','a57ca2754b2acabc958e53f5b826e272a1681fac',NULL,NULL,NULL,1,NULL,'2022-09-21 01:19:36','2022-11-09 02:04:35'),
(432,1,'85038154397','connect!85038154397!conceptbar.info!001!53','1',NULL,NULL,'ファイティア','h0804_newtype_bb@yahoo.co.jp',NULL,1,'2022-09-21',0,'foxE3kFmSka0nYbeb914Ex:APA91bHzRdqWzC_w94RKriRjOJ02KYHeEvatKiM18lMREtEYrexdpjB_YtUn6ZLB3iK0448w-tZqr-pXIE4J-nJ4ZCObGrN-rnEOvIUDhqBHdZCnNJPUorO1wHMTD1vQxsI8uZ7KZCfV','0c85860ea70155cf82be0221bc53a1f2a04bd31a',NULL,NULL,NULL,1,NULL,'2022-09-21 07:58:03','2022-09-21 07:58:03'),
(434,1,'56045827512','connect!56045827512!conceptbar.info!001!45','1',NULL,NULL,'あさひな','hina.20020924@gmail.com',NULL,1,'2022-09-22',0,'frXyuiF3sERzj4FUlV-tZ_:APA91bFAA1gNSA9H3YOW1x0ygpnfuTYcRnf3xRfrLbq6jOgmJEUShOsxFipggERELWCw7V9MZxF7SuPGwAXfTbTGtJFS_zsBoR5EPSPXhLIjITumMxWN1AXKAuUw1e5JKZHfXjVE_xOF','f9e7ce8416232c201005ef8d4be58182d6c1a3bb',NULL,NULL,NULL,1,NULL,'2022-09-22 14:15:50','2022-09-22 14:15:50'),
(435,1,'15349064834','connect!15349064834!conceptbar.info!001!47','1',NULL,NULL,'りっくん','ruugakusei@yahoo.co.jp',NULL,1,'2022-09-24',0,'e9n43FcEw0GFhf8Ks-Xu70:APA91bGEXPr-kHtxJO7Do7NlGoXRaEDnoSAXtqYW7KfYfU-p6dgQk37yu9OVwlD1ilpK7YHe64O33VXQ02SxE12naFp6E6ecb-zvntGYamcJvQehWdCH1GSGwnbNMGEs6mzwLcxdLM12','1345102296f8792cbe0a920b378a96dd8293ae4a',NULL,NULL,NULL,1,NULL,'2022-09-24 00:22:16','2022-11-28 01:05:24'),
(436,1,'28808348018','connect!28808348018!conceptbar.info!001!50','1',NULL,NULL,'さめ','moimoiboon.02@gmail.com',NULL,1,'2022-09-24',0,'fdrYqOsZB0nLn3mzND5OVB:APA91bETZen41J3UW_Lp3ocvdgNQ-QMf2vSzShIfBlncEv2qbakG2pPgQVYa_8ah4YsCEifmOajlGRw-2kePYcSgXZxF5qxpiVNcwj4HF0yQ4T1iyW7K-5183_8BEz6tD4btczQmr2p3','43fef6856472d0b4a08d3cada6ab6bf22a68c685',NULL,NULL,NULL,1,NULL,'2022-09-24 00:45:36','2022-09-24 00:45:36'),
(437,1,'64305424867','connect!64305424867!conceptbar.info!001!49','1',NULL,NULL,'いとかな','pa6-guruguru-you@ezweb.ne.jp',NULL,1,'2022-09-24',0,'dNUPcaDmq094oZuQqMy2b9:APA91bFFo_Cg6jVf7bo6x2CWHTzC33AU-DKXD3JNhf3LE7DHCdF5hE4aO1DtqI-pPz9mKn-Int_P2Vh076QJbzRre4rauw7ZhsY-eL4fQe9dEZORnwDNrzT8r62NwIDpBwG2E3mTDgR9','763114fa23086fec294efc75266744bae6d12dc2',NULL,NULL,NULL,1,NULL,'2022-09-24 06:43:28','2022-09-24 06:50:27'),
(438,1,'53493970366','connect!53493970366!conceptbar.info!001!55','1',NULL,NULL,'れの','3candytuft@gmail.com',NULL,1,'2022-09-25',0,'dKDXpFh7F0a2n5vx7YJx7Y:APA91bGDYc4xmeohQEvZm15GwAhd1Vadi46UJXhLHpxQ45KXxvdL3_5Z_YwIzwihjZGytAtSRfmZLhG8L6CXW_6XvN0UNcj4AOdfVlUY5WSDrcn4OhK17rbL4C21zck0G6hPKSAQv9fC','50a790417f55367cacb940f0ebd1b718bcef4e67',NULL,NULL,NULL,1,NULL,'2022-09-25 00:43:27','2022-09-25 00:43:27'),
(439,1,'82154133100','connect!82154133100!conceptbar.info!001!28','1',NULL,NULL,'いちか','kaechii1027@gmail.com',NULL,1,'2022-09-25',0,'c55rVwBhGkYLq9bh_F4GGF:APA91bG-2pDdMe2YtESwNQ14LB8UWeGfSdUvdcKmtDq6ExQ1OUg4z4yDamsJ7gFWb_yYCfwzKzXCK1Y0f19ZRwAE5ykgvRhl1N3zSInGs3OVRC4pGtSrwZH0scsgyBnB-FgCHdsxHyWd','023c32ec84e2f0cbd98371fbaf3f1d872fee8609',NULL,NULL,NULL,1,NULL,'2022-09-25 00:44:42','2022-10-22 19:52:09'),
(440,1,'90047918822','connect!90047918822!conceptbar.info!001!50','1',NULL,NULL,'れの','3candytuft@gmail.com',NULL,1,'2022-09-25',0,'dKDXpFh7F0a2n5vx7YJx7Y:APA91bGDYc4xmeohQEvZm15GwAhd1Vadi46UJXhLHpxQ45KXxvdL3_5Z_YwIzwihjZGytAtSRfmZLhG8L6CXW_6XvN0UNcj4AOdfVlUY5WSDrcn4OhK17rbL4C21zck0G6hPKSAQv9fC','50a790417f55367cacb940f0ebd1b718bcef4e67',NULL,NULL,NULL,1,NULL,'2022-09-25 00:49:22','2022-09-25 00:49:22'),
(441,1,'39291173007','connect!39291173007!conceptbar.info!001!42','1',NULL,NULL,'イクラちゃん','maa@misuzu-kyuso.co.jp',NULL,1,'2022-09-25',0,'cBM9E808eEEymix-gQdgT5:APA91bFM_XoajAKLPGc-R1-FJmDU1lrrPR6beWXI5Josyd8kE8oOElY1U2yCzkZ7zz0AJocFnchDFv4OoON4LariWb-AFI-kyV4zrsQkxW83PaDy38gMYunM5HaQ4D28LlP5VecK5fZQ','53cf97db7be1ebc0390609c84a77c959a1d3266d',NULL,NULL,NULL,1,NULL,'2022-09-25 22:38:41','2022-12-31 16:00:41'),
(443,2,'29932276791','connect!29932276791!riraku-kan.jp!002!57','1','五島','真樹','五島','mg-5p@softbank.ne.jp',NULL,1,'2022-09-27',0,'fn_yIbeDQNmu9mrGm9WA_i:APA91bFp-SguEWtOteMxLK9dAthXcgpkTm-QgKIVqYScJaPzqjH_UdlIzdpQ2lamMCFhCenIJ-teh01S9GbM8jMziqMezKyhWIxAhgh5T3_0aa5m8ocucM11DGy1wUqSTLvhthN-FWR1','8cb2237d0679ca88db6464eac60da96345513964',NULL,NULL,NULL,1,NULL,'2022-09-27 13:40:05','2022-11-22 12:42:21'),
(444,1,'48697806341','connect!48697806341!conceptbar.info!001!56','1',NULL,NULL,'らん','flatmusic@icloud.com',NULL,1,'2022-09-28',0,'f-AuOjG4BUI5iWm3FEIadm:APA91bG_oXcQxl8EgIXO3AH-fUalKOTGYAqSAwR892W3nG4O24a8HXZI5KekUBbpp4tFJ-sLB3rkyNVPnLm8Nk5X7s1YRrkkkGWbZsLsPzo-NhcwKi1T9T3_3r1ZlaOMFYHswOx0tFST','a4c389949084456e2defa7f5a7a464588fbb8473',NULL,NULL,NULL,1,NULL,'2022-09-28 20:03:51','2022-09-28 20:05:46'),
(445,1,'83170630468','connect!83170630468!conceptbar.info!001!46','1',NULL,NULL,'はむお','Kyary11kaho18@icloud.com',NULL,1,'2022-09-28',0,'erecf7882UJcqLtWDPDxJQ:APA91bGFmNs3tvQ_nKka6jPn3iLbcW8oxKBvyOfqig8N0WlmmAc2G0obMpSJBwr_zjQvBikE9TqgZDdQ4gnHDFjWtcQounvSwQQOUONHdaJ4QPp_dlnZ_MUiA_6mdeN8nk2e6mFvd1sQ','db6318262c0b02e2a2560466fb1cb3bd0b57afed',NULL,NULL,NULL,1,NULL,'2022-09-28 20:04:14','2022-09-28 20:05:49'),
(446,1,'49085596859','connect!49085596859!conceptbar.info!001!68','1',NULL,NULL,'ちゃむ','psychedelic.1925@ezweb.ne.jp',NULL,1,'2022-09-28',0,'ehyeJckgSYq3iyBuwKgEOC:APA91bG1jGlNPGgJgDiYTzatQTgM80VIXOpxrqb6T3iXf7PgS4sDDGL_zL--ZED3wM0i8M3eB-mjPqtq3KH2Afg3CVruDc7BVkjnGNJZdafzIe1ev1jh5YDZoLsC5xZcQtY8t5c-yTvD','5d7244e54a947f123b56ddea5c0b72f6d714d10e',NULL,NULL,NULL,1,NULL,'2022-09-28 20:05:46','2022-09-28 20:05:46'),
(447,1,'47954662124','connect!47954662124!conceptbar.info!001!50','1',NULL,NULL,'みあ','maimai.o.0186@docomo.ne.jp',NULL,1,'2022-09-28',0,'ckefuuP_-UaTidz5W4lAVI:APA91bG_RUVA6gsV4bGozm6nvbJTk3CQQwI5cRPnM2nT7pPPr5TfftewMOeQ0tcaZMEmFvCombc1sCbrPmeKg6CPRWgGNQCgGhFpHc8OuaRccC0eTLR7p6IyrTkVdh7SNljSIlf5ncEj','8e486090493889ae9fc10d405f705cc97202430a',NULL,NULL,NULL,1,NULL,'2022-09-28 20:06:04','2022-11-15 20:48:28'),
(448,1,'31013443583','connect!31013443583!conceptbar.info!001!35','1',NULL,NULL,'始皇帝','pawapuro.7878-202@au.com',NULL,1,'2022-09-28',0,'feKjZifxRCmXiEmunpa1cd:APA91bGjWGFxCvVuE0exnZK_9NMn6q-gTYtJZwUea7jnJNixaqFjV4YrWKqPyA8-EcUbJ5zpnU8YHvr_11zzgBNuRl3IDhNBNnYNb78dM2OJK5F5MQ1GmWB50agTWvEhIhGIQ6s8tpUI','313fee854d588fd130c0655930cf3fce630418e5',NULL,NULL,NULL,1,NULL,'2022-09-28 21:46:58','2022-10-26 18:48:09'),
(449,1,'69362316296','connect!69362316296!conceptbar.info!001!53','1',NULL,NULL,'始皇帝','pawapuro.7878-202@au.com',NULL,1,'2022-09-28',0,'foi1wPC6TQa0sSVJ_UDgEk:APA91bH6q7_cUmN6I69PDoFDG1zIlI_tTexYiI148WD4gJOArwfWSToS9Bx6PoSaZgvjfKrfToiqZmYPSBWVjEfG8JlxFTWsWm4Pgh0JizndOiVrtPK6mK36AcB2VxEZY1qpi0pYSs7C','313fee854d588fd130c0655930cf3fce630418e5',NULL,NULL,NULL,1,NULL,'2022-09-28 21:51:10','2022-09-28 21:51:10'),
(450,1,'35943654119','connect!35943654119!conceptbar.info!001!50','1',NULL,NULL,'やー','yuuk1ymy@gmail.com ',NULL,1,'2022-09-30',0,'ccdmeOd2T1aTWScrA4lHzd:APA91bER9hJSJkEeeYvcIKWfpbW1g8yaOFmTfH6urKchWeujB16Npgi75pi9yAoEnt6HSwegasuzxLca-JsD_j1N6DZdwYc0hT2y_uOTVuTtOGzOPV3CYDE_JQr6TfGvBe2s5C7I4ZOS','1ac17c1f00f2939a91e9196994169b460dae676b',NULL,NULL,NULL,1,NULL,'2022-09-30 01:30:33','2022-09-30 01:30:33'),
(451,1,'60986415433','connect!60986415433!conceptbar.info!001!49','1',NULL,NULL,'七星','kingof881@msn.com',NULL,1,'2022-09-30',0,'fTwEDVLE3Uf_v6XnbhaOqq:APA91bHpEwLh43KmvBE6knDzz7_vYpfHglK0wMZs3XXdxuqimF-8wYzHCkNIfeIjlfkB8CHVwvpn_lap0rCcsbyzV9RsCYEQuGx8aRhXrp33yrabEqwMrdZYCI6zfNJJiYFY7mraEvvM','a4b0497c900bacaa6c9d7fc8b7f49b66a4bc9690',NULL,NULL,NULL,1,NULL,'2022-09-30 18:06:42','2022-11-26 16:57:06'),
(452,1,'27865756202','connect!27865756202!conceptbar.info!001!50','1',NULL,NULL,'はっしー','black.framedaz.crow@gmail.com',NULL,1,'2022-10-02',0,'d_MLjwCeMknUkC2aLPqWWg:APA91bEv3lsRnFG6JqkL_ckfRzS7nACSMgqBOgdPPbRlnYFmSLjOnPeL6bgjCUqSmcJmvwwCYa1Cj75o6Q3H_phyi5UbrNxipC6c_7lNaCdxDoLbS3GV9wIG5yf62Y0ESgDAsyRSlplY','d561c82e4d400ddcfc241c9ed14cd31cd9ed3a38',NULL,NULL,NULL,1,NULL,'2022-10-02 10:58:54','2022-10-02 11:02:45'),
(453,1,'88650040839','connect!88650040839!conceptbar.info!001!51','1',NULL,NULL,'りょうた','dora-ryo-0903@docomo.ne.jp',NULL,1,'2022-10-02',0,'deJp0GTIUk4XkugEChUFyr:APA91bEh-BbMTpwKWaRoRQEBbhkwQo-J81hmwdpuy-mYgezYZ1C0MJuDg8OvUSJzMLwME-19dtMvanh2CITSa5aIVGriMzLVVCggGbaOklgbZo-Hfvhhc7-1Gn_e8MDOWhljjs1FlOQs','bea417f4b40edd880c6934bb63d4a7c50c0a2b8f',NULL,NULL,NULL,1,NULL,'2022-10-02 21:37:26','2022-10-02 21:37:26'),
(454,1,'26624478051','connect!26624478051!conceptbar.info!001!45','1',NULL,NULL,' djkeks','ethaneast2022@gmail.com',NULL,1,'2022-10-02',0,'e9VcWSbf20gLqnCYHUlLgF:APA91bGpWnHKTd41Z5q3UQBiRRVaU3kdCmKE-aO-43totxvl6ptSOFBr1zUfobIUhrTk4hdL7nUEta2awXDFYtjC4J4Ulkms2IURI1DP9sLVEu8uM95SYRJUv47OXXoLZ_qps5c1QlXL','ec1e7fb8656dba32737acabc2e5a1fb2d02a973f',NULL,NULL,NULL,1,NULL,'2022-10-03 05:40:28','2022-10-03 05:40:28'),
(455,1,'78309944518','connect!78309944518!conceptbar.info!001!58','1',NULL,NULL,'aa','playbody2021+2@gmail.com',NULL,1,'2022-10-03',0,'cCHcKaDCnEwWpuoSliKmXn:APA91bGvVqIlAmNfv6w29TJ8re1GkgrpaGU09BQCwf_yx2DXwta5R3IBQbrZXDXYFSz3q49AYBr0buNdFwzjEl_rBNLamteTzhn88uH7l7H-_fdGgF0nqGOnDhGjdyRfvNqI3-41on6q','f7a9e24777ec23212c54d7a350bc5bea5477fdbb',NULL,NULL,NULL,1,NULL,'2022-10-03 11:52:47','2022-10-03 11:52:47'),
(456,1,'38037513902','connect!38037513902!conceptbar.info!001!41','1',NULL,NULL,'a','playbody2021+3@gmail.com',NULL,1,'2022-10-03',0,'cCHcKaDCnEwWpuoSliKmXn:APA91bGvVqIlAmNfv6w29TJ8re1GkgrpaGU09BQCwf_yx2DXwta5R3IBQbrZXDXYFSz3q49AYBr0buNdFwzjEl_rBNLamteTzhn88uH7l7H-_fdGgF0nqGOnDhGjdyRfvNqI3-41on6q','8cb2237d0679ca88db6464eac60da96345513964',NULL,NULL,NULL,1,NULL,'2022-10-03 12:01:28','2022-10-03 12:01:28'),
(457,1,'85602778051','connect!85602778051!conceptbar.info!001!49','1',NULL,NULL,'bsjj','nathannorth2005@gmail.com',NULL,1,'2022-10-03',0,'dFFlqvKh4kmVn5ow01BITx:APA91bGH9cbLgDK3i7FT3PAbMqHBj7_H53c93P6kl6jzwJDqiQPg_fVb2UNGzbqVkA0WweWpbQmawwj0EVbwsjGNg5EIyisqXK3wvQjlVIefTIvjsN-87QvRH1SJz5lUsBByz_D9B_Ij','ec1e7fb8656dba32737acabc2e5a1fb2d02a973f',NULL,NULL,NULL,1,NULL,'2022-10-03 23:58:18','2022-10-04 04:34:30'),
(458,1,'90868908861','connect!90868908861!conceptbar.info!001!63','1',NULL,NULL,'あやか','parad0x0522@gmail.com',NULL,1,'2022-10-05',0,'dwwmu4pxL0FNg5O7uXfTRo:APA91bFCk98Cvx8MI2Yewyd0t8BKTNDSLJCIT_yEgzU8kc0-7eaXbL5NKXrvuMHLQ2Ti5RSICGmrNlvRNI4gZxFGWr0ft8B8hZ3lxQfNxKQ73z_wP6OlBSbUOcQMWD_NRdPUttJPnjsz','3ae93ec21ca328bd7120f3b34986ddb3050fe052',NULL,NULL,NULL,1,NULL,'2022-10-05 22:46:53','2023-02-23 21:44:22'),
(459,1,'14674598985','connect!14674598985!conceptbar.info!001!66','1',NULL,NULL,'しぇいしぇい','tomi-123-gto@i.softbank.jp',NULL,1,'2022-10-06',0,'cIEAyq6BFk-PszSw38gv9o:APA91bHBHw-sBUc_hA7eCvo8s-vglnQskZy_rV8mUgnl4XM_d_t78pyObrPgBSEoK7xcJSWveoWYJF9BT0XJHqNHxRha5kPFy4QXM9-rIdclgVKn0xGWdjcag9aiMT7dbjkAH5EDqX_s','a8cb3d24b084d635c24588d08b99b0a97a32fdc4',NULL,NULL,NULL,1,NULL,'2022-10-06 10:51:28','2022-10-06 10:53:18'),
(460,1,'55336075201','connect!55336075201!conceptbar.info!001!37','1',NULL,NULL,'SEED','seed116x@gmail.com',NULL,1,'2022-10-07',0,'ckU8j_llR5qMM8sVRkNOz_:APA91bGH2Oq8JF9pFC_-SL3sPY3Lt5arrWj7phpvVJIk_EAOgvl0yhCXtcEFv7hEjY4zVW861A_EALjPZNysiL16w4e8kWxQ6Wb0PGbNYWsZqAsmhnRC_wlCNhE6bYByMv-L2BqREwov','b7f32cad319e393b643c12f587b8efb5ba7787aa',NULL,NULL,NULL,1,NULL,'2022-10-07 21:42:50','2022-10-08 13:26:17'),
(461,1,'86292721728','connect!86292721728!conceptbar.info!001!54','1',NULL,NULL,'へろねこ','heroneko77@gmail.com',NULL,1,'2022-10-08',0,'eK7QiIJJSiCmOFKlwcf8jP:APA91bG_k_s0s-FuMhr89erytL54qN9Zo4Z50pyfk5JgOY2VJFgMWSMRp2fo_bS5RZqPwI0vq7MxgcoyCqZ9ZiuDl5Npdmtss5_M36DHZ7Q7Mczpa2ukaXedAq3SGFuqvgpcyZ_J1qH4','17f5a918751733b89a5e8f27804506610b1cde15',NULL,NULL,NULL,1,NULL,'2022-10-08 23:03:07','2022-10-08 23:03:07'),
(462,1,'85867892628','connect!85867892628!conceptbar.info!001!69','1',NULL,NULL,'まぎ','6magi9@gmail.com',NULL,1,'2022-10-10',0,'eCeyOm5nR1KH6mN_bJQqSR:APA91bEGDT90ITxMTsDGl23uqzXXAP6UukmPT0WXFN1xJJz-PhyJ0J0gojhQuI_n0Ut_WRR3_dEUnElo31uKOEULqbmxkPSkbeJKvVQ0gT0zQukzySSa0zEvCcOycg6PuZ9oKQh2rEeh','71fadfa233b6d0f37c06b017b2eea48d6893cee7',NULL,NULL,NULL,1,NULL,'2022-10-10 18:01:46','2022-11-13 17:13:50'),
(463,1,'82992647313','connect!82992647313!conceptbar.info!001!54','1',NULL,NULL,'きーちゃん','2nd-5tep_51ra51ra1mu-mountain@au.com',NULL,1,'2022-10-11',0,'fQPMB3CLKEjWi_gkmb3ZIz:APA91bF75yQyZRZgT872SeMApQoOWxjLIfn04SMih8Pcg0I-5PC7DrzOQKKRE6hU2UFmXReittrxnkS6mcpzgLpuPvqy7S3vimAOvznLWDHQLLuUedBOvD7bcFHxktxm9BWTa3quyClF','6a31966814286fc9e53dc726962ef65ceb430656',NULL,NULL,NULL,1,NULL,'2022-10-11 12:45:39','2022-10-11 12:45:39'),
(464,1,'90931955061','connect!90931955061!conceptbar.info!001!48','1',NULL,NULL,'しゅんす','jd.abcde008@gmail.com',NULL,1,'2022-10-13',0,'fGKu09iXlEXzm4oAOPMuDR:APA91bH45mZRrjOu5Syf8mi6W0sbNhyQY34Q6FVJfzFzLmAaxygnvfvyycZ7TByKQQicccKJwKxcYMzrmjcqeTaeAGlaOxuR-CinWEhXL5KuCbHQ_YYdflwACfpAWFnfZ01Xk2gPzJIY','3526ce60c3e9bdcaae8e6532b4c399273243ad84',NULL,NULL,NULL,1,NULL,'2022-10-13 12:52:29','2022-10-13 12:52:29'),
(465,1,'45708969684','connect!45708969684!conceptbar.info!001!66','1',NULL,NULL,'すずこ','sugiyama902@gmail.com',NULL,1,'2022-10-13',0,'ck_LhzCsoEJBvyFsXD0zae:APA91bHkUzESfgbOsV4KKwhFfUK3ntJbW-schG8h5Ao3ys4bIoRI9pnvPT2VmC3cNv_0W8isIgoGV_Zjh1A_4OMkn6ZKCU5vEnRDPRNrKp0lN9KKuStMr9HCK5HuyGKFmRQLd_q1jrZo','a4b5fe5619a476029933827dd289bb209e09e206',NULL,NULL,NULL,1,NULL,'2022-10-13 17:18:28','2022-10-13 17:18:28'),
(466,1,'79252973338','connect!79252973338!conceptbar.info!001!58','1',NULL,NULL,'てらさか','terra_ena@hotmail.com',NULL,1,'2022-10-15',0,'dDbUtOtRrUGmssmg-Ydl-8:APA91bHVsmCix6HhelqdxF8dL4NXJ4ihUqqGx_zvAWNp4f3h7Ku1_-R1-Fn_zifSanMhLoVEZzSQX40YhvptauOOMqjeG6YZ6-MeQYosf8B1colycwhEYcUxB2BexuTt8PKfRQnQ-ryD','47630e3a228e87fdecf4a4725ff7433cdb7d7767',NULL,NULL,NULL,1,NULL,'2022-10-15 19:56:48','2022-10-15 19:56:48'),
(468,1,'77203841326','connect!77203841326!conceptbar.info!001!43','1',NULL,NULL,'ミヤギヒロユキ','hiroyuki@miya-gi.com',NULL,1,'2022-10-15',0,'fAZvP3g24kbIoi5I8imlUE:APA91bEepP2SntLaN2Iv7noOV_Y-H0Ln74-eLBLwww6E3siaC7asM27qIb_zePdgvPWtzntSBghFbmfN2dPKGcfS4IdPWgYweG_aQmM9h1YM3RI7t_wZ3VkRGYU8t2z7cG67XDhFPL9s','8a4ab1d117c51e0adf2f2512964d516f566b5b97',NULL,NULL,NULL,1,NULL,'2022-10-15 20:11:14','2022-10-15 21:23:12'),
(469,1,'40662518878','connect!40662518878!conceptbar.info!001!55','1',NULL,NULL,'ゆぅ♨️','udrz400ada@gmail.com',NULL,1,'2022-10-17',0,'fkZbiuhnSkgLt7TsiNwH_b:APA91bFYa21IyKkPWZ0qmd9-CPZK0eDyG1Y5_4Zr4QoM2wT97V79AHj6q0QmYd_6vKDAmicfrgrc945UVxM5UFhEvdZtnuuXf2wIbLgbMtlySz6f2IcEU3gHHB8gdkyavG-OItVUOOhf','ffa9570595618b3986d7790b709e62e4196a32d2',NULL,NULL,NULL,1,NULL,'2022-10-17 19:50:52','2022-10-17 19:50:52'),
(470,1,'99560498319','connect!99560498319!conceptbar.info!001!63','1',NULL,NULL,'チ','mkd1.hdin.kjhr@icloud.com',NULL,1,'2022-10-18',0,'cgqMqBoJwURVhCf85vEHg2:APA91bGb5Dkl4S5CtG1IS-gCE4j7oCTCSZuzEsV866tbdR78a-ye5kRdNdcftIfVNR3HFgM5yzfspPWqXOz_84f1KDCpvExfRMN3R6xhT6WPn3mlvjRr0plrZuu6MA0m2dXSbiTTfuEq','2048e9131f8d6af426f5880319db42d3fa04c631',NULL,NULL,NULL,1,NULL,'2022-10-18 18:45:20','2022-10-18 18:45:20'),
(471,2,'30683522989','connect!30683522989!riraku-kan.jp!002!55','1','test','test','test111','playbody2021+1@gmail.com',NULL,1,'2022-10-23',0,'c8JoP2jTRFq9JnCgHBaMR2:APA91bFMbf2rTe5GIXXqfU6JsMDs5L31hLczeHxDIZVQcx3uEAFYgOEtSRygdsvcpQQoThxyfzD-MjRjNA1yHb-S4YeXNcLdbTNTRfyLUYOy3rSO6BwjvN4_yoqTr19a6cCuRXpRF6S3','8cb2237d0679ca88db6464eac60da96345513964',NULL,NULL,NULL,1,NULL,'2022-10-23 02:58:26','2022-10-23 02:58:26'),
(472,1,'20801476174','connect!20801476174!conceptbar.info!001!40','1',NULL,NULL,'みこ','98530mico@i.softbank.jp',NULL,1,'2022-10-26',0,'d0z_0M2GJUFLr6DkvAbFLy:APA91bGHRj2cQsn1iqodmm2UCKNKuv8Jq0IiyGuIpW1hZLD_BqZtHLeCeGn5fxlCTnv5ncgelqEV7q8AvzmfJAMjBYEUL6G7t059ZsVmDDv-cuA5K06-ZpsJOXtTpntRXoieNTDSffKi','260ab89c6d70af659a86f0229fadc5dbe17b3e0a',NULL,NULL,NULL,1,NULL,'2022-10-26 19:39:04','2022-10-27 20:11:23'),
(473,4,'23347475041','connect!23347475041!libero-school.com!004!40','1','内藤','崇介','シュースケ','naito0728s@yahoo.co.jp',NULL,1,'2022-10-30',0,'cq9CJSoZVUZCszJRqJ_3oR:APA91bGBTYktyZXOqyXflDzCn6X48r-PmA8xG-4AWySqbmv8lQLP4HHDiFtpnKW63ToDh-dnX3H0EN9VpT1W2PM3lPKkb77RrjH1i8qVYcAHIyYyIn0fftk1haRLZ1yg592S5OWE0sPd','9d0a1c9b4f8f719990c1f150f66a4f930e7d7a91',NULL,NULL,NULL,1,NULL,'2022-10-30 23:47:40','2022-10-30 23:47:40'),
(474,1,'28734317582','connect!28734317582!conceptbar.info!001!50','1',NULL,NULL,'えもたん','emoshotakon@gmail.com',NULL,1,'2022-10-31',0,'e_W46L2R7Evhp_BGyNHlKE:APA91bFRzaAim9CJXO_JscH1mN5STiDdagkMzFBmPKwQInbwqGRCIwoAYQBsKMrI-8iZ90N-2efbFaa0o6rCHwl0iGoLTlWgJcKEibGcIMb2VsmP_See-hwAmBXiP9-mKRdvPRaBrrxd','7b3b4dc114e43cf3c53aecc110289a256bfd04c7',NULL,NULL,NULL,1,NULL,'2022-10-31 01:45:51','2022-10-31 01:45:51'),
(475,1,'25033175650','connect!25033175650!conceptbar.info!001!37','1',NULL,NULL,'みるく','quarto.fine@gmail.com',NULL,1,'2022-11-01',0,'dwVhMAPmTkGXszh2Q6WkYS:APA91bE0QqCDP19ma4DkIbpTQUr2n1w3ozXh-0l8P3yYXLwH6xVbNUiRmszXckaKvtRyclpRhceLqAvo6CGrgGIL7BsFoO2-DBTPVFh2z-HLdAWg9hlnu75LLdmdT3RjFSCwng2h0QXS','50f1b037781b529f0d754168482fef7d02b1cb90',NULL,NULL,NULL,1,NULL,'2022-11-01 21:46:42','2023-01-27 15:27:41'),
(476,1,'13641042653','connect!13641042653!conceptbar.info!001!35','1',NULL,NULL,'夕闇','radiant.road122@gmail.com',NULL,1,'2022-11-02',0,'el4gas0ERQ-oUk1DWy1UJZ:APA91bGwJRH2zNTXtSeahM-ONXBWAjLPzkhn4wfTPAfRf0423XW2RRoPJwHSkfRP6uoozI8xqmr3tzKcWDZ-LY-quHG-wFQDINsspcSDAI-G-WlUdaUfo72k6YvMtInGJcZeMHVjUYIX','7449f98080c5af1f50f24b50f2ea8e2e9c4ed340',NULL,NULL,NULL,1,NULL,'2022-11-02 06:10:02','2022-11-03 12:59:30'),
(477,2,'64907820463','connect!64907820463!riraku-kan.jp!002!49','1','テスター','たろう','あああ','celestie03@gmail.com',NULL,1,'2022-11-09',0,'eZpSKjCqTEi4hvMD-MYbZ2:APA91bGWF8BjWP1fs9wjZxtODRpJnXWIQxyJMjFpIjBXsqjEWqjuBjWHVpYPJGl9FVyST9P9gBveQ2a3AQV-x49bDBDN-iTUbqZIHUkpSYhq3WIFDsBMZWQ8PwxvHYWa7e0eR3A0gtFc','6216f8a75fd5bb3d5f22b6f9958cdede3fc086c2',NULL,NULL,NULL,1,NULL,'2022-11-09 13:38:01','2023-03-25 02:47:34'),
(481,1,'14775317964','connect!14775317964!conceptbar.info!001!54','1',NULL,NULL,'きんぐ','nozo_nissy0930@icloud.com',NULL,1,'2022-12-01',0,'f0vxT4vGbE3_hOLhj_FoPt:APA91bHcYLcJmWJ83o6HFqGmUke33scZ5cekbK3oVylbcsKAqCHwBCyZtdLT7a2h735BhN-xsvE4q1MpstwL0V_FaKhE9a_kkHURTH3_d3I9dD_vZrOmQpJ5KrTtwKcLeodJ_pId2hqa','fdc6a1c78e7048893e62724adf9a38f2506781f9',NULL,NULL,NULL,1,NULL,'2022-12-01 14:37:37','2022-12-01 14:37:37'),
(484,2,'38835957295','connect!38835957295!riraku-kan.jp!002!64','1','安井','梢','ジョゼ','k49angelo@docomo.ne.jp',NULL,2,'2022-12-13',0,'eK98AVpjs0ySrgmjYWiMmV:APA91bFbsW_24OXEjbz_4i9pulM6eZVGP3i5ZJKkFp40Le_d_g6-tyKrDxHR95C-nLLO4AHw05chLHE8YfPO7qyVbJJ9a2IdECbW79lf6vG6OHpbE-0x8ooh4LAybD1hljHTge1jQvv0','bc24bd09185c8fb0bbd6ef0986dc26432dfd20ac',NULL,NULL,NULL,1,NULL,'2022-12-13 13:48:09','2022-12-13 13:48:09'),
(485,2,'91688221574','connect!91688221574!riraku-kan.jp!002!53','1','安井','梢','ジョゼ','k49angelo@yahoo.co.jp',NULL,2,'2022-12-20',0,'eK98AVpjs0ySrgmjYWiMmV:APA91bFbsW_24OXEjbz_4i9pulM6eZVGP3i5ZJKkFp40Le_d_g6-tyKrDxHR95C-nLLO4AHw05chLHE8YfPO7qyVbJJ9a2IdECbW79lf6vG6OHpbE-0x8ooh4LAybD1hljHTge1jQvv0','bc24bd09185c8fb0bbd6ef0986dc26432dfd20ac',NULL,NULL,NULL,1,NULL,'2022-12-20 12:52:49','2022-12-20 13:22:44'),
(486,1,'70115383416','connect!70115383416!conceptbar.info!001!39','1',NULL,NULL,'けんた','kenta-0214-potehe@ezweb.ne.jp',NULL,1,'2022-12-22',0,'dFWRa13YQNimPkVpXX0f7Q:APA91bEsrejiHLVwyfMSWAcfGZNJbQMJVkJmjoi5Zy5AL8LavQocGn6rNyJXfS1oXLO4kzTE0tX9RYkT31MwNQmvbrpGdL0ZUV_os1le_J1nrok0ylaGliA1A5excqUj7BXATXZ_mzzb','55269a30340c3bfa1df50691b915159d975f7733',NULL,NULL,NULL,1,NULL,'2022-12-22 01:03:29','2022-12-25 14:08:48'),
(489,1,'64939321881','connect!64939321881!conceptbar.info!001!54','1',NULL,NULL,'ポんづ','k-123opq@hotmail.co.jp',NULL,1,'2023-01-19',0,'d0YjPXqARLKNS6wRbxscfM:APA91bEUxIwel0MDtpANR81RJ4yr5rtKMixLGcYPSDhzHki5aY6XmvEC5i5zm90Uj6RURXpwcZsiLsJJI0soMoLaU1cf3TBF2esplvenrpvX7P9UuZ5WdYwabNIjTom21aVle_4PfTUX','5a838f25a98241a34b0bf410ade3abba80ef650b',NULL,NULL,NULL,1,NULL,'2023-01-19 07:41:28','2023-01-19 07:41:28'),
(493,4,'12722604587','connect!12722604587!libero-school.com!004!44','1','Sheng','Ben','foxsoft','foxsoft1019@gmail.com',NULL,1,'2023-03-07',0,'cZnzDDBK8EJ5llpvpmE1bf:APA91bE6OEDgzUc-5pVhhTmBvc451KApTKBq8z4f2fzU35pXrIAmiOylysn_-zvlg0NYB3IqzMVpkEnkq5_6-TNKRjnSHXEUTgAosZvRuuYExehDIyOZKZHTqb39O_UTjZPwnYDvtfTQ','ada88d28b98a462abc07e0eda5e087838d6dc954',NULL,NULL,NULL,1,NULL,'2023-03-07 19:26:57','2023-04-22 03:19:34'),
(494,2,'59266785286','connect!59266785286!riraku-kan.jp!002!64','1','Sheng','Ben','foxsoft','foxsoft1019@gmail.com','123456789',1,'1990-10-19',0,'eZpSKjCqTEi4hvMD-MYbZ2:APA91bGWF8BjWP1fs9wjZxtODRpJnXWIQxyJMjFpIjBXsqjEWqjuBjWHVpYPJGl9FVyST9P9gBveQ2a3AQV-x49bDBDN-iTUbqZIHUkpSYhq3WIFDsBMZWQ8PwxvHYWa7e0eR3A0gtFc','ada88d28b98a462abc07e0eda5e087838d6dc954',NULL,NULL,NULL,1,NULL,'2023-03-08 01:21:05','2023-04-23 03:33:15'),
(495,4,'30021463593','connect!30021463593!libero-school.com!004!36','1','ジャクソン','ニコレット','ニッキー','nicky24jack@gmail.com',NULL,1,'2023-03-12',0,'d16MKXwiVU_hvYDfIi7GtA:APA91bE-69EBoWDF6XagzaOql3086sAMiRa-mz8HRkbo1aA8X7392LYsMDUD8RlIrwZYpoWJSBrdWKlaEMOW_ZoVQZxcYoGsTpjm2Z-PCC526HpB_22eJ1sHKY_kXX6RnQmaWxiO8M89','d027c36528c97abf8b2899a58d43aea4e6faabc5',NULL,NULL,NULL,1,NULL,'2023-03-12 10:54:14','2023-03-12 10:54:14'),
(496,1,'93592742165','connect!93592742165!conceptbar.info!001!53','1',NULL,NULL,'にし','nnishihhigashi@yahoo.co.jp',NULL,1,'2023-04-17',0,'eUR8SOj6QBe9IodJsSaiFF:APA91bHBhsxy6ZGuTsUxJ-JOB4hVVhDeXFpEVAdxnGshJZQUOQ-AROnWTYNCiFLiKhGwBaS7aC5J-HhrZtKOK2UeoGRxGYtPQVH8vxfgbvEfU8DQdeWetqnAha8NAEKHzpcD9DuDspS6','58f7ef8540f59d8b229dc2c6c544c05135646ff0',NULL,NULL,NULL,1,NULL,'2023-04-17 21:37:07','2023-04-17 22:55:57'),
(497,1,'73661735431','connect!73661735431!conceptbar.info!001!46','1',NULL,NULL,'うめP','ume48691130@ezweb.ne.jp',NULL,1,'2023-04-19',0,'esn87xLGSkeyvRxrfkqUMm:APA91bGhiBGnjlFkfkigr4Eb2HhaDu4mexs1tjpI8H_WUOTqes-6Oc8K443x0FGNGhJC1hyJavUgBp7qlyZQn5zQX-5omGlReIQjjEq9kVrXXm7QTFylyvC3gW8e1H2tsARHY_63UWZD','435c60c7d54f435ca455fedc79ff36c2b3c3ea2f',NULL,NULL,NULL,1,NULL,'2023-04-19 23:48:44','2023-04-19 23:48:44'),
(498,1,'66368662760','connect!66368662760!conceptbar.info!001!56','1',NULL,NULL,'樹','nachic480@gmail.com',NULL,1,'2023-04-23',0,'doQVFeWwx0rmo7V9i_gyMh:APA91bELZ7QUiyMh0SpXSKz3wl0AjuQNYHnyiVOCAl7Um1LFn8ltU8B4pthOt6o-sX8sV0HJ-5SvjEdbBnyOPPbzu1_ZsC-sjbWV4aI0Hh57oFmmnK5wjU11EQpt7hY22zAKCL6WdvNN','5372be4327a1d2d981769446e9e80cd20e979633',NULL,NULL,NULL,1,NULL,'2023-04-23 22:02:17','2023-04-23 22:02:17'),
(499,1,'48793245144','connect!48793245144!conceptbar.info!001!51','1',NULL,NULL,'え','kumataro0505@gmail.com',NULL,1,'2023-04-24',0,'fpiJA3j4UUzFrhqsqHuj4t:APA91bEJKMtEhqI3rDHxOs3wibU5jePvixCzwQVqzSJFn5TyUHWW7Y3a8HkfpqvZJ0GSZqZvhqGsZLz2gLhGgWS9aYtvJjBk890-QUI0aspo_27nUpjJ9nmJCQw8sTnrjKmTzYAMlsLV','d5b1f14974c5a2812eb291dfd91ee72aea6b8b40',NULL,NULL,NULL,1,NULL,'2023-04-24 09:57:35','2023-04-27 10:53:01');

/*Table structure for table `verify_codes` */

DROP TABLE IF EXISTS `verify_codes`;

CREATE TABLE `verify_codes` (
  `id` int(6) NOT NULL AUTO_INCREMENT,
  `company_id` int(6) DEFAULT NULL,
  `email` varchar(255) DEFAULT NULL,
  `code` varchar(255) DEFAULT NULL,
  `create_date` datetime DEFAULT NULL,
  `update_date` datetime DEFAULT NULL,
  PRIMARY KEY (`id`) USING BTREE
) ENGINE=InnoDB AUTO_INCREMENT=328 DEFAULT CHARSET=utf8 ROW_FORMAT=DYNAMIC;

/*Data for the table `verify_codes` */

insert  into `verify_codes`(`id`,`company_id`,`email`,`code`,`create_date`,`update_date`) values 
(2,2,'playbody2021@gmail.com','6133','2022-03-11 21:30:35','2022-08-26 22:59:08'),
(3,1,'playbody2021@gmail.com','5710','2022-03-13 00:33:26','2022-10-05 10:49:25'),
(4,4,'playbody2021@gmail.com','3912','2022-03-13 02:08:19','2022-03-13 02:08:19'),
(5,4,'flyflyerson@gmail.com','8587','2022-03-13 08:14:36','2022-03-13 08:15:53'),
(6,4,'flyflyerson.jp@gmail.com','6853','2022-03-13 08:21:56','2022-03-13 08:21:56'),
(7,4,'boracay.gpt12021@gmail.com','5379','2022-03-13 11:47:56','2022-03-13 11:47:56'),
(8,1,'testplayer@test.com','6756','2022-03-14 16:52:56','2022-06-19 18:47:17'),
(9,1,'tptptptptptptp0628@gmail.com','8116','2022-03-16 21:08:00','2022-03-16 21:08:00'),
(10,1,'sjhs@jagdj.com','7244','2022-03-19 21:12:04','2022-03-19 21:12:04'),
(11,1,'cless03@gmail.com','7689','2022-03-19 22:04:16','2022-03-19 22:04:16'),
(12,1,'make9zk@icloud.com','9693','2022-03-20 16:50:37','2022-03-20 16:50:37'),
(13,1,'newsnewsnews_0704xx@ezweb.ne.jp','2854','2022-03-20 17:39:53','2022-09-21 01:19:20'),
(14,1,'upxau.miiiii@gmail.com','9276','2022-03-20 20:16:26','2022-03-20 20:16:26'),
(15,2,'yamada@ascente.co.jp','7035','2022-03-21 15:10:49','2022-03-21 15:10:49'),
(16,2,'sekine.ascente@i.softbank.jp','7468','2022-03-21 20:48:23','2022-03-23 18:30:06'),
(17,2,'Sekine.ascente@SoftBank.jp','8099','2022-03-23 12:05:59','2022-03-23 12:05:59'),
(18,2,'cless03@gmail.com','2361','2022-03-26 10:43:51','2022-03-26 10:43:51'),
(19,4,' azunchu-58@i.softbank.jp','2524','2022-03-31 02:25:15','2022-03-31 02:25:27'),
(20,1,'celestie03@gmail.com','3574','2022-04-21 23:20:34','2022-04-21 23:20:34'),
(21,4,'gwgw2403@yahoo.do.jp','8110','2022-05-09 18:07:38','2022-05-09 18:07:38'),
(22,4,'gwgw2403@yahoo.co.jp','3958','2022-05-09 18:10:13','2022-05-09 18:10:47'),
(23,2,'rice10gohan@gmail.com','6814','2022-06-03 15:52:45','2022-06-03 16:33:04'),
(24,2,'jirowyjirowy@yahoo.ne.jp','9222','2022-06-03 17:22:48','2022-06-03 17:23:24'),
(25,2,'ychuantian59@gmail.com','1961','2022-06-04 12:15:16','2022-06-04 12:17:43'),
(26,4,'kokomilove.0301@gmail.com','8180','2022-06-18 21:28:09','2022-06-18 21:28:35'),
(27,1,'noid.1001@icloud.com','5421','2022-06-19 20:06:29','2022-06-19 20:06:29'),
(28,4,'eatoneast2022@gmail.com','8405','2022-06-27 18:39:37','2022-06-27 18:39:37'),
(29,2,'tomokaturyo9260@gmail.com','3983','2022-06-28 11:05:00','2022-06-28 11:09:53'),
(30,2,'s31040701@gmail.com','3788','2022-06-29 22:55:12','2022-06-29 22:56:58'),
(31,4,'sayacmluvpoyoxoxo@gmail.com','2904','2022-07-04 21:38:17','2022-07-04 21:38:17'),
(32,1,'reiga2002@icloud.com','5917','2022-07-06 07:36:39','2022-07-06 07:36:39'),
(33,4,'TestAccount','1680','2022-07-19 18:37:38','2022-07-19 18:38:02'),
(34,4,'mina37.1105k@icloud.com','7974','2022-08-01 17:58:57','2022-08-01 17:58:57'),
(35,4,'sumire.1130@icloud.com','3882','2022-08-01 18:15:40','2022-08-01 18:15:40'),
(36,4,'ks_tae1230@i.softbank.jp','9386','2022-08-01 18:21:31','2022-08-01 18:21:31'),
(37,4,'natsukinoadoresu@icloud.com','8503','2022-08-01 18:22:01','2022-08-01 18:22:01'),
(38,4,'smilehsw.happykid@au.com','9418','2022-08-01 18:25:22','2022-08-01 18:26:38'),
(39,4,'miyu.6001@icloud.com','7109','2022-08-01 18:27:57','2022-08-01 18:27:57'),
(40,4,'smilehsw.happykid@icloud.com','8191','2022-08-01 18:28:00','2022-08-01 18:28:00'),
(41,4,'kumashan0619@icloud.com','7895','2022-08-01 20:03:33','2022-08-01 20:03:33'),
(42,4,'e4r3i2ka@gmail.com','2242','2022-08-01 20:15:17','2022-08-01 20:15:17'),
(43,4,'@ibuki61355@gmail.com','3878','2022-08-01 20:16:07','2022-08-01 20:16:07'),
(44,4,'ibuki61355@gmail.com','7198','2022-08-01 20:17:33','2022-08-01 20:17:33'),
(45,4,'reika0421@disney.ne.jp','7331','2022-08-01 20:21:15','2022-08-01 20:21:15'),
(46,4,'mihomiho4536@i.softbank.jpみほ','4889','2022-08-01 21:54:31','2022-08-01 21:55:38'),
(47,4,'yuriyuri-1996.lily@i.softbank.jp','4698','2022-08-01 21:54:58','2022-08-01 21:54:58'),
(48,4,'mihomiho4536@i.softbank.jp','6985','2022-08-01 21:56:05','2022-08-01 21:56:05'),
(49,4,'ayunaogaki@gmail.com','5333','2022-08-01 21:56:07','2022-08-02 18:21:40'),
(50,4,'yoshie121316@gmail.com','8690','2022-08-02 17:52:34','2022-08-02 17:52:34'),
(51,4,'fukumimi0228@icloud.com','6158','2022-08-02 17:52:43','2022-08-02 17:52:43'),
(52,4,'momo1109hana@iCloud.com','5799','2022-08-02 17:52:51','2022-08-02 17:52:51'),
(53,4,'cynm-1130@ezweb.me.jp','5125','2022-08-02 17:53:33','2022-08-02 17:53:33'),
(54,4,' nsdcpo0103@yahoo.co.jp','6496','2022-08-02 17:54:27','2022-08-02 17:54:27'),
(55,4,'m_maiam_m@icloud.com','9907','2022-08-02 19:25:09','2022-08-02 19:25:09'),
(56,4,'sana03291237@au.com','8340','2022-08-02 19:25:24','2022-08-02 21:07:06'),
(57,4,'aichapi1208@gmail.com','1003','2022-08-02 19:33:29','2022-08-02 19:33:29'),
(58,4,'cynm-1130@ezweb.ne.jp','5522','2022-08-02 19:35:26','2022-08-02 19:51:32'),
(59,4,'mei3pu_kenpou1204@softbank.ne.jp','7653','2022-08-02 22:57:04','2022-08-02 22:57:04'),
(60,4,'tsu-ko245245@ezweb.ne.jp','1937','2022-08-03 00:15:12','2022-08-03 00:15:12'),
(61,1,'7110rina@gmail.com','5701','2022-08-07 01:19:34','2022-08-07 01:19:34'),
(62,4,'snhnbr618@gmail.com','9307','2022-08-09 20:51:35','2022-08-09 20:51:35'),
(63,4,'mickey2518sn@gmail.com','5400','2022-08-09 20:54:49','2022-08-09 20:55:02'),
(64,4,'riechuu7@gmail.com','3236','2022-08-09 21:10:31','2022-08-09 21:10:31'),
(65,4,'bts20130613@ezweb.ne.jp','2673','2022-08-09 21:10:34','2022-08-09 21:10:34'),
(66,4,'mana1011.mm@gmail.com','6836','2022-08-23 19:47:25','2022-08-23 19:47:25'),
(67,4,'bay-rum1119@docomo.ne.jp','9140','2022-09-02 19:59:49','2022-09-02 20:00:07'),
(68,1,'nyayu0000@docomo.ne.jp','1592','2022-09-03 20:23:24','2022-09-03 20:24:30'),
(69,1,'sapporo.y16@gmail.com','5081','2022-09-04 23:25:31','2022-09-04 23:25:38'),
(70,1,'kaifuku1214@gmail.com','5327','2022-09-05 13:55:19','2022-09-06 18:55:22'),
(71,1,'xxx.a1n2z.xxx@gmail.com','3229','2022-09-05 23:35:03','2022-09-05 23:35:03'),
(72,1,'supeiza1973@gmail.com','2871','2022-09-06 13:36:28','2022-09-06 13:36:43'),
(73,1,'oyakata.tera@gmail.com','7386','2022-09-06 13:36:44','2022-09-06 14:02:28'),
(74,1,'terarin5773@gmail.com','6173','2022-09-06 13:36:55','2022-09-06 13:36:55'),
(75,1,'hanyu-n.notokawai-yonoto@docomo.ne.jp','3453','2022-09-06 13:38:03','2022-09-06 13:38:17'),
(76,1,'Kogechanel96-96@au.com','5369','2022-09-06 13:38:44','2022-09-06 13:38:44'),
(77,1,'kaede.0422@ezweb.ne.jp','8850','2022-09-06 13:40:07','2022-09-06 13:40:21'),
(78,1,'airolg0@gmail.com','2203','2022-09-06 13:40:09','2022-09-06 13:40:09'),
(79,1,'hidden.many.eye.master@softbank.ne.jp','2676','2022-09-06 13:41:33','2022-09-06 13:41:52'),
(80,1,'yamakoyamap@gmail.com','8379','2022-09-06 13:45:27','2022-09-06 13:45:48'),
(81,1,'guzenoou.vipper@gmail.com','8954','2022-09-06 13:48:16','2022-09-06 13:48:16'),
(82,1,'remrinryo@gmail.com','6663','2022-09-06 13:52:45','2022-09-06 20:19:07'),
(83,1,'2858misogi@ezweb.ne.jp','2285','2022-09-06 13:53:21','2022-09-06 13:53:21'),
(84,1,'u009hkc6x2ehfrbycdtn@docomo.ne.jp','3921','2022-09-06 13:57:07','2022-09-06 13:57:36'),
(85,1,'yoomin1016＠gmail.com','7554','2022-09-06 13:57:24','2022-09-26 23:51:10'),
(86,1,'cotton8xo_candy@ezweb.ne.jp','3355','2022-09-06 13:58:15','2022-09-06 14:00:43'),
(87,1,'raita0907@gmail.com','3687','2022-09-06 13:59:55','2022-09-06 14:01:55'),
(88,1,'0zy03v207293w1s@ezweb.ne.jp','6005','2022-09-06 13:59:58','2022-09-06 13:59:58'),
(89,1,'abababachi22@gmail.com','8334','2022-09-06 14:04:18','2022-09-06 14:04:18'),
(90,1,'sakusakura7890@gmail.com','6491','2022-09-06 14:04:49','2022-09-06 14:04:49'),
(91,1,'aoihikari.beat@gmail.com','4808','2022-09-06 14:06:27','2022-09-06 14:06:27'),
(92,1,'poroart@icloud.com','4572','2022-09-06 14:07:24','2022-09-06 14:07:24'),
(93,1,'tikara1234@icloud.com','1193','2022-09-06 14:08:42','2022-09-06 14:08:42'),
(94,1,'baccano01200112@gmail.com','9437','2022-09-06 14:09:20','2022-09-06 14:09:20'),
(95,1,'xb5a2a28e738beW23YW@ymobile.ne.jp','6122','2022-09-06 14:12:57','2022-09-06 14:12:57'),
(96,1,'aokisyuri3333@icloud.com','5195','2022-09-06 14:23:45','2022-09-06 14:23:45'),
(97,1,'saitou09094322189@gmail.com','5737','2022-09-06 14:27:16','2022-09-06 14:27:16'),
(98,1,'loveandpeace1986-0914ai@docomo.ne.jp','2111','2022-09-06 14:32:56','2022-09-06 14:32:56'),
(99,1,'go_ya_chample@me.com','8862','2022-09-06 14:35:43','2022-09-06 14:35:43'),
(100,1,'luam_o06@yahoo.co.jp','8148','2022-09-06 14:46:15','2022-09-06 16:36:09'),
(101,1,'hasihiro51@gmail.com','6655','2022-09-06 14:54:33','2022-09-06 14:54:33'),
(102,1,'morisho-1191@au.com','3300','2022-09-06 15:00:53','2022-09-06 15:01:05'),
(103,1,'6magi9@gmail.com','3759','2022-09-06 15:02:34','2022-10-10 18:01:00'),
(104,1,'only-holy-story.t-s0225@docomo.ne.jp','2762','2022-09-06 15:07:34','2022-09-06 15:09:09'),
(105,1,'ah.txvg-1469.w-z-c.sfg@docomo.ne.jp','5677','2022-09-06 15:10:42','2022-09-06 15:10:42'),
(106,1,'828hayataku@gmail.com','9271','2022-09-06 15:14:53','2022-09-06 15:14:53'),
(107,1,'dream.come.true.1409@ezweb.ne.jp','7747','2022-09-06 15:16:09','2022-09-06 15:16:09'),
(108,1,'yuta9615119@au.com','2598','2022-09-06 15:17:14','2022-09-06 15:20:23'),
(109,1,'kingofpop.829@icloud.com','6784','2022-09-06 15:19:45','2022-09-06 15:20:26'),
(110,1,'buono910@gmail.com','9596','2022-09-06 15:22:26','2022-09-06 15:44:41'),
(111,1,'hamutofu@yahoo.co.jp','7998','2022-09-06 15:43:01','2022-09-06 15:43:01'),
(112,1,'p.i.s-1996@docomo.ne.jp','8966','2022-09-06 16:20:31','2022-09-06 16:20:31'),
(113,1,'h.kosuge@gmail.com','3018','2022-09-06 16:27:25','2022-09-07 15:44:02'),
(114,1,'whitesilosiro@gmail.com','1852','2022-09-06 16:28:02','2022-09-06 16:28:02'),
(115,1,'s.y.k.a.-310_go-go@i.softbank.jp','3590','2022-09-06 16:29:12','2022-09-06 16:29:38'),
(116,1,'shir0kuma.13g.mer@gmail.com','5570','2022-09-06 16:31:36','2022-09-06 16:31:36'),
(117,1,'kanard0121@gmail.com','6507','2022-09-06 16:53:11','2022-09-06 16:53:31'),
(118,1,'yunon1229@gmail.com','7880','2022-09-06 16:56:38','2022-09-06 16:57:29'),
(119,1,'nakamuramondo11@gmail.com','2154','2022-09-06 16:57:15','2022-09-06 16:57:15'),
(120,1,'yutok.0424@gmail.com','7753','2022-09-06 17:10:32','2022-09-06 17:10:32'),
(121,1,'kara.060842@gmail.com','8381','2022-09-06 17:21:09','2022-09-06 17:21:09'),
(122,1,'mai.arashi.sho-love@softbank.ne.jp','9389','2022-09-06 17:27:37','2022-09-06 17:30:11'),
(123,1,'kosumosuayane1147@gmail.com','4142','2022-09-06 17:46:45','2022-09-06 17:46:45'),
(124,1,'riririncyo@gmail.com','2093','2022-09-06 17:48:50','2022-09-06 17:48:50'),
(125,1,'yasu.0818@ezweb.ne.jp','3596','2022-09-06 17:51:26','2022-09-06 17:51:26'),
(126,1,'kudoskudos14@gmail.com','7228','2022-09-06 17:54:47','2022-09-06 17:54:47'),
(127,1,'the.death.march.twister@ezweb.ne.jp','5257','2022-09-06 18:03:37','2022-09-06 18:03:37'),
(128,1,'ryoma.judo0513@docomo.ne.jp','3602','2022-09-06 18:06:19','2022-09-06 18:06:44'),
(129,1,'arn.luvs2@gmail.com','5305','2022-09-06 18:07:02','2022-09-06 18:07:21'),
(130,1,'kevin07005959@gmail.com','7191','2022-09-06 18:09:27','2022-09-06 18:09:27'),
(131,1,'darthvader.t@docomo.ne.jp','7285','2022-09-06 18:14:53','2022-09-06 18:14:53'),
(132,1,'sakura-hiroppy.a@ezweb.ne.jp','3041','2022-09-06 18:18:15','2022-09-06 18:19:04'),
(133,1,'hybn77xzdk@icloud.com','7784','2022-09-06 18:24:15','2022-09-06 18:24:35'),
(134,1,'battlemode2027xxx@gmail.com','9659','2022-09-06 18:29:31','2022-09-06 18:29:31'),
(135,1,'crudo_banana@docomo.ne.jp','6082','2022-09-06 18:41:41','2022-09-06 18:43:21'),
(136,1,'riona8riona@icloud.com','4381','2022-09-06 18:52:36','2022-09-06 18:53:04'),
(137,1,'mumu.0126shin@gmail.com','8191','2022-09-06 18:53:26','2022-09-06 18:53:26'),
(138,1,'56cesk11@gmail.com','4299','2022-09-06 18:58:48','2022-09-06 18:58:48'),
(139,1,'nm7_9029@yahoo.co.jp','5375','2022-09-06 19:01:34','2022-09-07 12:22:23'),
(140,1,'black.masa_0822@softbank.ne.jp','6655','2022-09-06 19:25:03','2022-09-06 19:25:03'),
(141,1,'yukihirahurano777@gmail.com','6445','2022-09-06 19:51:48','2022-09-06 19:51:48'),
(142,1,'pl_a_k_n@yahoo.co.jp','9066','2022-09-06 19:51:54','2022-09-06 19:51:54'),
(143,1,'crazymint1217@rakumail.jp','8756','2022-09-06 20:10:20','2022-09-06 20:10:46'),
(144,1,'bigfootjaian@gmail.com','3940','2022-09-06 20:20:05','2022-09-06 20:20:23'),
(145,1,'iz5pzrrf@i.softbank.jp','1846','2022-09-06 20:20:26','2022-09-06 20:20:26'),
(146,1,'mypi.jp@gmail.com','8154','2022-09-06 20:22:48','2022-09-06 20:22:48'),
(147,1,'ysnr10@gmail.com','9613','2022-09-06 20:28:19','2022-09-06 20:28:39'),
(148,1,'kawakami-tatsuya@au.com','2687','2022-09-06 20:28:35','2022-09-06 20:28:35'),
(149,1,'deltawar85@gmail.com','4943','2022-09-06 20:37:04','2022-09-06 20:37:04'),
(150,1,'0fn38t573dv380w@gmail.com','6310','2022-09-06 20:42:03','2022-09-06 20:42:03'),
(151,1,'sa1992781@gmail.com','3505','2022-09-06 20:45:22','2022-09-06 20:46:41'),
(152,1,'mrcrush19@gmail.com','6489','2022-09-06 20:45:32','2022-09-06 20:45:32'),
(153,1,'manatsu460820@gmail.com','8792','2022-09-06 20:46:33','2022-09-06 20:46:33'),
(154,1,'pepepe_no_pe@vega.ocn.ne.jp','7864','2022-09-06 20:47:04','2022-09-06 20:47:04'),
(155,1,'end_less.kikurage@i.softbank.jp','2679','2022-09-06 20:51:30','2022-09-06 20:52:26'),
(156,1,'reimi.starremix@gmail.com','8451','2022-09-06 20:52:30','2022-09-06 20:53:52'),
(157,1,'shiga201@gmail.com','6803','2022-09-06 20:53:56','2022-09-06 20:54:48'),
(158,1,'2153017@stu.hus.ac.jp','8661','2022-09-06 21:09:35','2022-09-06 21:09:35'),
(159,1,'ske.nto@icloud.com','5036','2022-09-06 21:20:19','2022-09-06 21:20:19'),
(160,1,'hidex68k@gmail.com','3470','2022-09-06 21:22:42','2022-09-06 21:22:42'),
(161,1,'jea10us.kotom1@i.softbank.jp','9254','2022-09-06 21:32:14','2022-09-06 21:32:14'),
(162,1,'fantastic.k93@docomo.ne.jp','2388','2022-09-06 21:56:00','2022-09-06 21:57:03'),
(163,1,'shotanmini1023@ezweb.ne.jp','1419','2022-09-06 21:57:12','2022-09-06 21:57:12'),
(164,1,'pzu765@gmail.com','6448','2022-09-06 22:17:31','2022-09-06 22:17:31'),
(165,1,'yuki21825@gmail.com','1321','2022-09-06 22:37:43','2022-09-06 22:37:43'),
(166,1,'shishiodo4@gmail.com','1517','2022-09-06 22:40:58','2022-09-06 22:41:20'),
(167,1,'mr_elbu_base@yahoo.co.jp','1508','2022-09-06 23:38:31','2022-09-06 23:38:31'),
(168,1,'ozon-o3ymsst@ezweb.ne.jp','6618','2022-09-06 23:42:22','2022-09-06 23:42:22'),
(169,1,'muckey_0123@vesta.ocn.ne.jp','6251','2022-09-07 00:21:31','2022-09-07 00:56:13'),
(170,1,'ryukyuko@fuwamofu.com','1032','2022-09-07 00:46:44','2022-09-07 00:46:53'),
(171,1,'je-viens-donner-le-bonheur@docomo.ne.jp','2246','2022-09-07 00:48:39','2022-09-07 00:48:39'),
(172,1,'magic_academy8_start@yahoo.co.jp','3105','2022-09-07 00:56:24','2022-09-07 00:59:21'),
(173,1,'blanchul.delicious@gmail.com','1977','2022-09-07 01:01:24','2022-09-07 01:01:39'),
(174,1,'417.maomao@gmail.com','8111','2022-09-07 01:10:14','2022-09-07 01:12:24'),
(175,1,'playbody2021+1@gmail.com','3987','2022-09-07 03:24:18','2022-09-07 04:06:40'),
(176,1,'syuichik-p-o-q-@docomo.me.jp','7834','2022-09-07 03:55:24','2022-09-07 03:55:24'),
(177,1,'syuichik-p-o-q-@docomo.ne.jp','1736','2022-09-07 03:56:58','2022-09-07 03:56:58'),
(178,1,'pa6-guruguru-you@ezweb.ne.jp','4414','2022-09-07 05:38:03','2022-09-24 06:43:07'),
(179,1,'ahureru_namidaga_tomaranai@yahoo.co.jp','8163','2022-09-07 05:43:02','2022-09-07 05:43:02'),
(180,1,'nerune_chiru0126@i.softbank.jp','1461','2022-09-07 06:37:31','2022-09-07 06:37:31'),
(181,1,'kooki2673.mayo13ezweb.ne.jp','7313','2022-09-07 09:39:24','2022-09-07 09:39:24'),
(182,1,'sinhemawari@gmail.com','4891','2022-09-07 10:09:57','2022-09-07 10:09:57'),
(183,1,'tkbtk.1001@icloud.com','4179','2022-09-07 11:48:21','2022-09-07 11:48:38'),
(184,1,'hadukiyayoi@gmail.com','6441','2022-09-07 12:15:37','2022-09-07 12:19:36'),
(185,1,'beat99_@hotmail.com','9396','2022-09-07 12:22:35','2022-09-07 12:22:35'),
(186,1,'atori.rr@gmail.com','4051','2022-09-07 12:55:05','2022-09-07 12:55:05'),
(187,1,'densohokkaido1@gmail.com','6127','2022-09-07 12:59:14','2022-09-07 12:59:14'),
(188,1,'s.s-1701.new-one@docomo.ne.jp','7572','2022-09-07 13:37:08','2022-09-07 13:37:08'),
(189,1,'aaa@aaa.com','8370','2022-09-07 14:09:01','2022-09-07 14:09:01'),
(190,1,'alice_in_0320@docomo.ne.jp','4566','2022-09-07 14:40:54','2022-09-07 14:40:54'),
(191,1,'yousasa999@gmail.com','6343','2022-09-07 15:25:20','2022-09-07 15:25:20'),
(192,1,'kumakumaresutorann1999@ezweb.ne.jp','8011','2022-09-07 15:27:49','2022-09-07 15:27:49'),
(193,1,'chihiro.toranpo@dicomk.ne.jp','6773','2022-09-07 15:38:31','2022-09-07 15:39:17'),
(194,1,'yr622@au.com','5563','2022-09-07 15:47:12','2022-09-07 15:47:12'),
(195,1,'chihiro.toranpo@docomo.ne.jp','7847','2022-09-07 16:16:35','2022-09-07 16:16:40'),
(196,1,'kouhei1199@gmail.com','6151','2022-09-07 18:15:51','2022-09-07 18:16:06'),
(197,1,'s1p9a0r4k-pm@softbank.ne.jp','6716','2022-09-07 18:34:33','2022-09-07 18:34:33'),
(198,1,'starlight-twinphantom@ezweb.ne.jp','6613','2022-09-07 19:04:00','2022-09-07 19:04:17'),
(199,1,'kikupiiyo@gmail.com','8074','2022-09-07 19:07:31','2022-09-07 19:07:31'),
(200,1,'sssk81005@gmail.com','5337','2022-09-07 19:44:01','2022-09-07 19:44:26'),
(201,1,'T.missysk2.275@gmail.com','9311','2022-09-07 20:31:20','2022-09-07 20:31:20'),
(202,1,'spqm6bp9sty@gmail.com','1557','2022-09-07 20:44:34','2022-09-07 20:44:57'),
(203,1,'ranpipopu@icloud.com','3027','2022-09-07 21:43:22','2022-09-07 21:43:22'),
(204,1,'hkasai46@gmail.com','3481','2022-09-07 21:51:42','2022-09-07 21:51:42'),
(205,1,'ririfu-pa1005@docomo.ne.jp','3928','2022-09-07 23:15:22','2022-09-08 11:46:28'),
(206,1,'motio7000@gmail.com','7799','2022-09-08 01:03:05','2022-09-08 01:03:05'),
(207,1,'angel.foyzon@gmail.com','8554','2022-09-08 10:41:05','2022-09-08 10:54:11'),
(208,1,'camper03061225@gmail.com','7029','2022-09-08 12:01:19','2022-09-08 12:46:02'),
(209,1,'nishikawa.inc@gmail.com','7581','2022-09-08 12:24:03','2022-09-08 12:24:03'),
(210,1,'gee@labo6.com','7423','2022-09-08 13:15:52','2022-09-08 13:15:52'),
(211,1,'makito.k1060@gmail.com','4872','2022-09-08 17:23:34','2022-09-08 17:24:02'),
(212,1,'sam.415826@gmail.com','2802','2022-09-08 18:35:39','2022-09-08 18:37:45'),
(213,1,'y8l_s9-8g_z8y@docomo.ne.jp','8733','2022-09-08 18:57:59','2022-09-08 18:57:59'),
(214,1,'ore3200jp@gmail.com','4634','2022-09-08 19:25:14','2022-09-08 19:25:14'),
(215,1,'scarlet.com-1224@ezweb.ne.jp','4858','2022-09-09 02:20:55','2022-09-09 02:20:55'),
(216,1,'tomohikondritomanenn2000@yahoo.co.jp','4702','2022-09-09 14:41:42','2022-09-09 14:41:42'),
(217,1,'crrma7@gmail.com','2988','2022-09-09 17:23:44','2022-09-09 17:23:44'),
(218,1,'h_s_1122@yahoo.co.jp','6207','2022-09-09 17:53:39','2022-09-09 17:53:39'),
(219,1,'sato.bijiaka.jp@gmail.com','4179','2022-09-10 05:39:25','2022-09-10 05:39:25'),
(220,1,'pop-team-epick@softbank.ne.jp','4578','2022-09-10 18:06:11','2022-09-10 18:06:11'),
(221,1,'sid-mao.lo23@ezweb.ne.jp','9472','2022-09-10 20:24:00','2022-09-10 20:24:00'),
(222,1,'chiaro.88.aki@gmail.com','4062','2022-09-10 22:39:23','2022-09-10 22:39:23'),
(223,1,'shu.n.1006@i.softbank.jp','5583','2022-09-11 02:18:41','2022-09-11 02:19:03'),
(224,1,'maccori33@gmail.com','4013','2022-09-11 15:06:05','2022-09-11 15:06:25'),
(225,1,'sherpa-26_sa20@ezweb.ne.jp','7355','2022-09-13 05:09:51','2022-09-13 05:09:51'),
(226,1,'tohru513513@gmail.com','1553','2022-09-13 19:33:47','2022-09-13 19:33:47'),
(227,1,'kouki123_habit_girl@yahoo.co.jp','4229','2022-09-13 19:34:30','2022-09-13 22:37:21'),
(228,1,'ninoyan3312@docomo.ne.jp','9570','2022-09-13 20:13:34','2022-09-13 20:13:34'),
(229,1,'0mk4c006326136e@ezweb.ne.jp','9971','2022-09-13 20:24:51','2022-09-13 20:25:36'),
(230,1,'goushifarm-kawayuinsen@docomo.ne.jp','9567','2022-09-14 07:38:42','2022-09-14 07:39:50'),
(231,1,'goushifarm-kawayuonsen@docomo.ne.jp','2709','2022-09-14 07:41:19','2022-09-14 07:41:19'),
(232,1,'black.96da-pi2.delta@ezweb.ne.jp','6867','2022-09-14 14:56:28','2022-09-14 14:56:28'),
(233,1,'masa2k_mskk1518@yahoo.co.jp','7907','2022-09-14 22:50:19','2022-09-14 22:50:26'),
(234,1,'ayumi11712yuu@gmail.com','9057','2022-09-15 20:30:31','2022-09-15 20:30:31'),
(235,1,'crazy.0419-train@au.com','6251','2022-09-15 21:40:40','2022-09-15 21:40:40'),
(236,1,'sumusung@gmail. com','4107','2022-09-16 00:12:07','2022-09-16 00:12:07'),
(237,1,'sumusung@gmail.com','2982','2022-09-16 00:13:20','2022-09-16 00:14:16'),
(238,1,'ivutoki@gmail.com','6952','2022-09-16 12:24:20','2022-09-16 12:24:36'),
(239,1,'sizuku.teiruzu0706@icloud.com','5706','2022-09-16 12:35:15','2022-09-16 12:35:23'),
(240,1,'aitakez@iCloud.com','7333','2022-09-16 19:48:01','2022-09-16 19:48:14'),
(241,1,'eureka0715@gmail.com','8334','2022-09-16 19:52:13','2022-09-16 19:52:13'),
(242,1,'hasu.niboshi@gmail.com','1960','2022-09-16 20:40:50','2022-09-16 20:40:50'),
(243,1,'nami.ki.omochi@gmail.com','6328','2022-09-16 23:32:30','2022-09-16 23:32:30'),
(244,1,'yoomin1016@gmail.com','3193','2022-09-17 06:19:23','2022-09-17 06:19:23'),
(245,1,'ituki.fujii0402@gmail.com','7910','2022-09-17 07:05:12','2022-09-17 07:05:12'),
(246,1,'chanp-kf@docomo.ne.jp','8583','2022-09-18 00:42:13','2022-09-18 00:42:13'),
(247,1,'shio04107310@gmail.com','7536','2022-09-18 14:05:38','2022-09-18 14:05:38'),
(248,1,'tsukasa.kanno430@gmail.com','7614','2022-09-18 21:10:00','2022-09-18 21:10:00'),
(249,1,'hane3981gb@gmail.com','2388','2022-09-19 00:37:03','2022-09-19 00:37:03'),
(250,1,'chiyohiro3@gmail.com','4886','2022-09-19 11:03:13','2022-09-19 11:07:38'),
(251,1,'ysd.topop.911@gmail.com','4935','2022-09-20 00:59:14','2022-09-20 00:59:50'),
(252,1,'trash-word@hotmail.co.jp','3501','2022-09-20 15:58:42','2022-09-20 15:58:53'),
(253,1,'yama1nyannyan2@gmail.com','1826','2022-09-21 00:15:52','2022-09-21 00:15:52'),
(254,1,'h0804_newtype_bb@yahoo.co.jp','1001','2022-09-21 07:56:36','2022-09-21 07:57:38'),
(255,1,'gft16.ae86@gmail.com','5505','2022-09-21 12:51:05','2022-09-21 12:51:47'),
(256,1,'hina.20020924@gmail.com','5421','2022-09-22 14:15:26','2022-09-22 14:15:26'),
(257,1,'shu19991006@gmail.com','2109','2022-09-23 17:30:58','2022-09-23 17:30:58'),
(258,1,'shu19991006@gmail. com ','6464','2022-09-23 17:32:20','2022-09-23 17:36:04'),
(259,1,'ruugakusei@yahoo.co.jp','3032','2022-09-24 00:20:26','2022-09-24 00:20:26'),
(260,1,'moimoiboon.02@gmail.com','6526','2022-09-24 00:45:17','2022-09-24 00:45:17'),
(261,1,'aaa','7108','2022-09-24 14:14:21','2022-09-24 14:14:30'),
(262,1,'ja8965.nh@gmail.com','1575','2022-09-24 19:44:16','2022-09-26 23:36:26'),
(263,1,'3candytuft@gmail.com','1321','2022-09-25 00:43:07','2022-09-25 00:43:15'),
(264,1,'kaechii1027@gmail.com','2447','2022-09-25 00:44:28','2022-09-25 00:44:28'),
(265,1,'aa','1777','2022-09-25 20:25:45','2022-09-25 20:25:45'),
(266,1,'a','4665','2022-09-25 20:32:38','2022-09-25 22:47:32'),
(267,4,'a','1954','2022-09-25 21:13:16','2022-09-25 23:14:50'),
(268,1,'maa@misuzu-kyuso.co.jp','8685','2022-09-25 22:38:18','2022-09-25 22:38:18'),
(269,1,'1','1399','2022-09-25 22:43:32','2022-09-25 22:43:32'),
(270,2,'mg-5p@softbank.ne.jp','4263','2022-09-27 13:39:42','2022-09-27 13:39:42'),
(271,1,'flatmusic@icloud.com','6125','2022-09-28 20:03:28','2022-09-28 20:03:28'),
(272,1,'Kyary11kaho18@icloud.com','8293','2022-09-28 20:03:54','2022-09-28 20:03:54'),
(273,1,'maimai.o.0186@docomo.ne.jp','4951','2022-09-28 20:05:01','2022-09-28 20:05:36'),
(274,1,'psychedelic.1925@ezweb.ne.jp','9737','2022-09-28 20:05:26','2022-09-28 20:05:26'),
(275,1,'pawapuro.7878-202@au.com','1414','2022-09-28 21:46:40','2022-09-28 21:46:40'),
(276,1,'yuuk1ymy@gmail.com ','5563','2022-09-30 01:29:42','2022-09-30 01:29:42'),
(277,1,'kingof881@msn.com','9028','2022-09-30 18:05:51','2022-09-30 18:06:16'),
(278,1,'black.framedaz.crow@gmail.com','2555','2022-10-02 10:58:17','2022-10-02 10:58:17'),
(279,1,'dora-ryo-0903@docomo.ne.jp','7638','2022-10-02 21:37:08','2022-10-02 21:37:08'),
(280,1,'ethaneast2022@gmail.com','1894','2022-10-03 05:39:32','2022-10-03 05:39:32'),
(281,1,'playbody2021+2@gmail.com','8420','2022-10-03 11:52:31','2022-10-03 11:52:31'),
(282,1,'playbody2021+3@gmail.com','6248','2022-10-03 12:00:45','2022-10-03 12:00:45'),
(283,1,'nathannorth2005@gmail.com','2349','2022-10-03 23:57:59','2022-10-03 23:57:59'),
(284,1,'parad0x0522@gmail.com','6487','2022-10-05 22:46:33','2022-10-05 22:46:33'),
(285,1,'tomi-123-gto@i.softbank.jp','6760','2022-10-06 10:51:10','2022-10-06 10:51:10'),
(286,1,'seed116x@gmail.com','4861','2022-10-07 21:41:14','2022-10-07 21:42:20'),
(287,1,'heroneko77@gmail.com','1436','2022-10-08 22:55:54','2022-10-08 23:02:22'),
(288,1,'2nd-5tep_51ra51ra1mu-mountain@au.com','2806','2022-10-11 12:43:51','2022-10-11 12:45:21'),
(289,1,'jd.abcde008@gmail.com','1568','2022-10-13 12:52:13','2022-10-13 12:52:13'),
(290,1,'sugiyama902@gmail.com','8957','2022-10-13 17:18:04','2022-10-13 17:18:04'),
(291,1,'terra_ena@hotmail.com','5001','2022-10-15 14:44:37','2022-10-15 19:56:22'),
(292,1,'bigshutter@gmail.com','8619','2022-10-15 20:08:30','2022-10-15 20:08:30'),
(293,1,'hiroyuki@miya-gi.com','6928','2022-10-15 20:10:47','2022-10-15 20:10:47'),
(294,1,'udrz400ada@gmail.com','8833','2022-10-17 19:50:23','2022-10-17 19:50:23'),
(295,1,'mkd1.hdin.kjhr@icloud.com','5192','2022-10-18 18:44:01','2022-10-18 18:45:01'),
(296,2,'playbody2021+1@gmail.com','4470','2022-10-23 02:58:08','2022-10-23 02:58:08'),
(297,1,'98530@i.softbank.jp','3621','2022-10-26 19:37:11','2022-10-26 19:37:35'),
(298,1,'98530mico@i.softbank.jp','1528','2022-10-26 19:38:34','2022-10-26 19:38:48'),
(299,4,'naito0728s@yahoo.co.jp','2583','2022-10-30 23:47:17','2022-10-30 23:47:17'),
(300,1,'emoshotakon@gmail.com','3503','2022-10-31 01:45:39','2022-10-31 01:45:39'),
(301,1,'quarto.fine@gmail.com','3376','2022-11-01 21:46:22','2022-11-01 21:46:22'),
(302,1,'radiant.road122@gmail.com','1626','2022-11-02 06:08:36','2022-11-02 06:08:36'),
(303,2,'celestie03@gmail.com','6962','2022-11-09 13:37:46','2022-11-09 13:37:46'),
(304,1,'akirasunshine17@gmail.com','2972','2022-11-10 19:24:53','2022-11-10 19:24:53'),
(305,1,'makoto77ice@gmail.com','1945','2022-11-15 17:02:45','2022-11-15 17:02:45'),
(306,1,'t4388882@gmail.com','2684','2022-11-23 16:09:00','2022-11-23 16:09:18'),
(307,1,'t438882@gmail.com','1225','2022-11-23 16:12:21','2022-11-23 16:12:21'),
(308,1,'nozo_nissy0930@icloud.com','7161','2022-12-01 14:36:56','2022-12-01 14:36:56'),
(309,1,'akasakamk3@gmail.com','2094','2022-12-09 16:00:41','2022-12-09 16:01:01'),
(310,1,'syuuya.shiho@gmail.com','8593','2022-12-12 21:30:59','2022-12-12 21:30:59'),
(311,2,'k49angelo@docomo.ne.jp','8907','2022-12-13 13:47:05','2022-12-13 13:47:44'),
(312,2,'k49angelo@yahoo.co.jp','7264','2022-12-20 12:52:00','2022-12-20 12:52:12'),
(313,1,'kenta-0214-potehe@ezweb.ne.jp','8024','2022-12-22 01:03:13','2022-12-22 01:03:13'),
(314,1,'rinaharu21@gmail.com','8994','2022-12-25 08:44:39','2022-12-25 08:44:39'),
(315,1,'chance-and-fate@i.softbank.jp','7601','2023-01-16 04:58:12','2023-01-16 04:58:12'),
(316,1,'k-123opq@hotmail.co.jp','6206','2023-01-19 07:41:02','2023-01-19 07:41:02'),
(317,1,'www.crown-v8@docomo.ne.jp','9059','2023-01-23 03:18:24','2023-01-23 03:19:16'),
(318,1,'q2y1fze14tsvfbe0c7sf@docomo.ne.jp','8883','2023-01-25 18:28:57','2023-01-25 18:28:57'),
(319,1,'ume48691130@ezweb.ne.jp','1068','2023-01-26 22:51:44','2023-04-19 23:48:21'),
(320,4,'nicky24jack@gmail.com','9534','2023-02-25 02:15:59','2023-03-12 10:53:57'),
(321,1,'foxsoft1019@gmail.com','6371','2023-03-06 14:36:29','2023-03-06 14:36:29'),
(322,4,'foxsoft1019@gmail.com','6858','2023-03-07 19:26:24','2023-03-07 19:26:24'),
(323,2,'foxsoft1019@gmail.com','1506','2023-03-08 01:20:32','2023-03-08 01:20:32'),
(324,1,'babsiaj','6169','2023-04-17 13:32:04','2023-04-17 13:32:04'),
(325,1,'nnishihhigashi@yahoo.co.jp','5131','2023-04-17 21:36:10','2023-04-17 21:36:37'),
(326,1,'nachic480@gmail.com','2242','2023-04-23 22:02:00','2023-04-23 22:02:00'),
(327,1,'kumataro0505@gmail.com','1274','2023-04-24 09:57:24','2023-04-24 09:57:24');

/*!40101 SET SQL_MODE=@OLD_SQL_MODE */;
/*!40014 SET FOREIGN_KEY_CHECKS=@OLD_FOREIGN_KEY_CHECKS */;
/*!40014 SET UNIQUE_CHECKS=@OLD_UNIQUE_CHECKS */;
/*!40111 SET SQL_NOTES=@OLD_SQL_NOTES */;
